restaurant_id,restaurant_name,owner_name,city_id,cuisine_type,opening_time,closing_time,average_rating,total_reviews,commission_rate,is_active
1,"Choudhury, Bakshi and Maharaj Restaurant",Udant Dewan,41,South Indian,08:00:00,23:30:00,3.6,1848,17.09,0
2,"Chaudry, Chahal and Sami Restaurant",Ayushman Chander,44,Punjabi,10:00:00,22:00:00,4.2,280,15.45,0
3,Kaul PLC Restaurant,Rushil Saini,15,Mughlai,10:00:00,22:00:00,4.1,4484,21.29,1
4,Sen PLC Restaurant,Abeer Dutta,38,Fast Food,08:00:00,22:00:00,4.4,2807,19.17,0
5,"Sami, Oak and Mall Restaurant",Tanveer Nayar,49,Pizza,08:00:00,22:00:00,3.8,2960,27.71,1
6,Chanda Group Restaurant,Jagrati Padmanabhan,3,Punjabi,09:00:00,23:30:00,3.2,3120,16.18,1
7,"Lalla, Bassi and Sharaf Restaurant",Kritika Brar,41,Maharashtrian,09:00:00,23:30:00,3.4,589,15.69,0
8,"Memon, Pathak and Handa Restaurant",Chakradev Kari,50,Fast Food,08:00:00,22:00:00,4.7,3133,19.17,1
9,Buch-Kaul Restaurant,Lajita Mall,11,Pizza,09:00:00,22:00:00,4.3,604,24.14,0
10,Patla-Gaba Restaurant,Isha Kadakia,35,Punjabi,08:00:00,22:00:00,3.9,2231,29.84,0
11,"Loke, Bora and Garg Restaurant",Nihal Shere,44,Pizza,08:00:00,22:00:00,4.6,2604,21.02,0
12,Madan-Kanda Restaurant,Daksh Karnik,14,Street Food,10:00:00,23:30:00,3.6,4109,20.93,1
13,Mutti Group Restaurant,Dominic Kakar,10,Fast Food,08:00:00,22:00:00,4.5,4435,18.94,1
14,"Murty, Kala and Tata Restaurant",Tara Dhar,38,Burger,09:00:00,22:00:00,5.0,1153,22.64,0
15,Dewan-Koshy Restaurant,Priya Rastogi,49,North Indian,08:00:00,22:00:00,4.3,3478,23.95,1
16,Kanda-Devi Restaurant,Gavin Batta,25,Maharashtrian,09:00:00,23:30:00,3.5,4552,27.91,0
17,Dua Ltd Restaurant,Pahal Bhatt,44,Punjabi,08:00:00,23:30:00,4.8,2205,26.53,1
18,Raj-Sidhu Restaurant,Advay Contractor,8,Fast Food,09:00:00,22:00:00,3.9,2177,29.58,0
19,"Yadav, Loke and Oak Restaurant",Chaaya Saran,33,Street Food,08:00:00,23:30:00,3.6,4178,24.13,0
20,Setty Inc Restaurant,Xiti Gokhale,24,Cafe,08:00:00,23:30:00,4.9,4364,28.78,1
21,"Cherian, Misra and Tripathi Restaurant",Michael Prakash,32,North Indian,08:00:00,23:00:00,4.8,2539,18.59,0
22,Zacharia PLC Restaurant,Ekiya Suresh,37,South Indian,08:00:00,23:30:00,4.0,586,29.67,0
23,Choudhury LLC Restaurant,Wriddhish Bhardwaj,9,Gujarati,09:00:00,23:30:00,3.3,4342,28.09,1
24,Brar Inc Restaurant,Ekapad Walia,14,Street Food,10:00:00,23:30:00,4.4,2573,20.98,1
25,Dave Ltd Restaurant,Noah Lanka,29,Street Food,10:00:00,23:00:00,3.2,1860,15.96,0
26,"Sampath, Kakar and Zacharia Restaurant",Devika Rastogi,38,Mughlai,08:00:00,23:30:00,3.4,601,25.62,0
27,"Prakash, Sarma and Varughese Restaurant",Jai Kota,15,South Indian,08:00:00,23:00:00,3.1,1969,19.18,1
28,Bhatt LLC Restaurant,Victor Kannan,14,Mughlai,08:00:00,23:30:00,4.9,4697,23.64,0
29,Bobal Ltd Restaurant,Veer Bir,31,Cafe,09:00:00,22:00:00,3.2,3551,20.31,1
30,Narayanan Inc Restaurant,Arya Sunder,30,Desserts,10:00:00,22:00:00,4.3,826,15.91,1
31,Zacharia and Sons Restaurant,Xavier Solanki,7,Italian,08:00:00,22:00:00,4.1,1168,21.33,1
32,Gupta-Chandra Restaurant,Raagini Pandya,30,Italian,08:00:00,23:00:00,4.6,4528,16.47,0
33,Roy-Sibal Restaurant,Guneet Bhat,6,Street Food,08:00:00,22:00:00,3.8,3963,18.21,1
34,Nori-Chopra Restaurant,Rehaan Gupta,4,Chinese,09:00:00,22:00:00,5.0,2192,28.9,1
35,"Sen, Dey and Sami Restaurant",Arya Shere,19,Burger,10:00:00,23:30:00,5.0,4572,24.93,1
36,Borra Group Restaurant,Chandresh Zachariah,10,Italian,09:00:00,22:00:00,4.9,4764,26.04,0
37,Chander and Sons Restaurant,Niharika Sunder,48,Pizza,08:00:00,22:00:00,4.2,4139,28.79,0
38,Kala-Rattan Restaurant,Nitesh Raghavan,4,Mughlai,08:00:00,22:00:00,3.1,576,25.13,0
39,Ramakrishnan LLC Restaurant,Bhavika Sampath,26,South Indian,10:00:00,22:00:00,4.2,345,24.29,1
40,"Sur, Dubey and Gupta Restaurant",Teerth Bhardwaj,43,Maharashtrian,10:00:00,23:30:00,3.6,2156,18.06,1
41,"Bhat, Murthy and Bhandari Restaurant",Vansha Thakkar,16,Fast Food,09:00:00,22:00:00,4.3,2477,21.86,0
42,"Dugar, Bhandari and Trivedi Restaurant",Quincy Biswas,1,Biryani,10:00:00,23:30:00,5.0,620,23.06,1
43,"Bir, Keer and Raval Restaurant",Yatin Baral,9,Street Food,09:00:00,22:00:00,4.8,3047,19.27,1
44,"Bumb, Saini and Virk Restaurant",Advika Jayaraman,35,Punjabi,09:00:00,23:30:00,5.0,4353,15.12,1
45,"Murthy, Khare and Lanka Restaurant",Karan Mital,43,South Indian,08:00:00,23:00:00,3.2,896,26.14,0
46,Mutti-Bora Restaurant,Tara Chaudhry,18,Fast Food,10:00:00,22:00:00,4.4,1687,25.31,1
47,Yogi and Sons Restaurant,Kevin Palla,33,Biryani,09:00:00,22:00:00,3.2,3489,27.44,0
48,Konda LLC Restaurant,Nakul Sarma,1,Pizza,08:00:00,23:30:00,5.0,1343,26.12,1
49,"Mittal, Wadhwa and Anand Restaurant",Hemang Desai,36,North Indian,08:00:00,22:00:00,4.9,1241,23.18,1
50,D’Alia-Chhabra Restaurant,Anita Manda,38,Mughlai,08:00:00,23:00:00,3.3,2545,20.47,0
51,"Kade, Oza and Jani Restaurant",Yashasvi Suresh,23,Italian,10:00:00,22:00:00,4.3,2917,26.7,1
52,Behl-Chanda Restaurant,Aradhana Basu,40,Punjabi,08:00:00,22:00:00,4.7,1470,28.22,0
53,Nath and Sons Restaurant,Neel Sathe,12,Punjabi,09:00:00,23:00:00,4.6,2052,19.0,0
54,"Sane, Andra and Choudhury Restaurant",Manthan Banik,25,Desserts,08:00:00,23:00:00,3.4,3790,20.24,0
55,Divan-Sani Restaurant,Benjamin Morar,15,North Indian,10:00:00,22:00:00,3.8,2302,27.97,1
56,Baral-Parmar Restaurant,Zaid Chauhan,23,Gujarati,10:00:00,23:00:00,4.4,4412,19.97,0
57,Ray-Dubey Restaurant,Nicholas Goel,8,Street Food,09:00:00,22:00:00,4.2,2194,15.57,1
58,Bakshi-Gola Restaurant,Nisha Kothari,23,Punjabi,09:00:00,23:00:00,4.2,4209,16.73,0
59,Dutta-Chokshi Restaurant,Balvan Singhal,17,North Indian,10:00:00,23:00:00,3.0,4430,25.3,0
60,Iyengar Group Restaurant,Dalaja Kari,24,Burger,08:00:00,23:30:00,4.8,2591,24.95,0
61,Bajwa Ltd Restaurant,Mohini Narasimhan,47,Street Food,09:00:00,23:30:00,3.6,3365,19.89,1
62,Boase-Mallick Restaurant,Yashodhara Ratta,36,Chinese,08:00:00,23:00:00,4.3,3125,25.16,0
63,"Yadav, Narula and Bala Restaurant",Advika Gokhale,40,Maharashtrian,09:00:00,23:00:00,4.1,23,19.56,0
64,"Lanka, Barad and Chopra Restaurant",Hemani Murthy,28,Cafe,10:00:00,23:30:00,4.3,3829,21.63,0
65,Vaidya-D’Alia Restaurant,Ranveer Kumar,33,Biryani,10:00:00,22:00:00,4.3,2344,22.73,1
66,Sarin Inc Restaurant,Januja Sankar,6,Desserts,08:00:00,23:30:00,3.6,1651,17.21,0
67,Narayanan PLC Restaurant,Jeet Mital,16,Biryani,10:00:00,22:00:00,3.9,4735,17.92,1
68,"More, Rege and Narain Restaurant",Chakrika Datta,32,Burger,08:00:00,22:00:00,4.3,65,28.39,0
69,Salvi Ltd Restaurant,Owen Mitra,50,Burger,08:00:00,22:00:00,4.6,4263,21.97,0
70,Acharya-Modi Restaurant,Shivansh Sani,8,Biryani,08:00:00,23:00:00,4.3,4598,23.93,1
71,"Nagy, Shroff and Sathe Restaurant",Tanay Vaidya,40,Desserts,10:00:00,23:30:00,3.9,4508,21.69,0
72,Gara-Chad Restaurant,Yutika Nayak,48,Desserts,09:00:00,23:00:00,3.5,2045,27.6,1
73,Keer Ltd Restaurant,Umang Issac,50,Cafe,10:00:00,23:00:00,4.3,2269,21.6,1
74,Bakshi Inc Restaurant,Vaishnavi Bora,16,Fast Food,09:00:00,23:00:00,4.8,680,17.08,0
75,Sachdeva-Hayer Restaurant,Warda Ratta,25,Punjabi,08:00:00,23:30:00,3.4,3418,21.11,1
76,Divan Ltd Restaurant,Hredhaan Sandal,27,North Indian,08:00:00,23:00:00,3.8,4804,29.19,0
77,Goda Ltd Restaurant,Chandresh Krish,49,Maharashtrian,09:00:00,23:00:00,3.0,2901,19.48,1
78,Shan and Sons Restaurant,Edhitha Savant,27,Mughlai,10:00:00,23:30:00,4.1,4961,28.47,1
79,"Thaman, Sandhu and Sehgal Restaurant",Vaishnavi Sengupta,15,Fast Food,09:00:00,23:00:00,3.1,2773,25.03,1
80,Kota-Malhotra Restaurant,William Maharaj,47,Chinese,09:00:00,22:00:00,5.0,4395,15.4,1
81,Brahmbhatt-Mangal Restaurant,Anita Nayak,38,Maharashtrian,10:00:00,22:00:00,3.2,3531,17.04,1
82,Zachariah-Buch Restaurant,Matthew Kashyap,12,North Indian,09:00:00,23:00:00,3.7,3744,19.9,1
83,Dua-Kala Restaurant,Oeshi Reddy,18,Cafe,09:00:00,23:00:00,4.7,3872,15.29,0
84,Shukla-Sagar Restaurant,Samuel Salvi,23,Italian,10:00:00,22:00:00,4.6,349,26.31,0
85,Bahri-Rai Restaurant,Abeer Pandey,13,Desserts,08:00:00,23:30:00,3.3,1054,22.1,0
86,Ramakrishnan-Saini Restaurant,Vinaya Kanda,37,Italian,09:00:00,23:30:00,3.5,3041,17.52,0
87,Sarin-Sunder Restaurant,Lopa Nayar,50,Desserts,08:00:00,23:00:00,3.2,230,28.93,1
88,"Ravel, Gandhi and Sibal Restaurant",Avi Ramesh,26,Punjabi,08:00:00,22:00:00,4.2,2009,16.53,1
89,"Bala, Chacko and Sangha Restaurant",Triya Gopal,44,Maharashtrian,08:00:00,23:30:00,4.6,2864,22.99,1
90,Lad Group Restaurant,Siddharth Sha,5,Mughlai,10:00:00,23:00:00,3.0,3461,27.33,0
91,Nazareth-Raghavan Restaurant,Oviya Krishnan,28,Pizza,10:00:00,23:00:00,4.4,3587,17.64,1
92,Singhal Inc Restaurant,Inaya Kapur,40,Cafe,10:00:00,23:00:00,3.9,4873,19.03,0
93,"Biswas, Baria and Balasubramanian Restaurant",Ryan Bahri,6,Fast Food,09:00:00,22:00:00,4.5,4688,24.15,1
94,"Dua, Khare and Date Restaurant",Ishwar Kamdar,22,North Indian,09:00:00,23:00:00,3.4,1757,20.32,1
95,Kunda-Pillay Restaurant,Ishwar Gade,22,Fast Food,10:00:00,23:30:00,4.8,4573,15.15,0
96,Chokshi-Bal Restaurant,Keya Ranganathan,6,Italian,10:00:00,23:00:00,4.0,1988,25.36,1
97,"Issac, Borra and Kibe Restaurant",Charvi Dara,29,Cafe,08:00:00,22:00:00,3.6,3332,25.38,1
98,"Barman, Palan and Walia Restaurant",Kamala Biswas,43,Maharashtrian,09:00:00,23:00:00,4.1,2836,21.38,1
99,"Om, Arora and Salvi Restaurant",Hitesh Sant,23,Punjabi,09:00:00,23:00:00,3.6,1908,16.81,0
100,Sharaf-Dua Restaurant,Patrick Vig,21,South Indian,10:00:00,23:30:00,4.9,1536,17.87,1
101,"Madan, Yohannan and Sule Restaurant",Rajata Loyal,18,Punjabi,10:00:00,23:30:00,4.2,843,27.49,1
102,Korpal-Chadha Restaurant,Shravya Kohli,15,Pizza,08:00:00,23:00:00,3.0,4395,16.9,0
103,Raghavan-Nayar Restaurant,Warda Nair,4,Mughlai,09:00:00,23:30:00,4.9,4041,16.54,0
104,Sura and Sons Restaurant,Aarna Oak,37,Fast Food,09:00:00,23:00:00,3.9,1530,29.48,1
105,Majumdar-Anne Restaurant,Frederick Khurana,31,South Indian,08:00:00,23:00:00,4.0,4746,24.44,0
106,"Ray, Suresh and Khosla Restaurant",Vritti Sem,10,Chinese,10:00:00,23:00:00,3.2,2053,16.78,1
107,Chander LLC Restaurant,Nidhi Kohli,39,Maharashtrian,10:00:00,22:00:00,4.6,3136,21.76,1
108,Pillay-Solanki Restaurant,Pavani Narayanan,20,Desserts,10:00:00,23:00:00,3.6,513,24.14,0
109,Setty-Madan Restaurant,Zayan Kashyap,49,Italian,10:00:00,22:00:00,3.5,685,17.36,0
110,Hans LLC Restaurant,Qasim Handa,36,South Indian,08:00:00,22:00:00,3.8,4884,22.05,0
111,Sule LLC Restaurant,Harish Hari,15,Fast Food,10:00:00,23:00:00,4.4,3739,16.07,0
112,Karan-Patel Restaurant,Chasmum Atwal,17,Cafe,10:00:00,23:30:00,4.3,1640,21.38,0
113,"Walla, Date and Mahal Restaurant",Chatura Master,42,Chinese,09:00:00,22:00:00,3.1,1379,26.89,1
114,"Date, Swaminathan and Chauhan Restaurant",Bhavani Singh,29,South Indian,09:00:00,23:30:00,3.6,3317,29.14,1
115,Sastry-Oak Restaurant,Charan Krishnan,29,South Indian,10:00:00,22:00:00,4.8,2660,24.06,0
116,Comar-Bhattacharyya Restaurant,Vyanjana Borah,6,Italian,10:00:00,23:30:00,4.2,189,29.99,1
117,"Bera, Doshi and Dixit Restaurant",Frederick Kothari,37,North Indian,08:00:00,23:00:00,4.0,3642,28.74,0
118,Saha PLC Restaurant,Lajita Seshadri,38,Burger,10:00:00,23:00:00,4.9,3870,20.22,1
119,Mishra-Sanghvi Restaurant,Darpan Chaudhary,21,Gujarati,08:00:00,22:00:00,3.7,4078,19.32,1
120,Kakar LLC Restaurant,Naksh Khatri,49,Mughlai,08:00:00,23:00:00,3.2,2087,19.85,1
121,Borde and Sons Restaurant,Nilima Seshadri,33,Desserts,08:00:00,23:30:00,4.7,3804,21.2,0
122,"Singhal, Manne and Bali Restaurant",Bhavya Mandal,34,Pizza,10:00:00,23:00:00,4.3,442,18.05,0
123,"Setty, Bobal and Kaur Restaurant",Rudra Sandal,19,Biryani,10:00:00,23:00:00,3.2,1980,25.65,1
124,Kar Ltd Restaurant,Amaira Dhar,36,North Indian,10:00:00,23:00:00,3.2,949,21.92,0
125,Bhasin and Sons Restaurant,Bhavya Sarna,42,Desserts,08:00:00,23:00:00,4.9,2410,22.63,1
126,Sidhu Ltd Restaurant,Neha Magar,27,Desserts,09:00:00,23:00:00,3.5,4535,17.17,0
127,"Zacharia, Tak and Sarma Restaurant",Balveer Sankaran,39,Mughlai,10:00:00,22:00:00,4.7,2283,26.59,1
128,"Naidu, Krishna and Bal Restaurant",Veer Bail,22,Street Food,10:00:00,23:00:00,4.6,2337,25.89,1
129,"Luthra, Baria and Gill Restaurant",Zilmil Sathe,10,Biryani,10:00:00,23:00:00,3.7,4541,26.44,1
130,Golla-Sarin Restaurant,Gavin Singhal,30,Street Food,09:00:00,22:00:00,5.0,1976,23.58,0
131,Rege-Nath Restaurant,Henry Dyal,50,Burger,08:00:00,23:00:00,4.5,3143,20.79,0
132,Sabharwal-Tandon Restaurant,Nandini Bansal,32,North Indian,08:00:00,23:30:00,4.9,2739,28.05,1
133,Chakrabarti-Murty Restaurant,Ekiya D’Alia,7,Mughlai,09:00:00,22:00:00,4.4,3378,28.06,0
134,Varkey-Agarwal Restaurant,Odika Bhagat,5,Biryani,09:00:00,23:00:00,4.2,3276,24.75,1
135,Vasa LLC Restaurant,Riya Behl,44,Desserts,10:00:00,23:00:00,4.9,4017,28.09,0
136,Loke PLC Restaurant,Bhavna Sarma,40,South Indian,08:00:00,23:30:00,4.4,2374,29.96,0
137,"Sundaram, Dara and Balakrishnan Restaurant",Nathan Mukhopadhyay,28,South Indian,10:00:00,23:30:00,4.7,3654,17.5,1
138,"Atwal, Reddy and Chander Restaurant",Ishaan Shenoy,2,North Indian,09:00:00,22:00:00,3.6,3090,21.46,0
139,Dube Group Restaurant,Yashodhara Mahajan,34,Burger,10:00:00,23:30:00,4.6,1412,17.63,1
140,Subramanian-Sodhi Restaurant,Tanmayi Dhillon,40,Gujarati,08:00:00,23:00:00,4.8,1192,18.48,1
141,Halder-Trivedi Restaurant,Ekaraj Majumdar,30,Fast Food,10:00:00,22:00:00,4.8,3831,28.52,0
142,Oak-Tripathi Restaurant,Aarnav Mandal,5,Biryani,09:00:00,23:30:00,3.6,3495,25.35,1
143,"Misra, Suri and Dixit Restaurant",Veda Pai,20,Italian,09:00:00,23:00:00,3.2,3144,23.58,1
144,Purohit-Shah Restaurant,Ranbir Khare,45,Fast Food,08:00:00,23:30:00,3.8,86,23.49,0
145,"Rajagopal, Kaur and Roy Restaurant",Eesha Solanki,39,Punjabi,09:00:00,23:00:00,4.6,1905,24.11,1
146,"Raj, Raju and Doshi Restaurant",Balhaar Date,15,Gujarati,08:00:00,23:30:00,3.5,1140,24.42,0
147,"Narula, Chaudhry and Sarraf Restaurant",Tanmayi Aurora,20,Cafe,09:00:00,22:00:00,4.2,1096,16.35,1
148,"Dhawan, Rout and Dubey Restaurant",Upasna Lanka,21,Punjabi,09:00:00,22:00:00,3.4,4438,28.15,1
149,Rao-Buch Restaurant,Lajita Nadig,34,Mughlai,09:00:00,22:00:00,3.5,3967,29.51,1
150,"Sura, Banik and Biswas Restaurant",Bhavna Karan,48,Desserts,09:00:00,22:00:00,3.9,636,17.11,0
151,"Chana, Saraf and Chaudhari Restaurant",Sachi Ganesan,44,Punjabi,10:00:00,23:00:00,4.9,4585,20.49,1
152,"Mistry, Balakrishnan and Batra Restaurant",Daksh Memon,1,Fast Food,10:00:00,22:00:00,3.9,2167,23.77,1
153,Prasad-Sankar Restaurant,Yash Wali,7,Gujarati,08:00:00,23:00:00,3.1,4619,19.92,0
154,Gole-Garde Restaurant,Farhan Raja,42,South Indian,10:00:00,23:00:00,4.8,2495,24.74,0
155,"Khosla, Tank and Dhar Restaurant",Triya Kumar,9,North Indian,08:00:00,23:00:00,5.0,971,16.46,0
156,Kumer-Andra Restaurant,Bhavna Dugar,25,Biryani,09:00:00,23:30:00,4.9,4445,21.29,0
157,Sathe LLC Restaurant,Panini Krishna,27,Gujarati,08:00:00,23:00:00,4.2,2311,15.49,1
158,Mittal-Issac Restaurant,Vasudha Chhabra,14,Biryani,09:00:00,22:00:00,4.7,833,29.71,1
159,Raj PLC Restaurant,Chakrika Merchant,35,Street Food,10:00:00,23:00:00,3.1,2280,17.85,0
160,Randhawa LLC Restaurant,Chandran Taneja,30,South Indian,10:00:00,22:00:00,4.3,4911,29.57,0
161,Karpe-Pandey Restaurant,Ranveer Krishna,22,Italian,08:00:00,23:30:00,3.4,4560,18.11,0
162,"Devan, Chatterjee and Baral Restaurant",Ridhi Bandi,15,Pizza,08:00:00,23:30:00,3.0,1205,29.81,1
163,"Patla, Deep and Chana Restaurant",Eta Sagar,12,South Indian,10:00:00,22:00:00,3.3,2954,26.85,0
164,Iyer and Sons Restaurant,Yachana Mahajan,38,Pizza,08:00:00,22:00:00,3.5,1058,26.13,0
165,Kurian Group Restaurant,Hamsini Contractor,48,South Indian,09:00:00,23:00:00,4.6,4224,23.9,1
166,Borra-Dhaliwal Restaurant,Mekhala Pau,33,Italian,10:00:00,22:00:00,4.5,4291,19.52,0
167,Rana Inc Restaurant,Jatin Sha,4,Biryani,09:00:00,23:00:00,4.4,4036,25.69,1
168,Lala-Raj Restaurant,Hritik Kaur,5,Street Food,08:00:00,23:00:00,4.2,558,16.89,1
169,Bakshi-Narang Restaurant,Dev Shetty,25,Maharashtrian,10:00:00,23:00:00,3.9,4979,21.45,0
170,"Mittal, Rege and Dada Restaurant",Chakradev Barad,42,Gujarati,10:00:00,23:30:00,4.7,3543,21.77,0
171,Tailor-D’Alia Restaurant,Wahab Yogi,27,Pizza,09:00:00,23:00:00,3.8,798,19.69,1
172,Rama Group Restaurant,Oni Dubey,43,Fast Food,09:00:00,22:00:00,4.4,3905,16.01,0
173,Chaudhary-Suri Restaurant,Ati Bali,6,Burger,08:00:00,23:30:00,4.5,1085,23.35,1
174,"Prabhakar, Kalla and Sawhney Restaurant",Warinder Patil,43,South Indian,09:00:00,23:00:00,4.7,3484,28.02,0
175,Pillai PLC Restaurant,Darsh Rao,19,Maharashtrian,09:00:00,23:00:00,3.2,4176,18.19,1
176,Gupta-Das Restaurant,Gavin Kala,15,Desserts,08:00:00,23:00:00,4.7,3031,16.72,1
177,"Bail, Bedi and Nath Restaurant",Jeremiah Jha,37,Italian,09:00:00,23:30:00,4.9,4580,15.39,1
178,Johal PLC Restaurant,Viraj Narasimhan,2,Chinese,09:00:00,23:30:00,4.5,2803,20.27,0
179,Agate LLC Restaurant,Kalpit Zachariah,10,Maharashtrian,10:00:00,23:00:00,3.1,271,16.38,0
180,Ghosh-Choudhary Restaurant,Karan Aurora,25,Burger,09:00:00,23:00:00,3.3,2572,25.82,0
181,Khanna-Naik Restaurant,Owen Lanka,4,Chinese,08:00:00,23:30:00,3.1,688,19.08,1
182,Date Ltd Restaurant,Ishaan Bhatt,32,Maharashtrian,09:00:00,23:00:00,3.5,4217,16.71,1
183,Sen-Pathak Restaurant,Siya Thakur,8,Fast Food,10:00:00,23:30:00,4.2,4336,25.01,0
184,Bassi Ltd Restaurant,Tara Balasubramanian,15,Burger,10:00:00,22:00:00,3.0,2489,29.18,0
185,Srinivas Group Restaurant,Hritik Swaminathan,49,Fast Food,09:00:00,23:00:00,3.2,4094,26.21,0
186,"Sawhney, Borah and Buch Restaurant",Manbir Bhatti,9,Burger,10:00:00,23:30:00,3.5,4597,27.5,1
187,Maharaj PLC Restaurant,Lakshmi Wali,5,Burger,10:00:00,22:00:00,3.9,3786,28.82,1
188,Setty-Tiwari Restaurant,Hardik Contractor,37,Burger,10:00:00,23:00:00,4.4,3441,19.34,1
189,"Kale, Sani and Seth Restaurant",Odika Nori,2,Pizza,08:00:00,23:30:00,3.9,2984,16.32,0
190,Rastogi-Sagar Restaurant,Dhriti Sane,16,Burger,10:00:00,23:00:00,4.0,3262,28.06,1
191,Kumer-Prasad Restaurant,Urvi Bhavsar,15,Pizza,08:00:00,22:00:00,4.0,954,22.96,0
192,Chada Inc Restaurant,Gopal Pradhan,50,Pizza,09:00:00,23:30:00,4.9,1229,18.54,0
193,Bhasin PLC Restaurant,Jason Roy,17,Italian,08:00:00,23:30:00,3.3,637,17.66,1
194,Sampath-Behl Restaurant,Devika Pandey,30,Cafe,10:00:00,23:30:00,3.9,4644,24.64,1
195,Tripathi and Sons Restaurant,Vasatika Kapur,41,Pizza,08:00:00,23:00:00,3.1,3642,24.47,1
196,Palla PLC Restaurant,Ishwar Mallick,38,North Indian,09:00:00,23:30:00,3.1,3802,21.78,0
197,"Kara, Sanghvi and Bal Restaurant",Ayush Gole,24,Desserts,09:00:00,22:00:00,4.3,759,24.23,1
198,More-Nori Restaurant,Abeer Golla,30,Maharashtrian,10:00:00,23:30:00,4.8,3704,28.64,0
199,Rattan Inc Restaurant,Azaan Chand,21,Maharashtrian,09:00:00,23:30:00,3.3,526,21.76,1
200,"Wali, Kale and Puri Restaurant",Sudiksha Om,46,South Indian,10:00:00,23:30:00,3.3,2049,25.61,1
201,Pingle LLC Restaurant,Frado Ben,34,Mughlai,10:00:00,22:00:00,3.7,2337,20.81,1
202,Dugar PLC Restaurant,Finn Magar,44,Maharashtrian,08:00:00,23:30:00,4.3,559,19.95,1
203,Samra-Sunder Restaurant,Oeshi Mahajan,19,Fast Food,10:00:00,23:30:00,4.9,4957,28.1,1
204,Vala Inc Restaurant,Qushi Choudhry,6,Maharashtrian,10:00:00,22:00:00,4.8,2561,29.52,1
205,Sur-Vyas Restaurant,Chakradev Kannan,9,Maharashtrian,10:00:00,22:00:00,3.6,3105,24.65,1
206,Bhakta-Amble Restaurant,Charvi Kakar,9,Gujarati,10:00:00,23:30:00,5.0,4332,16.4,1
207,Kumer LLC Restaurant,Jagdish Amble,33,Pizza,08:00:00,23:00:00,3.6,1774,20.13,1
208,Sani-Gill Restaurant,Lajita Walia,13,Italian,08:00:00,22:00:00,3.2,848,22.62,0
209,"Karpe, Tella and Pandya Restaurant",Mekhala Basak,43,Pizza,10:00:00,22:00:00,4.2,1283,17.43,0
210,Bahl-Sharaf Restaurant,Dhriti Sanghvi,47,Biryani,08:00:00,23:00:00,3.7,1965,29.54,1
211,"Ravel, Sahni and Mann Restaurant",Nidhi Bail,49,Punjabi,09:00:00,22:00:00,4.1,2555,29.48,1
212,Garg-Sharma Restaurant,Gaurang Sarkar,13,Pizza,10:00:00,23:30:00,5.0,3802,26.54,1
213,Kohli Group Restaurant,Farhan Randhawa,33,Mughlai,09:00:00,22:00:00,4.6,4973,17.08,1
214,Nori-Kant Restaurant,Om Bose,4,Gujarati,09:00:00,23:00:00,4.1,860,25.67,0
215,"Comar, Wali and Uppal Restaurant",Ikshita Panchal,19,South Indian,08:00:00,23:00:00,3.9,4225,17.21,1
216,"Divan, Keer and Chauhan Restaurant",Aahana Hora,6,Street Food,08:00:00,23:00:00,4.8,238,21.22,1
217,Dua Ltd Restaurant,Peter Tak,33,Pizza,08:00:00,23:00:00,5.0,3091,18.37,1
218,Sen-Naidu Restaurant,Matthew Sarraf,7,Desserts,10:00:00,23:30:00,3.7,1216,17.06,1
219,Singh Group Restaurant,Anvi Bhalla,31,Punjabi,08:00:00,23:30:00,3.9,63,28.59,0
220,Tripathi-Borah Restaurant,Triya Seth,17,Italian,08:00:00,23:30:00,4.9,4343,21.35,1
221,Bhandari LLC Restaurant,Faraj Chana,16,Fast Food,08:00:00,22:00:00,3.5,3764,15.94,1
222,"Tripathi, Rajagopalan and Shere Restaurant",Shivani Guha,39,Mughlai,08:00:00,23:30:00,4.0,2001,25.78,1
223,Soni-Thaker Restaurant,David Seshadri,28,North Indian,10:00:00,23:00:00,3.5,3432,17.81,0
224,Oza Ltd Restaurant,Yamini Gera,34,Pizza,08:00:00,23:30:00,4.1,4178,23.31,1
225,Kota Ltd Restaurant,Reva Viswanathan,31,North Indian,10:00:00,23:00:00,5.0,2097,26.21,1
226,"Dutt, Patla and Pradhan Restaurant",Lila Rege,5,Pizza,08:00:00,23:30:00,4.3,869,26.57,1
227,Ben-Natt Restaurant,Forum Chandra,9,North Indian,09:00:00,23:30:00,3.7,1454,27.46,1
228,"Raju, Mander and Krishnan Restaurant",Gauri Bumb,45,Biryani,10:00:00,22:00:00,4.6,536,25.74,1
229,"Dhaliwal, Palla and Mukherjee Restaurant",Kai Chad,3,Fast Food,08:00:00,22:00:00,4.6,363,19.73,1
230,Puri-Narasimhan Restaurant,Girik Sampath,33,Burger,10:00:00,23:00:00,3.5,1585,19.29,0
231,"Pathak, Badami and Patil Restaurant",Pranit Kala,42,Pizza,09:00:00,22:00:00,4.6,3599,28.34,1
232,Sunder-Handa Restaurant,Laksh Dubey,25,Pizza,08:00:00,23:00:00,4.4,3029,28.86,1
233,Merchant Inc Restaurant,Gayathri Deep,6,Punjabi,09:00:00,22:00:00,3.9,1498,23.18,1
234,"Puri, Dube and Gaba Restaurant",Noah Sarma,7,South Indian,09:00:00,23:30:00,3.6,3672,24.04,1
235,Roy LLC Restaurant,Sachi Mane,11,Punjabi,09:00:00,23:00:00,3.9,2908,24.22,1
236,"Sen, Kaur and Walla Restaurant",Dayamai Singh,18,Gujarati,08:00:00,22:00:00,4.3,3347,20.45,0
237,Pillai Ltd Restaurant,Triya Manda,2,Chinese,10:00:00,23:30:00,4.6,305,16.89,0
238,Thakkar-Wable Restaurant,Neel Iyengar,50,Gujarati,09:00:00,23:00:00,3.8,4666,15.49,0
239,"Devi, Krishna and Ben Restaurant",Kamya Chauhan,44,Biryani,09:00:00,23:00:00,3.9,649,23.61,1
240,"Varty, Dash and Mane Restaurant",Naveen Mahajan,26,Pizza,10:00:00,23:00:00,3.5,949,15.39,0
241,Varghese-Din Restaurant,Gavin Kapadia,32,Mughlai,09:00:00,23:30:00,3.2,2152,25.56,0
242,Palla-Bala Restaurant,Chatresh Randhawa,40,Fast Food,10:00:00,23:00:00,3.4,1131,27.79,1
243,"Prakash, Keer and Raju Restaurant",Kavya Kapur,12,Street Food,10:00:00,23:00:00,5.0,2638,25.02,0
244,Nagar Inc Restaurant,Madhav Devan,36,Mughlai,09:00:00,23:00:00,4.7,1446,26.91,0
245,Mangat Group Restaurant,Upasna Sen,8,Italian,08:00:00,22:00:00,4.6,235,20.41,1
246,"Ahluwalia, Buch and Bahl Restaurant",Tanveer Doctor,30,Cafe,10:00:00,22:00:00,4.2,726,15.99,1
247,"Wable, Sampath and Choudhry Restaurant",Wazir Mitra,46,Punjabi,09:00:00,23:30:00,3.8,3374,27.35,0
248,Batta and Sons Restaurant,Tanvi Bhatnagar,9,Pizza,10:00:00,22:00:00,3.9,4258,20.17,0
249,Tata PLC Restaurant,Yutika Khurana,50,Chinese,09:00:00,23:30:00,4.8,473,27.47,0
250,"Dhawan, Manne and Sanghvi Restaurant",Ira Khosla,20,Chinese,08:00:00,23:00:00,4.9,1867,20.19,1
251,"Saha, Grover and Chada Restaurant",Ekansh Vora,6,Fast Food,08:00:00,23:30:00,4.9,2268,16.88,1
252,"Tripathi, Tripathi and Bahri Restaurant",Upma Bassi,40,Mughlai,08:00:00,23:30:00,4.3,4868,29.12,0
253,"Ram, Prakash and Kulkarni Restaurant",Ishanvi Bir,11,Gujarati,10:00:00,23:30:00,4.8,2785,27.64,0
254,Khosla-Chawla Restaurant,Kiaan Basu,2,South Indian,08:00:00,23:30:00,4.5,2188,24.77,1
255,Nigam-Gill Restaurant,Varenya Gopal,40,Gujarati,08:00:00,23:00:00,4.8,4489,19.35,1
256,Bhatnagar Ltd Restaurant,Balhaar Memon,31,Italian,10:00:00,23:00:00,3.6,617,25.33,0
257,Bassi and Sons Restaurant,Diya Mukherjee,29,Burger,09:00:00,23:00:00,3.4,4989,17.16,1
258,"Rao, Solanki and Kulkarni Restaurant",Rayaan Mangal,47,Desserts,09:00:00,23:00:00,3.3,3055,22.72,0
259,Batta-Narula Restaurant,Jeet Pillai,21,Italian,09:00:00,22:00:00,3.5,2050,17.11,0
260,Ratta-Sarraf Restaurant,Harinakshi Grover,19,Burger,10:00:00,23:00:00,3.5,1328,27.2,1
261,Tank-Pillai Restaurant,Fitan Samra,13,Cafe,08:00:00,23:00:00,5.0,3844,22.48,1
262,Sani PLC Restaurant,Chaaya Nagi,32,North Indian,08:00:00,23:00:00,4.0,1992,18.23,1
263,Buch LLC Restaurant,Damini Sehgal,4,North Indian,09:00:00,23:00:00,4.2,3875,19.29,0
264,"Sandhu, Ganesan and Sawhney Restaurant",Sanya Basak,7,Burger,08:00:00,23:00:00,4.5,3323,20.49,1
265,"Pandit, Saran and Maharaj Restaurant",Falan Ravi,4,Maharashtrian,10:00:00,22:00:00,3.7,2384,16.1,1
266,Varghese-Dutta Restaurant,Luke Sarma,49,Mughlai,09:00:00,23:30:00,4.4,993,16.93,0
267,Date Inc Restaurant,Jeevika Pathak,26,Pizza,09:00:00,23:30:00,4.9,1201,17.99,1
268,Bali-Dube Restaurant,Kamala Prabhu,33,North Indian,08:00:00,22:00:00,3.3,2748,27.06,1
269,Bose-Devan Restaurant,Mitali Murthy,10,Maharashtrian,10:00:00,22:00:00,3.7,2629,17.44,1
270,"Mallick, Krish and Comar Restaurant",Quincy Tata,38,Pizza,10:00:00,23:30:00,4.1,4631,19.5,0
271,"Ram, Dalal and Lala Restaurant",Sanaya Kala,24,Pizza,10:00:00,22:00:00,5.0,4801,19.62,0
272,"Mangal, Swaminathan and Iyengar Restaurant",Krishna Borah,39,Biryani,09:00:00,23:30:00,4.6,4758,23.66,0
273,Gera-Saxena Restaurant,Ekaja Palan,38,Biryani,08:00:00,23:30:00,4.3,3134,17.22,0
274,"Bhattacharyya, Mannan and Mital Restaurant",Owen Pathak,3,Maharashtrian,10:00:00,22:00:00,3.4,3632,19.71,0
275,"Kapur, Dara and Iyer Restaurant",Warjas Tak,27,Punjabi,08:00:00,23:00:00,4.0,3883,28.09,0
276,Patel PLC Restaurant,Unni Dayal,46,Chinese,10:00:00,22:00:00,4.1,3938,22.88,1
277,"Chadha, Bhatti and More Restaurant",Varenya Vora,12,Biryani,10:00:00,23:00:00,4.1,2185,24.15,0
278,Rout-Borah Restaurant,Edhitha Borah,16,Fast Food,10:00:00,23:00:00,3.4,2458,26.57,0
279,Shukla-Varughese Restaurant,Kabir Gopal,45,Punjabi,09:00:00,23:00:00,4.0,4611,29.01,1
280,Sant PLC Restaurant,Jeet Vasa,19,South Indian,10:00:00,23:30:00,4.1,3252,27.28,0
281,Modi and Sons Restaurant,Ekantika Kar,19,North Indian,09:00:00,23:30:00,3.2,3643,24.84,1
282,Venkataraman-Mander Restaurant,Zashil Hegde,14,Italian,10:00:00,23:00:00,4.9,2245,17.06,0
283,"Maharaj, Dass and Mitter Restaurant",Yadavi Ganguly,16,North Indian,10:00:00,23:30:00,3.5,1927,15.79,1
284,"Dube, Garg and Nazareth Restaurant",Ayush Bumb,22,Punjabi,09:00:00,22:00:00,4.4,1146,15.08,0
285,Lanka Ltd Restaurant,Omaja Balasubramanian,27,Gujarati,09:00:00,23:00:00,4.3,2373,19.82,0
286,Mann-Mittal Restaurant,Yash Ravi,50,South Indian,10:00:00,23:30:00,3.5,325,28.7,0
287,Setty-Bora Restaurant,Nakul Sarraf,27,Street Food,08:00:00,22:00:00,5.0,3272,26.82,0
288,Sule-Shetty Restaurant,Harini Dhawan,48,Desserts,09:00:00,22:00:00,3.0,4672,24.04,1
289,Nagar-Pai Restaurant,Kalpit Prabhakar,19,Biryani,10:00:00,23:30:00,4.0,1119,27.77,1
290,"Cherian, Nagar and Khurana Restaurant",Jason Loke,18,Italian,08:00:00,23:00:00,3.3,3779,24.72,0
291,Kota-Dhaliwal Restaurant,Chandresh Mannan,1,Punjabi,09:00:00,23:00:00,4.1,1602,17.63,1
292,Sahota-Kothari Restaurant,Falak Munshi,28,Mughlai,09:00:00,22:00:00,3.8,801,17.77,0
293,Dutta Group Restaurant,Wishi Morar,31,Pizza,08:00:00,22:00:00,3.5,1949,21.7,1
294,Bajaj-Chana Restaurant,Yashasvi Shankar,22,Fast Food,10:00:00,23:30:00,4.1,2162,24.81,0
295,Kale PLC Restaurant,Chanakya Bedi,4,Gujarati,08:00:00,23:00:00,3.6,3341,25.29,1
296,Talwar-Singhal Restaurant,Abhiram Chokshi,45,South Indian,10:00:00,23:00:00,3.7,1829,18.29,0
297,Desai-Lalla Restaurant,Neha Pau,31,Chinese,09:00:00,23:30:00,5.0,3080,21.24,1
298,Rattan Inc Restaurant,Janani Mani,49,Mughlai,10:00:00,22:00:00,4.5,4900,28.1,0
299,Raju PLC Restaurant,Ati Dani,34,Biryani,10:00:00,23:30:00,3.7,4641,16.68,0
300,Chatterjee Group Restaurant,Harinakshi Pau,37,Mughlai,08:00:00,22:00:00,3.7,4282,21.63,0
301,Issac PLC Restaurant,Xiti Baria,46,Maharashtrian,09:00:00,22:00:00,4.8,3669,27.13,1
302,Barad and Sons Restaurant,Urvi Venkataraman,9,Mughlai,09:00:00,23:00:00,4.1,4597,21.94,1
303,Dixit-Varma Restaurant,Falak Nagar,47,North Indian,09:00:00,23:00:00,4.6,1805,23.67,0
304,Ramaswamy PLC Restaurant,Gayathri Tripathi,28,Pizza,10:00:00,22:00:00,4.1,513,29.02,0
305,"Walia, Suri and Mistry Restaurant",Anay Pillay,31,North Indian,09:00:00,23:00:00,3.4,1129,26.49,1
306,Choudhary-Saha Restaurant,Avi Som,24,Street Food,09:00:00,23:00:00,4.7,3112,20.63,0
307,Kari-Behl Restaurant,Onkar Viswanathan,42,Desserts,09:00:00,22:00:00,3.4,4421,20.9,0
308,"Rai, Divan and Kibe Restaurant",Imaran Halder,47,Italian,08:00:00,22:00:00,5.0,3812,25.1,1
309,Sastry LLC Restaurant,Max Sachar,35,Burger,08:00:00,22:00:00,3.9,1290,19.13,0
310,"Jani, Roy and Thaker Restaurant",David Devi,3,Cafe,10:00:00,23:00:00,4.2,148,18.61,0
311,"Johal, Nair and Sridhar Restaurant",Dipta Ghose,7,Maharashtrian,08:00:00,23:00:00,4.2,418,18.67,0
312,Walia-Oommen Restaurant,Aishani Sule,26,Biryani,08:00:00,23:30:00,3.4,482,17.1,1
313,Koshy LLC Restaurant,Umang Mishra,15,Desserts,10:00:00,23:30:00,3.6,4918,26.59,1
314,Johal-Suresh Restaurant,Varsha Palla,16,Fast Food,08:00:00,23:30:00,4.0,3407,19.51,0
315,"Mahal, Mani and Dara Restaurant",Megha Pai,36,Maharashtrian,10:00:00,22:00:00,4.3,3519,23.34,0
316,Mannan Inc Restaurant,Farhan Pal,23,Gujarati,10:00:00,23:00:00,4.6,2631,25.44,1
317,Kunda-Srinivas Restaurant,Saksham Yohannan,10,Fast Food,09:00:00,22:00:00,4.5,3899,18.61,0
318,Magar-Devan Restaurant,Wriddhish Kibe,20,Desserts,10:00:00,22:00:00,4.6,492,23.44,1
319,Wali and Sons Restaurant,Charles Chaudhry,36,Mughlai,08:00:00,23:00:00,3.5,1685,19.95,0
320,Narayanan-Sodhi Restaurant,Laksh Ahluwalia,29,Desserts,09:00:00,22:00:00,4.1,1580,15.77,1
321,"Dugar, Ray and Soni Restaurant",Ryan Mani,44,Maharashtrian,10:00:00,22:00:00,4.7,1561,27.07,0
322,Mangal-Bhargava Restaurant,Vincent Warrior,31,Italian,09:00:00,23:00:00,4.9,145,18.18,0
323,"Barad, Gill and Sahni Restaurant",Balhaar Ranganathan,48,South Indian,10:00:00,23:00:00,4.8,4971,25.56,1
324,Grewal-Mann Restaurant,Aditya Misra,16,Mughlai,09:00:00,23:00:00,3.8,4391,24.73,1
325,"Chhabra, Nayak and Mane Restaurant",Wakeeta Desai,17,Pizza,10:00:00,23:00:00,3.9,3866,26.42,1
326,"Sidhu, Mahajan and Hans Restaurant",Ganga Gaba,14,Pizza,09:00:00,23:00:00,3.1,1832,26.12,0
327,"Shanker, Kurian and Grewal Restaurant",Geetika Merchant,17,Mughlai,10:00:00,23:30:00,4.4,2438,17.29,1
328,"Hans, Gill and Ravi Restaurant",Yutika Narang,15,Burger,10:00:00,22:00:00,4.0,2785,18.86,1
329,Rattan Ltd Restaurant,Qasim Dey,47,Gujarati,10:00:00,23:00:00,3.9,2905,17.54,1
330,Naik-Kothari Restaurant,Advika Rajagopal,12,Street Food,10:00:00,23:30:00,4.9,4312,15.51,0
331,Sekhon LLC Restaurant,Chasmum Apte,43,North Indian,08:00:00,23:00:00,3.3,1915,16.02,0
332,Parsa-Keer Restaurant,Jagat Shroff,1,Italian,10:00:00,23:00:00,3.7,3978,24.89,0
333,Dutta-Ravi Restaurant,Jacob Merchant,1,Mughlai,10:00:00,23:00:00,3.0,4356,25.83,1
334,Kant-Kanda Restaurant,Vanya Dua,2,Mughlai,10:00:00,23:30:00,3.9,1488,16.61,0
335,Prakash-Sagar Restaurant,Tejas Kota,34,Chinese,08:00:00,22:00:00,4.2,2087,27.23,1
336,"Bumb, Vora and Sekhon Restaurant",Faras Choudhury,26,South Indian,09:00:00,23:00:00,3.9,2012,29.85,0
337,Tiwari and Sons Restaurant,Nitesh Narang,20,Gujarati,08:00:00,23:30:00,5.0,279,16.4,1
338,"Sathe, Dada and Jha Restaurant",Gavin Uppal,25,Mughlai,09:00:00,22:00:00,4.3,1423,16.24,1
339,Bhakta-Setty Restaurant,Yochana Sagar,42,Cafe,09:00:00,23:30:00,5.0,801,28.42,0
340,Bhardwaj-Shere Restaurant,Anthony Randhawa,15,Italian,10:00:00,23:30:00,4.0,401,28.86,1
341,Aggarwal-Kamdar Restaurant,Chakradev Sampath,35,Maharashtrian,10:00:00,22:00:00,3.4,2596,15.23,0
342,Bhatt-Bhasin Restaurant,Urmi Balay,38,Chinese,10:00:00,23:00:00,4.9,2471,17.44,0
343,Rege-Gole Restaurant,Osha Prasad,37,Desserts,09:00:00,23:30:00,4.8,2737,20.76,0
344,Sen-Purohit Restaurant,Faris Zacharia,45,Punjabi,08:00:00,23:30:00,4.5,2853,15.81,1
345,Pall Inc Restaurant,Maya Wadhwa,15,Desserts,08:00:00,23:00:00,4.2,4899,20.95,1
346,Kapoor Inc Restaurant,Chanchal Sheth,2,Gujarati,09:00:00,23:00:00,4.0,2934,23.3,1
347,"Samra, Wali and Raghavan Restaurant",Yug Sharma,28,Chinese,10:00:00,23:30:00,4.3,722,26.58,1
348,Dubey-Majumdar Restaurant,Isaiah Balay,16,Punjabi,08:00:00,22:00:00,3.5,3132,25.68,0
349,"Saini, Babu and Khosla Restaurant",Ekalinga Chaudhuri,48,Burger,09:00:00,23:00:00,3.2,62,29.14,1
350,"Bandi, Sekhon and Bava Restaurant",Chaitanya Ratti,24,Cafe,09:00:00,22:00:00,3.3,1555,21.46,1
351,Kaur-Zacharia Restaurant,Daksh Dey,7,North Indian,08:00:00,23:00:00,4.1,4910,23.97,1
352,"Mann, Kaur and Nagar Restaurant",Warjas Mittal,25,North Indian,09:00:00,23:00:00,3.8,713,25.87,0
353,Verma and Sons Restaurant,Charita Maharaj,37,Mughlai,08:00:00,23:30:00,3.8,1157,19.03,1
354,Gill Ltd Restaurant,Warhi Batta,32,Chinese,08:00:00,22:00:00,3.9,3469,19.5,0
355,Raj-Vohra Restaurant,Omaja Rege,24,Fast Food,08:00:00,23:30:00,4.3,4884,24.25,1
356,Mital Group Restaurant,Urvashi Khosla,7,Chinese,09:00:00,22:00:00,4.9,2741,27.62,1
357,Mital Ltd Restaurant,Ubika Bhardwaj,22,Biryani,09:00:00,23:00:00,4.6,4889,17.04,1
358,"Sachar, Saha and Wagle Restaurant",Lipika Kibe,39,Punjabi,08:00:00,23:00:00,3.6,3282,29.53,1
359,Jani-Narayanan Restaurant,Shivani Prabhakar,48,Punjabi,10:00:00,23:00:00,4.9,2005,19.89,1
360,Wason Ltd Restaurant,Charan Loyal,26,Pizza,08:00:00,23:30:00,3.4,4489,17.7,0
361,Baral-Bora Restaurant,Teerth Srinivas,47,Biryani,10:00:00,22:00:00,3.9,2406,27.47,0
362,Natarajan LLC Restaurant,Siddharth Gupta,27,Gujarati,09:00:00,22:00:00,4.3,2002,18.79,0
363,"Dalal, Srinivas and Kibe Restaurant",Mekhala Khatri,46,Burger,09:00:00,22:00:00,3.9,4918,22.19,1
364,"Nagy, Mandal and Rai Restaurant",Jagrati Morar,35,Mughlai,10:00:00,23:00:00,4.1,2965,25.52,0
365,Parsa-Varghese Restaurant,Unnati Chaudhari,7,Cafe,08:00:00,23:30:00,4.3,1382,24.7,0
366,"Singh, Nagarajan and Jani Restaurant",Dhriti Sachdev,37,Gujarati,10:00:00,23:30:00,3.8,2736,29.49,1
367,Kant Ltd Restaurant,Amol Lal,7,North Indian,08:00:00,23:00:00,3.4,4269,23.37,0
368,"Sahni, Merchant and Dua Restaurant",Forum Karpe,29,Pizza,09:00:00,23:00:00,4.5,4841,25.36,0
369,Korpal-Tata Restaurant,Aarini Suresh,23,North Indian,09:00:00,22:00:00,3.6,723,16.74,0
370,"Swaminathan, Sharma and Ganguly Restaurant",Omkaar Dey,23,Fast Food,09:00:00,23:00:00,4.6,4288,22.24,1
371,"Suresh, Gour and Bhargava Restaurant",Falan Bava,7,Biryani,10:00:00,23:30:00,3.9,570,19.5,0
372,Sachar and Sons Restaurant,Ekansh Dora,2,Desserts,09:00:00,23:30:00,3.2,1366,28.95,0
373,Kamdar PLC Restaurant,Kashvi Bhasin,34,Chinese,10:00:00,22:00:00,3.7,3512,29.38,0
374,"Subramanian, Sura and Babu Restaurant",Nisha Arora,26,Gujarati,08:00:00,22:00:00,4.3,3560,20.93,0
375,Wagle Ltd Restaurant,Bhavini Badal,29,Maharashtrian,09:00:00,23:00:00,3.0,1779,18.09,0
376,"Sani, Gola and Chhabra Restaurant",Manthan Khosla,37,South Indian,10:00:00,22:00:00,3.7,1634,21.86,1
377,Vyas LLC Restaurant,Amara Ranganathan,43,Desserts,09:00:00,23:30:00,4.9,2587,23.95,1
378,Prakash Group Restaurant,Yagnesh Kara,38,South Indian,09:00:00,23:00:00,4.7,1433,27.21,1
379,Buch-Balay Restaurant,Nidra Raghavan,40,Maharashtrian,08:00:00,23:30:00,3.3,985,18.58,0
380,Soni-Bhalla Restaurant,Onveer Butala,12,Pizza,10:00:00,22:00:00,4.0,3446,23.95,1
381,Saraf-Narula Restaurant,Brijesh Karpe,28,Chinese,09:00:00,23:30:00,4.1,1439,23.32,1
382,Soman LLC Restaurant,Falan Mand,19,Chinese,08:00:00,23:00:00,4.7,459,27.98,0
383,"Bali, Gola and Murty Restaurant",Sarthak Dhawan,32,Chinese,08:00:00,23:00:00,4.9,4160,24.8,1
384,"Rao, Bose and Mistry Restaurant",Wridesh Ramachandran,44,Biryani,09:00:00,23:30:00,4.7,4023,17.51,0
385,"Zachariah, Narula and Rajagopalan Restaurant",Farhan Tella,49,Italian,09:00:00,22:00:00,3.5,4424,19.33,1
386,"Pal, Bera and Chaudhari Restaurant",Vincent Borra,37,Punjabi,09:00:00,23:30:00,4.0,4711,16.71,1
387,Ranganathan-Narain Restaurant,Anjali Seshadri,35,Desserts,08:00:00,23:30:00,3.9,1810,29.85,0
388,Kari-Parekh Restaurant,Rachana Grewal,48,Desserts,10:00:00,22:00:00,3.6,284,21.75,1
389,"Rai, Chada and Merchant Restaurant",Ethan Butala,6,Biryani,08:00:00,22:00:00,3.4,4836,25.34,1
390,Dube-Rai Restaurant,Lopa Nadig,11,Maharashtrian,08:00:00,22:00:00,4.6,506,23.55,1
391,Chhabra-Chand Restaurant,Darika Saxena,39,Mughlai,08:00:00,23:00:00,5.0,2417,19.34,1
392,Madan-Chaudry Restaurant,Gagan Grover,33,Street Food,10:00:00,22:00:00,3.3,3391,28.78,1
393,Sen-Vala Restaurant,Harshil Bal,42,Chinese,10:00:00,22:00:00,3.5,2658,27.43,1
394,Pandya PLC Restaurant,Ekta Rajan,32,Chinese,10:00:00,23:30:00,3.5,3413,20.63,0
395,Manne Group Restaurant,Frado Kibe,41,Cafe,08:00:00,23:00:00,4.0,2299,25.42,1
396,"Verma, Gara and Rai Restaurant",Liam Luthra,30,Biryani,09:00:00,23:30:00,3.0,783,25.96,1
397,Loyal-Tailor Restaurant,Dev Ganesh,41,Gujarati,10:00:00,23:00:00,4.7,4398,20.97,1
398,Majumdar-Sama Restaurant,Veda Bose,14,Biryani,09:00:00,23:00:00,4.7,2786,23.21,0
399,Krishnamurthy-Koshy Restaurant,Rohan Shankar,37,Desserts,09:00:00,23:00:00,4.8,416,15.69,1
400,Deshmukh LLC Restaurant,Meghana Natarajan,2,South Indian,08:00:00,23:00:00,3.9,3524,18.03,0
401,"Rai, Narayan and Sarraf Restaurant",Qushi Deshpande,42,Fast Food,08:00:00,23:00:00,3.2,2972,18.76,1
402,Nagi-Iyer Restaurant,Dipta Goel,43,Street Food,10:00:00,22:00:00,3.1,2522,25.89,0
403,Nagar-Manne Restaurant,Xavier Nanda,28,Gujarati,08:00:00,23:30:00,3.2,1768,22.15,0
404,Mand-Ramaswamy Restaurant,Ishaan Iyengar,38,Italian,10:00:00,23:30:00,3.9,86,25.43,0
405,"Gole, Bala and Shenoy Restaurant",Raksha Manne,28,Punjabi,08:00:00,23:00:00,3.1,3158,16.34,0
406,"Biswas, Rege and Tata Restaurant",Chavvi Khurana,7,Pizza,09:00:00,23:00:00,3.3,1110,24.62,0
407,Dube-Sampath Restaurant,Ethan Sen,5,Mughlai,10:00:00,22:00:00,4.2,1364,21.6,0
408,"Srinivas, Rattan and Warrior Restaurant",Balhaar Parsa,41,Punjabi,08:00:00,23:00:00,4.2,3644,27.9,0
409,"Yadav, Chada and Chopra Restaurant",Isha Ganesan,7,Chinese,08:00:00,23:30:00,4.5,2899,29.45,1
410,"Basu, Ratta and Narula Restaurant",Hitesh Anne,9,Italian,09:00:00,23:30:00,3.2,4553,24.01,1
411,Kuruvilla and Sons Restaurant,Sanaya Prasad,50,Punjabi,08:00:00,23:30:00,4.8,1703,22.77,0
412,Sheth-Tella Restaurant,Hemani Bakshi,48,Burger,09:00:00,23:30:00,3.1,1980,22.42,0
413,Cheema-Merchant Restaurant,Frederick D’Alia,16,Biryani,10:00:00,23:30:00,3.1,118,29.8,1
414,"Dhar, Pall and Muni Restaurant",Tamanna Jhaveri,9,Burger,10:00:00,23:00:00,3.7,1435,26.44,0
415,"Subramanian, Pall and Soni Restaurant",Raksha Sethi,2,Maharashtrian,08:00:00,22:00:00,3.5,346,28.84,1
416,Bhavsar-Mital Restaurant,Ishwar Bajaj,33,Fast Food,10:00:00,23:30:00,4.0,3423,21.35,1
417,Chopra-Gala Restaurant,Zaitra Ghosh,6,Gujarati,10:00:00,23:30:00,4.2,2293,16.25,0
418,"Dutta, Narayanan and Sandhu Restaurant",Vincent Ravel,33,Street Food,08:00:00,22:00:00,4.1,3220,23.8,0
419,"Gour, Grewal and Sankaran Restaurant",Ayush Hora,20,Punjabi,09:00:00,23:30:00,4.9,1974,15.87,0
420,Sanghvi-Ramachandran Restaurant,Tanish Jha,28,South Indian,09:00:00,23:30:00,4.2,2553,24.99,0
421,Bhatnagar-Chaudry Restaurant,Jasmit Nanda,8,North Indian,10:00:00,22:00:00,4.4,1362,22.45,1
422,Shankar Inc Restaurant,Vrishti Wable,34,Mughlai,10:00:00,23:00:00,3.3,1059,26.25,1
423,"Munshi, Rama and Ramanathan Restaurant",Ijaya Pandey,47,Street Food,08:00:00,22:00:00,3.7,3537,19.08,0
424,Gera-Mishra Restaurant,Krish Munshi,17,Punjabi,10:00:00,23:30:00,3.2,3748,22.66,0
425,Khare LLC Restaurant,Qadim Prakash,32,Desserts,10:00:00,22:00:00,3.7,2109,26.6,0
426,"Dhaliwal, Vaidya and Rama Restaurant",Lakshit Rajagopal,15,Punjabi,10:00:00,22:00:00,3.1,120,18.67,1
427,Grewal-Sur Restaurant,Ojas Suri,24,Burger,08:00:00,22:00:00,4.9,309,23.29,1
428,Dey-Grover Restaurant,Shravya Bera,15,Pizza,08:00:00,23:00:00,4.8,2640,19.07,0
429,Andra-Sundaram Restaurant,Robert Rajagopalan,37,Pizza,08:00:00,23:30:00,4.3,451,17.69,0
430,"Tiwari, Talwar and Rege Restaurant",Ojasvi Sawhney,26,South Indian,09:00:00,23:00:00,4.5,2565,19.91,1
431,Ganesh-Butala Restaurant,Thomas Master,1,Pizza,08:00:00,23:00:00,4.1,2509,26.09,0
432,Maharaj and Sons Restaurant,Om Shankar,30,Pizza,10:00:00,23:00:00,5.0,1620,25.99,0
433,"Tandon, Vaidya and Chowdhury Restaurant",Amrita Peri,10,North Indian,09:00:00,22:00:00,3.5,2857,24.54,0
434,"Barman, Sastry and Kamdar Restaurant",Harsh Kota,22,North Indian,10:00:00,23:00:00,4.7,2539,16.56,0
435,Bali-Sengupta Restaurant,Ijaya Chahal,27,Biryani,08:00:00,22:00:00,4.4,782,15.66,0
436,Dalal-Khalsa Restaurant,Indali Sangha,34,Burger,10:00:00,23:00:00,3.9,715,23.71,0
437,Dewan and Sons Restaurant,Daniel Panchal,41,Desserts,09:00:00,22:00:00,4.2,530,21.52,0
438,"Mand, Yohannan and Ganguly Restaurant",Brinda Mann,16,Fast Food,09:00:00,23:00:00,4.9,3239,25.51,1
439,"Loke, Varkey and Chandran Restaurant",Nisha Bhargava,21,Biryani,09:00:00,22:00:00,3.1,1680,17.04,0
440,Date-Deo Restaurant,Madhav Nagy,10,South Indian,08:00:00,23:00:00,3.9,3350,16.81,1
441,Ramaswamy Group Restaurant,Amruta Sachdeva,50,Italian,09:00:00,23:00:00,3.9,1002,16.36,1
442,Seth-Borra Restaurant,Neha Varma,46,Punjabi,10:00:00,22:00:00,3.4,2705,17.22,0
443,"Mall, Pillay and Sha Restaurant",Falak Agate,23,Burger,10:00:00,22:00:00,4.4,2151,27.3,0
444,"Chander, Shanker and Parmar Restaurant",Mitali Kamdar,2,Burger,09:00:00,23:30:00,4.5,2066,16.42,0
445,Kakar-Talwar Restaurant,Ekantika Mander,9,South Indian,08:00:00,22:00:00,4.7,1840,16.96,1
446,De-Sundaram Restaurant,Chanakya Batra,24,Gujarati,10:00:00,23:30:00,3.2,4821,18.88,0
447,Sharaf Inc Restaurant,Nakul Sastry,2,South Indian,08:00:00,23:30:00,3.9,1075,16.38,1
448,Acharya-Sangha Restaurant,Kevin Mittal,8,North Indian,09:00:00,22:00:00,3.3,4721,21.5,1
449,Mahal Inc Restaurant,Zashil Butala,32,North Indian,09:00:00,23:30:00,3.9,2919,18.22,0
450,Gandhi-Ben Restaurant,Dalaja Kaur,18,Fast Food,09:00:00,22:00:00,3.1,2033,24.71,1
451,Chand-Chandran Restaurant,Tanay Sood,27,Street Food,10:00:00,23:00:00,3.1,2311,20.75,1
452,Deo PLC Restaurant,Zilmil Saxena,13,Gujarati,10:00:00,22:00:00,4.3,4473,26.92,1
453,Anand Ltd Restaurant,Jai Sami,46,Pizza,09:00:00,23:30:00,4.6,2838,28.69,1
454,"Deo, Sridhar and Bobal Restaurant",Leela Chakraborty,25,Fast Food,08:00:00,22:00:00,3.6,1814,15.44,1
455,"Chaudry, Chauhan and Munshi Restaurant",Chandani Devan,4,Cafe,09:00:00,23:30:00,3.7,4804,29.99,0
456,Deol-Dhar Restaurant,Abhiram Gala,7,Italian,10:00:00,22:00:00,3.5,478,26.46,0
457,Panchal-Kala Restaurant,Nisha Savant,37,Desserts,09:00:00,23:00:00,4.9,1443,17.64,1
458,Chadha Inc Restaurant,Jatin Rajagopalan,48,Punjabi,09:00:00,23:30:00,3.1,2900,29.21,0
459,Sanghvi-Murty Restaurant,Yug Malhotra,37,Italian,09:00:00,23:30:00,3.6,4037,15.57,0
460,"Chad, Kothari and Mane Restaurant",Charvi Jha,15,Maharashtrian,08:00:00,22:00:00,4.1,25,19.98,0
461,"Upadhyay, Gulati and Ramanathan Restaurant",Chatura Khatri,9,Pizza,10:00:00,22:00:00,4.8,2670,15.89,0
462,Raju-Chowdhury Restaurant,Xalak Bobal,38,Punjabi,08:00:00,22:00:00,4.7,3009,29.41,1
463,"Arora, Patel and Nadig Restaurant",Lila Salvi,46,Gujarati,09:00:00,23:30:00,3.2,2492,19.84,0
464,Gera-Sinha Restaurant,Anay Bir,47,Burger,10:00:00,23:00:00,4.3,1447,25.61,1
465,Lala and Sons Restaurant,Darpan Rao,15,Gujarati,10:00:00,22:00:00,3.8,2432,16.91,0
466,"Mangat, Thaker and Sagar Restaurant",Neelima Butala,45,Maharashtrian,09:00:00,23:30:00,3.1,4954,19.77,0
467,"Yadav, Yogi and Dua Restaurant",Fiyaz Mukherjee,41,Maharashtrian,08:00:00,23:00:00,3.3,657,18.57,1
468,Vaidya and Sons Restaurant,Eta Raman,11,Gujarati,08:00:00,23:30:00,4.3,2770,21.7,1
469,"Bhatti, Mukherjee and Sarkar Restaurant",Dalbir Konda,14,Italian,10:00:00,22:00:00,3.7,905,25.81,0
470,Saraf Inc Restaurant,Christopher More,25,Biryani,10:00:00,23:00:00,4.9,3411,22.4,1
471,"Gill, Dar and Arora Restaurant",Advay Gade,23,Mughlai,09:00:00,22:00:00,4.7,4755,24.76,0
472,Palan-Virk Restaurant,Ojas Prabhu,11,Biryani,08:00:00,22:00:00,3.6,2630,18.92,0
473,Luthra Ltd Restaurant,Ayushman Nayak,5,Pizza,08:00:00,23:00:00,3.3,634,23.21,0
474,Magar-Viswanathan Restaurant,Adya Bose,22,Maharashtrian,10:00:00,23:00:00,4.4,3553,29.14,0
475,Shah-Vaidya Restaurant,Christopher Tata,39,Street Food,09:00:00,22:00:00,3.1,2732,18.08,0
476,"Ganesan, Pillai and Dugar Restaurant",Harshil D’Alia,27,Punjabi,10:00:00,23:30:00,4.9,4444,18.98,1
477,Upadhyay Inc Restaurant,Advik Konda,20,Italian,08:00:00,22:00:00,3.8,4522,27.6,0
478,Sodhi LLC Restaurant,Mason Gola,4,Pizza,08:00:00,23:00:00,3.2,4936,22.2,0
479,Saini and Sons Restaurant,Yuvraj Saha,2,Italian,08:00:00,23:30:00,3.6,691,22.1,0
480,"Nagarajan, Madan and Brahmbhatt Restaurant",Jagdish Thakkar,20,Cafe,09:00:00,23:00:00,4.0,2190,16.37,1
481,"Ben, Gola and Kapoor Restaurant",Nandini Biswas,12,Pizza,09:00:00,23:00:00,3.4,385,18.95,1
482,Mandal-Mukhopadhyay Restaurant,Gabriel Shan,17,Italian,09:00:00,23:30:00,3.1,812,16.29,1
483,Pillay and Sons Restaurant,Daksha Kibe,35,Burger,10:00:00,22:00:00,4.1,3191,27.28,1
484,Pillay-Tak Restaurant,Yatan Dora,35,Gujarati,09:00:00,23:30:00,4.8,3921,19.48,1
485,Rout Inc Restaurant,Hiral Andra,46,North Indian,10:00:00,23:30:00,4.8,4701,25.16,0
486,Agarwal-Puri Restaurant,Hemang Jha,8,Cafe,09:00:00,22:00:00,4.9,1389,29.58,0
487,"Khanna, Saini and Swamy Restaurant",Lucky Mammen,9,North Indian,09:00:00,22:00:00,5.0,3586,18.03,0
488,Bassi and Sons Restaurant,Kashish Shanker,39,Fast Food,09:00:00,23:30:00,4.8,568,16.31,1
489,"Chad, Chandran and Tiwari Restaurant",Meera Borde,36,Pizza,09:00:00,23:30:00,3.9,121,26.8,1
490,"Bhatia, Saran and De Restaurant",Bishakha Lal,8,Burger,08:00:00,22:00:00,4.1,4793,26.38,0
491,Ramaswamy-Narain Restaurant,Sneha Magar,7,Maharashtrian,08:00:00,23:00:00,4.7,2836,28.17,1
492,Borde and Sons Restaurant,Ikbal Dugal,25,Gujarati,09:00:00,23:30:00,4.2,326,17.58,1
493,Gala Group Restaurant,Dipta Ray,10,Maharashtrian,10:00:00,23:30:00,4.4,337,20.94,1
494,Wason LLC Restaurant,Siya Morar,45,Italian,08:00:00,23:30:00,4.0,2220,28.46,0
495,Lanka-Dar Restaurant,Nakul Modi,22,Desserts,09:00:00,23:00:00,3.6,4047,27.87,0
496,"Baria, Kale and Narang Restaurant",Gavin Kothari,15,Chinese,09:00:00,23:30:00,3.9,2648,19.04,1
497,Randhawa-Varghese Restaurant,Chandani Lad,39,Gujarati,08:00:00,22:00:00,3.9,3355,26.11,1
498,Balasubramanian Group Restaurant,Zaid Chandra,4,Mughlai,08:00:00,22:00:00,3.6,4171,21.05,0
499,Chaudry-Dey Restaurant,Advik Bhatia,12,Italian,08:00:00,22:00:00,3.5,3759,15.76,1
500,De and Sons Restaurant,Kashish Chad,46,Italian,09:00:00,23:00:00,4.6,4157,20.95,0
501,"Lad, Borde and Bains Restaurant",Rudra Sawhney,44,North Indian,08:00:00,23:00:00,4.0,3674,17.66,1
502,Chanda LLC Restaurant,Brijesh Shenoy,38,Mughlai,09:00:00,23:00:00,3.3,2138,26.23,0
503,Ganguly PLC Restaurant,Megha Taneja,19,North Indian,09:00:00,22:00:00,3.3,4707,26.7,0
504,Raja Ltd Restaurant,Orinder Pandya,15,Gujarati,08:00:00,23:30:00,3.4,3374,22.7,0
505,Grover LLC Restaurant,Sanaya Dixit,31,Street Food,08:00:00,23:30:00,3.3,89,18.36,1
506,Korpal Ltd Restaurant,Wishi Sabharwal,46,Punjabi,10:00:00,23:00:00,3.8,3104,27.77,1
507,"Srinivas, Bhat and Chahal Restaurant",Leela Devan,17,Italian,09:00:00,23:00:00,4.4,3273,23.77,0
508,Iyengar-Vora Restaurant,Anirudh Raja,33,Gujarati,09:00:00,23:30:00,4.3,2335,19.48,0
509,"Parmer, Srinivasan and Sundaram Restaurant",Yadavi Nagy,31,South Indian,09:00:00,23:00:00,4.3,2288,18.92,1
510,Madan-Gole Restaurant,Eiravati Kanda,13,Chinese,10:00:00,22:00:00,4.8,4935,21.06,1
511,Mand Inc Restaurant,Ishita Kaul,44,Chinese,10:00:00,22:00:00,4.3,2441,18.89,1
512,Chaudhry and Sons Restaurant,Amaira Walla,26,Burger,10:00:00,22:00:00,4.2,4706,27.24,1
513,"Bhalla, Kanda and Rama Restaurant",Oscar Goda,47,Punjabi,08:00:00,23:30:00,4.1,3917,28.6,1
514,Nadkarni Ltd Restaurant,Ayaan Pandey,33,Fast Food,08:00:00,23:30:00,4.8,1503,19.41,1
515,"Dhar, Guha and Tailor Restaurant",Parth Swaminathan,9,Punjabi,09:00:00,23:30:00,4.6,1519,29.2,1
516,Chana Inc Restaurant,Theodore Bahri,42,South Indian,08:00:00,23:00:00,3.4,2535,21.31,1
517,"Sridhar, Acharya and Narula Restaurant",Kalpit Oak,24,Fast Food,10:00:00,23:00:00,3.9,984,22.06,0
518,"Goel, Naik and Bhargava Restaurant",Manbir Dhar,31,Street Food,08:00:00,23:30:00,3.2,3146,22.95,1
519,Vora LLC Restaurant,Kashvi Randhawa,4,Desserts,08:00:00,22:00:00,5.0,2827,21.14,1
520,"Chaudhuri, Nayar and Mittal Restaurant",Laban Dugar,10,Pizza,10:00:00,22:00:00,4.6,4014,19.99,0
521,"Sarkar, Sur and Nadig Restaurant",Ishanvi Kapoor,21,Gujarati,08:00:00,22:00:00,3.9,1735,26.42,0
522,"Gill, Radhakrishnan and Mohanty Restaurant",Joshua Goel,37,Cafe,08:00:00,23:00:00,4.6,741,16.94,1
523,"Agarwal, Raman and Bali Restaurant",Eesha Kant,41,Burger,09:00:00,23:00:00,4.9,3160,15.07,0
524,"Chawla, Taneja and Dhaliwal Restaurant",Faras Khanna,47,Pizza,08:00:00,23:00:00,4.5,4370,17.86,0
525,Nagarajan-Ganesh Restaurant,Gautami Sekhon,41,Punjabi,08:00:00,22:00:00,4.4,2840,19.68,0
526,Lanka and Sons Restaurant,Ekansh Palla,25,Mughlai,10:00:00,23:00:00,3.3,394,19.47,1
527,Chokshi-Agarwal Restaurant,Libni Sarma,30,Punjabi,10:00:00,23:30:00,4.0,3572,28.32,0
528,"Saini, Ganesan and Sachdev Restaurant",Kritika Panchal,22,Street Food,09:00:00,23:00:00,4.5,1370,29.22,1
529,"Prashad, Chaudhuri and Srinivas Restaurant",Nicholas Seth,2,Italian,08:00:00,23:30:00,5.0,1750,26.01,0
530,Bandi LLC Restaurant,Eiravati Lal,8,Pizza,10:00:00,23:30:00,4.6,3093,28.15,1
531,Borah LLC Restaurant,Keya Dyal,50,Mughlai,10:00:00,22:00:00,4.2,412,24.93,0
532,"Borde, Chander and Nigam Restaurant",Azaan Sankar,4,Punjabi,08:00:00,23:00:00,3.9,1032,23.21,1
533,"Gala, Saraf and Dugar Restaurant",Harrison Narula,45,Chinese,08:00:00,23:30:00,4.4,96,19.52,0
534,Gupta Group Restaurant,Baghyawati Mishra,43,Mughlai,09:00:00,23:30:00,4.2,1143,21.28,0
535,Char Inc Restaurant,Vritti Dube,33,Punjabi,10:00:00,22:00:00,3.6,890,22.47,0
536,Patel Inc Restaurant,Gagan Menon,50,Fast Food,10:00:00,22:00:00,3.7,3376,19.43,0
537,"Srinivasan, Iyengar and Chatterjee Restaurant",Samuel Garde,36,Biryani,08:00:00,23:30:00,4.9,2728,18.52,0
538,"Manne, Bumb and Solanki Restaurant",Darika Rao,43,South Indian,08:00:00,23:30:00,4.3,1241,29.24,0
539,Suresh-Lanka Restaurant,Lila Goyal,47,Punjabi,08:00:00,23:00:00,4.3,3761,29.83,1
540,Raj-Pingle Restaurant,Sanaya Basu,17,Biryani,08:00:00,22:00:00,4.6,343,27.78,1
541,Sarraf-Shroff Restaurant,Upkaar Luthra,44,Pizza,09:00:00,23:30:00,3.2,395,15.15,0
542,"Bhatia, Dora and Chatterjee Restaurant",Hemangini Sachdev,43,Gujarati,08:00:00,23:00:00,3.7,3605,29.33,1
543,"Karan, Bhat and Ram Restaurant",Vaishnavi Keer,47,South Indian,09:00:00,23:00:00,3.4,3303,21.0,1
544,Mistry-Brar Restaurant,Bakhshi Thakkar,18,Desserts,09:00:00,23:30:00,4.7,3474,24.73,0
545,"Varughese, Din and Dara Restaurant",Oscar Ganesh,8,Chinese,10:00:00,23:30:00,3.1,1325,16.56,1
546,Hans and Sons Restaurant,Pallavi Brar,37,Gujarati,09:00:00,22:00:00,4.2,2957,24.17,0
547,"Saran, Jaggi and Divan Restaurant",Ekaja Bhavsar,31,Street Food,09:00:00,22:00:00,4.8,3630,15.69,1
548,Rama PLC Restaurant,Eshana Majumdar,42,Pizza,08:00:00,23:30:00,4.7,4319,26.51,0
549,"Shanker, Arora and Virk Restaurant",Isaiah Sachdeva,43,Desserts,09:00:00,23:30:00,4.0,800,21.49,0
550,Divan PLC Restaurant,Hitesh Chaudhuri,31,Pizza,10:00:00,23:30:00,4.3,1237,27.59,0
551,Wason-Padmanabhan Restaurant,Aishani Rajagopal,1,Gujarati,08:00:00,23:30:00,4.7,4081,28.04,0
552,"Sunder, Solanki and Barad Restaurant",Anya Rau,49,Biryani,09:00:00,22:00:00,3.7,2298,15.76,0
553,Ratti Inc Restaurant,Garima Khanna,36,Gujarati,09:00:00,23:00:00,4.6,665,21.89,1
554,Soman LLC Restaurant,Anmol Nazareth,6,Desserts,09:00:00,23:00:00,3.6,4094,26.18,0
555,Mukhopadhyay-Mand Restaurant,Guneet Kari,7,Burger,09:00:00,22:00:00,4.1,21,27.39,1
556,Mital Ltd Restaurant,Ekani Luthra,33,Mughlai,08:00:00,23:30:00,4.3,2812,20.45,0
557,"Saha, Chakraborty and Guha Restaurant",Siddharth Ray,15,Desserts,09:00:00,23:00:00,4.1,4934,22.1,1
558,"Sundaram, Varty and Prakash Restaurant",Yutika Dutt,46,Biryani,08:00:00,22:00:00,4.5,1836,15.03,1
559,Mukhopadhyay Ltd Restaurant,Krishna Viswanathan,41,Cafe,09:00:00,23:30:00,4.0,890,15.69,0
560,"Balakrishnan, Ghose and Hans Restaurant",Dalbir Krish,32,Chinese,10:00:00,23:30:00,4.4,896,18.81,0
561,Shan Inc Restaurant,Rushil Mahal,13,South Indian,09:00:00,22:00:00,3.9,1581,25.75,0
562,Shetty-Tiwari Restaurant,Jatin Balasubramanian,49,Burger,08:00:00,23:30:00,4.7,4843,16.85,1
563,Pradhan Group Restaurant,Peter Som,30,Gujarati,10:00:00,23:30:00,3.3,4106,15.07,0
564,"Palla, Padmanabhan and Gade Restaurant",Gautam Mane,36,Street Food,09:00:00,23:30:00,4.0,4184,26.72,0
565,Raju Inc Restaurant,Tanish Kant,45,Maharashtrian,08:00:00,23:30:00,4.6,868,20.81,1
566,"Kar, Jhaveri and Luthra Restaurant",Yochana Bahri,33,Street Food,09:00:00,23:00:00,5.0,2053,19.1,1
567,"Andra, Som and Deo Restaurant",Abhiram Kapur,19,Biryani,08:00:00,22:00:00,3.8,4216,19.48,1
568,Mody-Maharaj Restaurant,Krisha Palla,46,Punjabi,10:00:00,23:30:00,3.4,1737,24.36,1
569,Krishnan-Kamdar Restaurant,Chasmum Verma,44,Pizza,10:00:00,22:00:00,5.0,1476,22.56,1
570,"Ranganathan, Chaudry and Amble Restaurant",Barkha Misra,46,South Indian,09:00:00,23:30:00,4.0,4694,29.14,1
571,"Chokshi, Subramaniam and Bhatt Restaurant",Aradhana Nair,44,Punjabi,10:00:00,23:00:00,4.8,3480,27.12,0
572,Lal-Misra Restaurant,Mason Varughese,2,Burger,08:00:00,22:00:00,4.3,1657,19.0,0
573,Bhandari PLC Restaurant,Ekaja Dey,19,Gujarati,09:00:00,22:00:00,4.7,2437,18.06,0
574,"Bal, Tank and Merchant Restaurant",Omya Ravel,23,Desserts,09:00:00,22:00:00,4.2,4622,27.97,1
575,Banik-Gupta Restaurant,Tristan Warrior,16,Mughlai,10:00:00,23:00:00,4.4,404,28.9,1
576,"Soni, Parmer and Tripathi Restaurant",Onkar Golla,27,Cafe,10:00:00,23:00:00,4.9,460,15.19,1
577,Chatterjee-Sinha Restaurant,Aarna Goswami,13,Maharashtrian,09:00:00,22:00:00,4.8,3032,26.33,0
578,"Nayak, Chakraborty and Kapadia Restaurant",Udant Mohanty,50,Punjabi,08:00:00,23:00:00,3.9,630,17.8,0
579,Narula-Prabhu Restaurant,Chaitaly Sheth,48,Mughlai,08:00:00,23:00:00,3.1,2306,23.35,0
580,Singhal Inc Restaurant,Urmi Hayer,11,Maharashtrian,09:00:00,22:00:00,3.7,1288,15.6,1
581,"Dar, Raj and Wagle Restaurant",Odika Bhagat,39,North Indian,10:00:00,23:30:00,4.7,2487,22.36,1
582,Devan and Sons Restaurant,Nimrat Shankar,5,Cafe,10:00:00,23:00:00,4.1,1526,22.81,0
583,Mutti Ltd Restaurant,Faris Sura,27,Mughlai,10:00:00,23:00:00,3.2,1832,28.25,1
584,Goel-Munshi Restaurant,Aayush Seth,22,Pizza,09:00:00,22:00:00,4.9,4365,22.12,0
585,Kadakia-Ganguly Restaurant,Vrishti Chakrabarti,8,Gujarati,09:00:00,23:00:00,3.5,2017,29.38,1
586,Saraf Ltd Restaurant,Netra Sanghvi,25,Street Food,08:00:00,23:00:00,3.5,2336,15.37,1
587,Rajagopal-Agrawal Restaurant,Ryan Prakash,33,Cafe,10:00:00,23:00:00,4.0,2448,28.47,0
588,Nagy PLC Restaurant,Andrew Agrawal,21,Mughlai,08:00:00,22:00:00,3.3,4427,23.0,0
589,"Kothari, Kara and Padmanabhan Restaurant",Kai Chauhan,14,Gujarati,10:00:00,22:00:00,4.7,3495,27.53,0
590,Thakur-Mohan Restaurant,Dhruv Bath,35,Desserts,10:00:00,23:30:00,4.6,610,26.2,0
591,Mannan-Shah Restaurant,Radha Desai,2,Biryani,10:00:00,23:00:00,3.1,620,15.81,1
592,Suri-Parmer Restaurant,Nitesh Raval,36,South Indian,10:00:00,22:00:00,4.8,3359,20.82,1
593,Kari and Sons Restaurant,Siddharth Bains,28,Pizza,08:00:00,23:00:00,4.3,4401,15.09,0
594,"Thaman, Gara and Dasgupta Restaurant",Baljiwan Prashad,49,Punjabi,10:00:00,22:00:00,4.4,614,20.37,0
595,"Kumer, Warrior and Bava Restaurant",Hritik Bahri,19,Cafe,10:00:00,23:00:00,4.2,2326,26.48,1
596,D’Alia Group Restaurant,Lajita Dasgupta,25,Burger,10:00:00,22:00:00,3.9,4390,18.3,1
597,"Krishnan, Som and Dua Restaurant",Aditya Mitra,35,Fast Food,10:00:00,22:00:00,3.6,3076,29.36,0
598,Chaudhuri-Venkatesh Restaurant,Laksh Sahota,36,Desserts,10:00:00,22:00:00,3.2,61,23.59,1
599,Vaidya Ltd Restaurant,Barkha Comar,35,Mughlai,08:00:00,23:00:00,3.4,2836,18.18,0
600,Tank and Sons Restaurant,Adya Virk,11,Chinese,08:00:00,23:30:00,4.7,1611,16.72,0
601,Parmar Ltd Restaurant,Chakrika Dyal,49,Street Food,10:00:00,23:00:00,4.3,619,19.36,0
602,Taneja and Sons Restaurant,Ganga Keer,17,South Indian,08:00:00,23:30:00,4.2,2730,20.36,0
603,Arya Ltd Restaurant,Indrajit Tak,7,Fast Food,10:00:00,22:00:00,4.8,2623,22.29,1
604,Chana PLC Restaurant,Harrison Kunda,40,Gujarati,09:00:00,23:30:00,4.2,4653,23.5,1
605,"Kashyap, Shan and Minhas Restaurant",Ucchal Bedi,28,Chinese,08:00:00,23:00:00,3.5,1834,25.68,1
606,Ghosh Inc Restaurant,Jagvi Munshi,18,Desserts,09:00:00,22:00:00,4.4,2736,28.17,1
607,D’Alia-Chandran Restaurant,Aditya Devi,29,Pizza,09:00:00,23:00:00,4.1,1459,24.68,0
608,"Garde, Narasimhan and Parmar Restaurant",Amrita Chander,18,Desserts,08:00:00,23:30:00,3.4,646,25.91,0
609,Oommen-Goswami Restaurant,Nandini Ratta,33,Gujarati,08:00:00,23:30:00,4.2,4853,18.19,0
610,Magar-Rajan Restaurant,Oviya Ganesan,36,Fast Food,10:00:00,23:30:00,3.9,1237,20.49,0
611,Deo Ltd Restaurant,Nathaniel Chawla,50,Maharashtrian,10:00:00,23:00:00,3.3,4125,22.66,1
612,Subramanian-Sarma Restaurant,Ladli Parmer,24,Mughlai,08:00:00,23:30:00,3.5,1378,26.36,0
613,"Balakrishnan, De and Subramanian Restaurant",Isaiah Sabharwal,29,Chinese,08:00:00,23:30:00,4.9,1217,26.04,1
614,Batra-Bhatnagar Restaurant,Dipta Arora,23,North Indian,08:00:00,23:00:00,3.5,2185,20.54,0
615,"Vohra, Kapur and Nigam Restaurant",Rachita Kothari,43,Italian,10:00:00,23:00:00,3.8,3744,28.22,0
616,Pal-Rajan Restaurant,Chatura Apte,42,Pizza,08:00:00,23:30:00,4.9,2260,27.52,1
617,"Dugar, Tiwari and Singh Restaurant",Noah Borde,38,Mughlai,10:00:00,22:00:00,3.8,3120,20.48,0
618,Nagi-Khosla Restaurant,Arunima Bedi,34,Fast Food,09:00:00,22:00:00,4.0,2910,27.26,1
619,"Kapoor, Radhakrishnan and Rau Restaurant",Farhan Sharaf,32,Cafe,09:00:00,23:30:00,3.0,1158,21.6,0
620,Sem-Chakrabarti Restaurant,Sanya Mutti,5,Mughlai,10:00:00,23:00:00,3.4,1551,17.36,0
621,Tank Ltd Restaurant,Harshil Raval,43,Italian,09:00:00,23:00:00,4.4,3964,25.13,1
622,Banik-Acharya Restaurant,Daksha Trivedi,14,Maharashtrian,08:00:00,23:30:00,4.7,203,18.66,0
623,"Jhaveri, Shan and Om Restaurant",Chatura Kapoor,37,Maharashtrian,08:00:00,22:00:00,4.3,341,28.36,0
624,Narula-Solanki Restaurant,Sneha Comar,4,Chinese,09:00:00,22:00:00,4.0,3341,23.99,0
625,Kapadia Inc Restaurant,Isha Manne,47,Punjabi,10:00:00,23:00:00,4.9,1794,21.74,1
626,"Vig, Prakash and Cherian Restaurant",Nitesh Tailor,31,Chinese,08:00:00,23:00:00,4.2,4793,27.31,0
627,Rout Inc Restaurant,Rohan Guha,40,Gujarati,10:00:00,23:00:00,3.3,2827,28.84,0
628,Ramaswamy and Sons Restaurant,Rayaan Nigam,15,Burger,09:00:00,22:00:00,3.2,1677,22.84,1
629,Sachdeva Inc Restaurant,Shravya Shankar,10,Maharashtrian,08:00:00,22:00:00,4.0,4933,15.59,0
630,"Thaman, Desai and Tara Restaurant",Chanakya Sant,6,Biryani,10:00:00,22:00:00,4.8,4437,27.41,1
631,"Subramanian, Trivedi and Goel Restaurant",Kabir Chawla,34,Burger,09:00:00,22:00:00,4.4,3534,18.44,1
632,Nagy-Thaman Restaurant,Omya Kothari,50,Burger,09:00:00,23:30:00,4.6,4739,16.47,0
633,Rao-Oza Restaurant,Sneha Deol,17,Biryani,08:00:00,22:00:00,3.6,4474,21.13,0
634,Sachar PLC Restaurant,Dipta Kalla,1,Punjabi,10:00:00,22:00:00,4.2,985,22.8,1
635,Kadakia PLC Restaurant,Hemani Deo,42,Italian,10:00:00,23:00:00,3.8,893,17.32,1
636,"Gokhale, Thakur and Naidu Restaurant",Indira Srinivasan,17,Desserts,10:00:00,23:00:00,4.1,2277,29.88,1
637,"Sahni, Walla and Mangal Restaurant",Agastya Virk,49,Italian,09:00:00,23:30:00,4.6,3972,17.68,1
638,Bakshi Group Restaurant,Chatresh Bhalla,17,Fast Food,10:00:00,23:00:00,4.5,3281,26.04,0
639,Loke and Sons Restaurant,Zashil Dhingra,48,Italian,09:00:00,23:30:00,4.9,841,18.22,1
640,Merchant and Sons Restaurant,Jagrati Sethi,22,Cafe,10:00:00,23:30:00,4.4,446,17.41,0
641,Kapur Ltd Restaurant,Wazir Vaidya,6,Desserts,08:00:00,23:00:00,4.9,3586,16.32,1
642,"Mani, Batta and Raj Restaurant",Omaja Munshi,15,Pizza,08:00:00,23:30:00,3.1,3168,28.96,1
643,"Bhagat, Arya and Krishnamurthy Restaurant",Saanvi Kar,40,Gujarati,10:00:00,23:00:00,4.4,4914,15.86,0
644,"Pillai, Hegde and Hari Restaurant",Saumya Goel,41,Biryani,09:00:00,22:00:00,3.4,4264,19.29,0
645,"Borde, Grover and Ghose Restaurant",Krishna Baria,39,Mughlai,10:00:00,23:30:00,3.5,1408,25.11,1
646,Mallick-Lalla Restaurant,Naveen Kumer,16,Gujarati,08:00:00,22:00:00,3.2,2280,26.7,1
647,Narayanan Group Restaurant,Balveer Dube,43,Burger,09:00:00,23:30:00,3.4,145,26.05,0
648,Behl-Mitra Restaurant,Ishita Bora,6,Mughlai,09:00:00,23:30:00,4.7,4795,20.22,1
649,"Nadkarni, Vora and Kannan Restaurant",Ekansh Tiwari,15,Maharashtrian,08:00:00,23:00:00,4.9,4729,15.07,0
650,Sagar PLC Restaurant,George Palla,27,Mughlai,08:00:00,23:30:00,3.1,2430,20.1,0
651,Kala Ltd Restaurant,Garima Patel,33,Fast Food,10:00:00,23:30:00,3.5,3647,29.49,1
652,Kamdar-Wali Restaurant,Aditya Contractor,50,Italian,09:00:00,23:00:00,4.4,4827,27.93,1
653,"Pal, Sehgal and Khosla Restaurant",Balveer Nagi,8,Fast Food,08:00:00,23:00:00,4.3,1825,25.15,0
654,Comar-Raju Restaurant,Barkha Bakshi,21,Burger,09:00:00,23:30:00,4.1,2177,18.72,0
655,"Prasad, Varkey and Trivedi Restaurant",Vidhi Bassi,26,Gujarati,10:00:00,23:00:00,3.2,1482,22.15,1
656,Hans-Nagi Restaurant,Gopal Ganesh,14,Street Food,10:00:00,23:00:00,3.4,1577,22.48,0
657,"Walla, Amble and Bhatti Restaurant",Tanay Samra,16,Punjabi,08:00:00,23:00:00,3.4,1681,27.52,1
658,Jha PLC Restaurant,Ekbal Dube,10,Cafe,08:00:00,22:00:00,4.8,4055,24.21,0
659,Sharaf Ltd Restaurant,Baljiwan Chahal,31,Pizza,10:00:00,23:00:00,4.0,4726,28.03,1
660,Bhagat and Sons Restaurant,Ekavir Kari,12,Cafe,10:00:00,23:00:00,3.8,4744,16.92,1
661,Reddy-Rama Restaurant,Nidhi Sant,31,Mughlai,08:00:00,23:30:00,3.7,1451,21.86,0
662,Badal-Ramachandran Restaurant,Abeer Bhatnagar,45,Mughlai,09:00:00,23:00:00,4.4,116,25.11,1
663,"Bath, Bora and Parmar Restaurant",Bimala Mitra,38,South Indian,09:00:00,23:00:00,4.2,2147,17.81,1
664,"Chadha, Manda and Sarma Restaurant",Megha Balasubramanian,16,Fast Food,09:00:00,23:30:00,3.7,1526,22.48,0
665,Dugar-Walla Restaurant,Laban Raman,27,Punjabi,09:00:00,23:00:00,4.7,2310,21.76,0
666,"Merchant, Dhawan and Misra Restaurant",Advay Dhaliwal,37,Gujarati,08:00:00,22:00:00,4.4,1951,23.33,1
667,Barman Inc Restaurant,Frederick Mody,13,Chinese,10:00:00,22:00:00,3.9,99,17.65,1
668,Padmanabhan and Sons Restaurant,Yauvani Dhar,9,Street Food,10:00:00,23:30:00,4.1,2606,26.78,1
669,Gour and Sons Restaurant,Rishi Contractor,17,Mughlai,10:00:00,22:00:00,3.8,1358,15.9,1
670,Bhagat PLC Restaurant,Elijah Mannan,31,Desserts,10:00:00,22:00:00,3.9,2761,18.9,1
671,"Bhavsar, Krishna and Chaudhari Restaurant",Vidhi Narayanan,36,Mughlai,09:00:00,23:00:00,3.0,1013,20.27,0
672,Dave-Keer Restaurant,Bhavani Boase,37,Maharashtrian,10:00:00,23:30:00,4.1,2351,20.33,1
673,Nadkarni Group Restaurant,Falguni Mohan,50,Punjabi,09:00:00,22:00:00,3.8,2367,21.96,0
674,"Dua, Patla and Mutti Restaurant",Om Agrawal,11,Gujarati,09:00:00,23:00:00,4.3,4702,21.07,0
675,Koshy-Kant Restaurant,Aradhana Parsa,6,Chinese,09:00:00,22:00:00,3.6,2406,25.66,1
676,Narula Group Restaurant,Sanaya Parmer,18,Street Food,09:00:00,23:00:00,4.5,4287,29.48,1
677,Sur-Chopra Restaurant,Finn Mand,11,Chinese,08:00:00,22:00:00,4.5,2081,29.11,0
678,Yohannan and Sons Restaurant,Faraj Borra,14,Chinese,09:00:00,22:00:00,3.2,3896,23.23,0
679,Tripathi Ltd Restaurant,Nidhi Kala,50,Burger,10:00:00,22:00:00,3.2,1292,16.26,1
680,Lad PLC Restaurant,Manthan Pau,20,Italian,08:00:00,23:30:00,3.6,1055,16.97,0
681,Kapoor-Mannan Restaurant,Ucchal Thaker,2,North Indian,10:00:00,23:00:00,4.7,2684,27.96,1
682,"Chana, Ranganathan and Patla Restaurant",William Gandhi,35,Street Food,09:00:00,23:30:00,3.9,4437,17.66,1
683,"Dey, Sehgal and Dutta Restaurant",Madhav Sule,41,Punjabi,10:00:00,23:30:00,3.9,4392,19.64,1
684,Baria-Kanda Restaurant,Vincent Bhatnagar,31,Mughlai,08:00:00,22:00:00,3.9,3016,21.18,0
685,Pingle-Kaur Restaurant,Samuel Vasa,20,North Indian,08:00:00,23:30:00,4.6,1136,20.16,1
686,Rama-Singh Restaurant,Chakradhar Baral,35,North Indian,10:00:00,23:00:00,4.9,3928,19.49,1
687,"Naik, Chauhan and Verma Restaurant",Adya Ghosh,19,Maharashtrian,08:00:00,22:00:00,4.1,1564,21.18,1
688,Radhakrishnan-Pau Restaurant,Zansi Krishnamurthy,26,Italian,08:00:00,23:30:00,4.5,3212,27.43,0
689,Kapoor-Varty Restaurant,Ira Pai,17,South Indian,09:00:00,23:30:00,3.5,2247,19.27,1
690,Subramaniam-Ahuja Restaurant,Ria Gandhi,27,Italian,08:00:00,22:00:00,3.3,924,24.55,1
691,Bose PLC Restaurant,Siddharth Doctor,18,Punjabi,10:00:00,23:00:00,3.4,178,17.28,0
692,Dugar LLC Restaurant,Victor Sachdeva,12,South Indian,09:00:00,23:00:00,3.3,3611,25.91,0
693,Comar-Subramaniam Restaurant,Varenya Kade,6,Chinese,08:00:00,23:00:00,3.4,3462,19.67,1
694,"Edwin, Roy and Bains Restaurant",Caleb Datta,24,Biryani,10:00:00,22:00:00,3.7,1216,15.84,1
695,"Dyal, Desai and Vala Restaurant",Manan Bhalla,5,Mughlai,09:00:00,22:00:00,3.4,2068,27.26,0
696,Kuruvilla and Sons Restaurant,Anirudh Mander,8,Cafe,10:00:00,22:00:00,3.8,3648,18.71,0
697,Kalita Group Restaurant,Vasatika Garde,13,Biryani,10:00:00,22:00:00,4.0,1727,22.09,1
698,Roy PLC Restaurant,Qabil Vaidya,21,Chinese,10:00:00,23:30:00,3.1,4522,22.81,1
699,Ganesh-Oommen Restaurant,Ekapad Karpe,31,Gujarati,09:00:00,22:00:00,3.7,446,27.95,0
700,Rajan-Deo Restaurant,Amol Jain,8,Italian,10:00:00,23:00:00,3.6,1391,26.92,0
701,"Thaman, Saini and Doctor Restaurant",Peter Soni,26,Cafe,08:00:00,22:00:00,4.9,4780,26.75,1
702,"Barad, Wali and Thakur Restaurant",Girik Subramaniam,45,Maharashtrian,08:00:00,23:00:00,4.5,2057,17.37,0
703,"De, Zacharia and Agarwal Restaurant",Osha Prabhakar,44,Maharashtrian,09:00:00,23:30:00,3.1,2932,24.67,0
704,Wagle Group Restaurant,Vasatika Raj,9,Biryani,08:00:00,23:00:00,5.0,2865,27.08,1
705,Chaudhari-Sandal Restaurant,Aachal Sood,47,Italian,08:00:00,23:30:00,3.8,1123,18.76,0
706,Chacko LLC Restaurant,Aarini Gulati,32,Punjabi,09:00:00,23:30:00,3.6,4034,17.85,0
707,Amble PLC Restaurant,Zinal Amble,35,Pizza,09:00:00,23:30:00,3.9,4924,28.72,0
708,Jha-Mutti Restaurant,Janaki Chhabra,5,Mughlai,08:00:00,23:00:00,3.6,2177,23.12,1
709,Sandhu Ltd Restaurant,Advika Wason,1,Cafe,10:00:00,23:30:00,3.8,1539,28.24,1
710,Pau-Majumdar Restaurant,Samar Sachdev,50,Maharashtrian,08:00:00,23:00:00,4.4,4435,27.29,0
711,"Subramanian, Gola and Prabhakar Restaurant",Zehaan Mohanty,34,Gujarati,09:00:00,23:30:00,3.3,2339,19.84,1
712,"Padmanabhan, Rao and Devi Restaurant",Victor Sekhon,8,South Indian,10:00:00,23:30:00,3.1,1083,17.68,0
713,"Edwin, Chaudhry and Kala Restaurant",Hamsini Ben,13,South Indian,09:00:00,22:00:00,3.2,4697,24.63,1
714,Ramachandran Ltd Restaurant,Gavin Dhillon,43,Biryani,10:00:00,23:30:00,4.4,2116,15.74,0
715,Saran-Chakrabarti Restaurant,Adya Kapadia,39,Punjabi,08:00:00,22:00:00,4.9,1729,24.84,0
716,Buch-Barad Restaurant,Nandini Verma,30,Cafe,10:00:00,22:00:00,3.7,3427,27.33,0
717,Bhandari-Gill Restaurant,Reva Anne,40,Fast Food,10:00:00,22:00:00,4.5,2509,16.17,0
718,Vasa LLC Restaurant,Bahadurjit Uppal,34,South Indian,08:00:00,23:30:00,3.5,3176,17.84,0
719,"Kata, Gara and Banik Restaurant",William Acharya,37,Gujarati,08:00:00,23:30:00,4.5,3421,26.19,1
720,Chadha LLC Restaurant,Ira Rana,44,Biryani,10:00:00,23:30:00,3.9,872,17.5,0
721,Iyer-Vasa Restaurant,Ekapad Chana,36,Burger,10:00:00,23:00:00,4.3,4393,29.98,1
722,"Mane, Pall and Palan Restaurant",Upkaar Hayer,23,Street Food,09:00:00,23:30:00,5.0,2679,27.67,1
723,Raval-Agrawal Restaurant,Parth Ray,49,Gujarati,09:00:00,23:30:00,3.6,1991,23.45,0
724,"Chhabra, Bora and Thakur Restaurant",Harini Dada,25,Cafe,10:00:00,23:30:00,3.5,3726,21.71,1
725,"Kurian, Yogi and Krishna Restaurant",Krishna Sule,1,Punjabi,08:00:00,23:00:00,4.2,4260,17.03,1
726,Nori Group Restaurant,Ayaan Subramaniam,1,Fast Food,08:00:00,22:00:00,4.7,197,26.57,1
727,Kuruvilla Inc Restaurant,Thomas Karpe,36,Mughlai,10:00:00,23:30:00,4.9,1287,16.41,1
728,Sachar-Pandit Restaurant,Adya Kothari,23,Chinese,08:00:00,23:00:00,3.7,4789,18.75,1
729,Chander-Rastogi Restaurant,Faqid Gokhale,20,South Indian,10:00:00,23:00:00,4.1,1801,26.01,1
730,Murthy-Pandya Restaurant,Amruta Goswami,31,Chinese,09:00:00,23:30:00,4.4,801,23.93,1
731,"Gupta, Tara and Iyengar Restaurant",Wyatt Lanka,3,Punjabi,10:00:00,23:00:00,3.2,478,28.83,1
732,Karnik and Sons Restaurant,Ishani Dugal,23,Street Food,09:00:00,23:00:00,4.9,1007,28.05,0
733,Dar Inc Restaurant,Abeer Basak,48,Gujarati,10:00:00,22:00:00,4.3,3153,15.81,0
734,Prabhu-Murty Restaurant,Anvi Swaminathan,21,Mughlai,10:00:00,22:00:00,3.7,1828,17.3,1
735,Vaidya LLC Restaurant,Tristan Dave,29,Cafe,10:00:00,23:30:00,4.0,1839,21.48,1
736,Vora Group Restaurant,Bachittar Thakkar,10,Chinese,09:00:00,22:00:00,4.0,423,23.22,1
737,Ramesh-Ghosh Restaurant,Jai Vasa,6,Burger,10:00:00,23:00:00,4.5,1088,26.43,1
738,Mutti-Anand Restaurant,Shivansh Raghavan,36,Italian,09:00:00,23:00:00,4.3,1626,23.42,0
739,"Chaudhuri, Nanda and Pathak Restaurant",Rachit Lall,16,South Indian,09:00:00,23:00:00,3.6,4738,16.34,1
740,Luthra Group Restaurant,Jasmit Gour,28,Pizza,09:00:00,22:00:00,3.6,4885,24.83,1
741,Samra-Kade Restaurant,Kashish Patla,11,Pizza,10:00:00,23:00:00,4.2,3628,15.67,0
742,Mammen-Seshadri Restaurant,Karan Karnik,13,Gujarati,09:00:00,22:00:00,4.5,722,16.69,0
743,Madan and Sons Restaurant,Lakshmi Hayre,16,Maharashtrian,08:00:00,23:00:00,3.0,931,19.58,1
744,Doctor Group Restaurant,Patrick Sama,2,Pizza,08:00:00,23:30:00,4.1,1689,23.2,1
745,Desai-Varughese Restaurant,Vidhi Mital,36,Biryani,10:00:00,23:30:00,5.0,170,20.65,0
746,Batta-Rao Restaurant,Nihal Bhasin,17,Chinese,08:00:00,23:00:00,3.4,2242,15.8,0
747,Kumar Group Restaurant,Shivani Natt,5,Burger,10:00:00,23:00:00,4.3,2970,27.96,0
748,Patel-Parsa Restaurant,Hemangini Bahri,19,Desserts,10:00:00,23:00:00,3.5,3138,22.63,0
749,Dara-Panchal Restaurant,Owen Mane,21,Biryani,10:00:00,23:30:00,3.2,1649,22.51,1
750,Nair-Uppal Restaurant,Sanya Brar,36,Street Food,10:00:00,22:00:00,3.1,4356,19.57,1
751,Mangat-Sheth Restaurant,Oliver Nazareth,26,Punjabi,08:00:00,22:00:00,3.7,2902,20.33,1
752,Ravel-Bora Restaurant,Neel Oza,16,Mughlai,09:00:00,22:00:00,4.3,3191,28.36,0
753,Murthy LLC Restaurant,Amara Rana,36,Fast Food,08:00:00,22:00:00,3.7,3238,24.85,0
754,Saxena-Patil Restaurant,Odika Ganesh,47,Burger,10:00:00,23:30:00,4.2,1883,21.26,0
755,Bajaj and Sons Restaurant,Zayan Buch,28,Fast Food,10:00:00,23:00:00,3.9,1099,18.1,0
756,Ganesan Group Restaurant,Girish Bhatt,38,Mughlai,10:00:00,22:00:00,4.7,2551,25.33,0
757,Bhagat-Bal Restaurant,Fiyaz Chawla,28,Street Food,08:00:00,23:30:00,4.9,1314,19.76,0
758,Dugal-Chad Restaurant,Dayamai Karnik,12,Pizza,08:00:00,23:30:00,3.1,2630,28.2,1
759,Mander Group Restaurant,Karan Vyas,27,Fast Food,09:00:00,23:30:00,4.9,2262,17.28,0
760,Balakrishnan Inc Restaurant,Eshana Soni,7,Chinese,08:00:00,22:00:00,4.5,2206,24.08,0
761,Zachariah-Magar Restaurant,Krishna Zacharia,39,Italian,08:00:00,23:30:00,3.1,671,25.32,1
762,Shan Ltd Restaurant,Dayita Palan,9,Mughlai,10:00:00,23:00:00,4.4,3083,17.76,1
763,Zacharia-Karan Restaurant,Riya Morar,32,Biryani,08:00:00,22:00:00,3.4,284,21.13,0
764,Sachar-Lad Restaurant,Chavvi Anne,18,Burger,08:00:00,23:30:00,4.3,1681,26.37,0
765,Virk and Sons Restaurant,Bhavini Singh,12,Street Food,09:00:00,23:30:00,4.0,2681,28.0,0
766,"Anand, Swamy and Sood Restaurant",Aditya Sani,28,Burger,08:00:00,23:30:00,4.5,3136,25.8,1
767,Kashyap-Amble Restaurant,Ranbir Sabharwal,40,Punjabi,10:00:00,23:30:00,4.1,335,22.81,1
768,"Sarkar, Rana and Krish Restaurant",Madhavi Radhakrishnan,30,Desserts,08:00:00,22:00:00,4.0,3260,29.76,0
769,Lall Inc Restaurant,Wriddhish Varughese,36,Burger,10:00:00,23:30:00,4.9,1575,19.37,1
770,"Magar, Mane and Wali Restaurant",Nitara Guha,20,Cafe,09:00:00,23:00:00,3.3,2431,24.2,0
771,Gopal and Sons Restaurant,Indrajit Shah,45,Mughlai,08:00:00,23:00:00,4.7,3720,16.36,0
772,"Sethi, Magar and Swamy Restaurant",Ekani Bahl,12,Cafe,10:00:00,23:30:00,4.1,3240,21.2,1
773,Bawa PLC Restaurant,Quincy Chaudry,2,Chinese,09:00:00,23:30:00,4.8,1674,28.24,0
774,Luthra-Dass Restaurant,Abhiram Kaul,17,Pizza,10:00:00,23:30:00,4.8,1363,25.78,0
775,Dora Inc Restaurant,Teerth Oommen,6,South Indian,10:00:00,23:00:00,4.3,718,22.86,1
776,Muni-Tara Restaurant,Ubika Balay,47,Cafe,10:00:00,23:30:00,4.9,3122,23.26,0
777,Buch-Dhingra Restaurant,Amaira Ramanathan,50,Chinese,09:00:00,23:30:00,4.7,1249,17.43,0
778,Singhal and Sons Restaurant,Zashil Raj,12,Cafe,10:00:00,22:00:00,3.8,2555,25.95,1
779,Dara Ltd Restaurant,Lekha Savant,19,Gujarati,08:00:00,22:00:00,4.8,1681,15.05,1
780,Bandi and Sons Restaurant,Girindra Verma,1,Biryani,09:00:00,23:00:00,4.1,67,24.12,1
781,"Joshi, Solanki and Ramachandran Restaurant",Ekantika Dutt,16,Italian,10:00:00,23:30:00,4.0,3379,21.63,0
782,"Basak, Verma and Das Restaurant",Vasana Misra,16,Street Food,10:00:00,23:00:00,4.2,4587,27.3,0
783,Patel Inc Restaurant,Isaiah Keer,4,Chinese,08:00:00,22:00:00,4.3,320,17.18,0
784,"Saraf, Nair and Aurora Restaurant",Anya Dar,43,Maharashtrian,10:00:00,23:00:00,3.7,738,15.74,1
785,Kibe-Andra Restaurant,Vaishnavi Dubey,12,Chinese,10:00:00,23:00:00,4.2,4893,23.58,0
786,Chakraborty-Kothari Restaurant,Xalak Chand,30,Punjabi,10:00:00,23:00:00,4.9,782,26.53,1
787,"Nigam, Bhasin and Bhasin Restaurant",Mitesh Yadav,24,Street Food,09:00:00,22:00:00,4.5,4529,15.97,1
788,Dass Group Restaurant,Edhitha Palan,9,South Indian,10:00:00,23:00:00,3.7,3409,22.87,0
789,Hans-Bail Restaurant,Ishita Desai,40,North Indian,08:00:00,23:30:00,4.5,4353,29.81,1
790,Baral-Sundaram Restaurant,Chaitaly Suri,47,Punjabi,10:00:00,23:30:00,3.6,2612,18.89,1
791,Grover PLC Restaurant,Ekiya Sidhu,9,Maharashtrian,10:00:00,23:00:00,4.0,4097,22.39,0
792,Dyal-Biswas Restaurant,Shivani Merchant,40,Italian,10:00:00,23:00:00,5.0,32,16.77,1
793,Peri-Setty Restaurant,Yashawini Raghavan,41,Cafe,08:00:00,23:30:00,4.7,3416,21.21,1
794,"Goyal, Bahl and Patla Restaurant",Ekani Bhatnagar,23,Mughlai,10:00:00,22:00:00,3.0,1668,25.35,1
795,"Yohannan, Ram and Gupta Restaurant",Mitesh Mandal,5,Fast Food,09:00:00,23:30:00,4.1,70,16.71,1
796,Rout-Nagy Restaurant,Gopal Virk,22,Burger,10:00:00,23:30:00,4.2,258,27.48,0
797,"Bhavsar, Bassi and Dayal Restaurant",Azad Jaggi,22,Desserts,09:00:00,23:30:00,4.0,3907,26.96,0
798,Sunder and Sons Restaurant,Azad Rama,31,Chinese,10:00:00,23:00:00,4.8,4418,28.44,1
799,"Suri, Vora and Kunda Restaurant",Jeevika Kant,27,Street Food,10:00:00,22:00:00,4.7,2472,23.47,1
800,"Bobal, Arya and Joshi Restaurant",Fariq Sidhu,36,Mughlai,08:00:00,22:00:00,4.2,2737,26.99,1
801,"Bhat, Patel and Sagar Restaurant",Dalbir Lata,5,Chinese,09:00:00,22:00:00,3.7,3093,24.4,0
802,"Baria, Bobal and Modi Restaurant",Tarak Venkataraman,37,Maharashtrian,09:00:00,22:00:00,4.2,2545,25.58,1
803,Chaudhuri Ltd Restaurant,Lekha Gupta,46,North Indian,09:00:00,23:00:00,3.2,1966,20.57,1
804,Vora Ltd Restaurant,Praneel Sagar,14,Mughlai,09:00:00,22:00:00,3.2,326,26.67,0
805,"Cherian, Parmar and Shanker Restaurant",Hemang Ganesan,29,Mughlai,08:00:00,23:00:00,4.8,1282,17.85,1
806,Ratti PLC Restaurant,Nakul Walla,47,Desserts,10:00:00,23:00:00,4.6,1193,26.54,0
807,"Savant, Pandey and Murty Restaurant",Kamya Sachar,34,Gujarati,08:00:00,22:00:00,4.4,3783,20.81,0
808,"Sani, Naik and Khosla Restaurant",Keya Kumar,1,Fast Food,08:00:00,23:30:00,4.7,733,20.0,0
809,Sethi-Sem Restaurant,Aadi Banerjee,7,Mughlai,10:00:00,23:30:00,3.6,4751,26.38,0
810,Babu-Vasa Restaurant,Chasmum Ahuja,21,Italian,08:00:00,23:00:00,3.6,2634,26.59,0
811,Kapadia-Kala Restaurant,Anthony Majumdar,18,Chinese,08:00:00,23:00:00,3.2,4604,22.71,0
812,"Vaidya, Dubey and Chandra Restaurant",Triveni Parekh,35,Pizza,10:00:00,23:00:00,3.5,2340,23.61,0
813,Devi LLC Restaurant,Zaid Kaul,5,Fast Food,10:00:00,23:00:00,4.1,435,16.95,1
814,Mital-Chanda Restaurant,Teerth Brahmbhatt,44,North Indian,08:00:00,23:00:00,3.1,3513,20.88,1
815,"Nair, Subramanian and Ghose Restaurant",Girish Mital,40,Pizza,09:00:00,23:00:00,4.6,4390,16.18,1
816,Raj Inc Restaurant,Gaurika Pall,37,Chinese,08:00:00,23:30:00,3.9,3752,19.66,1
817,Saha-Dara Restaurant,Advay Raja,31,Italian,08:00:00,22:00:00,4.7,2133,28.69,1
818,Mody PLC Restaurant,Eiravati Zacharia,12,Punjabi,10:00:00,23:00:00,4.6,2680,21.8,0
819,"Doctor, Narain and Thakkar Restaurant",Michael Bedi,5,Biryani,08:00:00,23:00:00,4.0,1419,19.23,1
820,"Ramaswamy, Sehgal and Thaman Restaurant",Tristan Sankaran,39,Maharashtrian,08:00:00,23:30:00,3.2,896,19.89,0
821,Ramesh-Divan Restaurant,Gayathri Butala,20,Mughlai,09:00:00,23:00:00,4.2,1974,24.31,0
822,Bawa-Rastogi Restaurant,Frederick Rastogi,31,Burger,08:00:00,23:00:00,3.4,4861,21.47,1
823,"Saraf, De and Deshmukh Restaurant",Rudra Sura,37,Cafe,09:00:00,23:30:00,4.4,1437,24.94,0
824,Hayre-Viswanathan Restaurant,Xavier Bora,48,Street Food,10:00:00,23:30:00,4.7,956,23.88,1
825,Sani-Naik Restaurant,Isaiah Sachdev,21,Mughlai,08:00:00,23:00:00,3.4,3344,16.04,0
826,Pau-Pall Restaurant,Ekani Padmanabhan,44,Desserts,10:00:00,23:00:00,3.7,523,16.36,0
827,"Bajwa, Mody and Gara Restaurant",Riya Dhingra,38,Street Food,10:00:00,22:00:00,4.5,1242,21.79,1
828,Basu-Kaur Restaurant,Kashvi Dugal,25,Maharashtrian,10:00:00,23:00:00,3.4,2613,19.5,1
829,"Chada, Chowdhury and Bhagat Restaurant",Manbir Mani,28,Punjabi,09:00:00,22:00:00,4.2,4201,21.06,0
830,Oza Ltd Restaurant,Dalaja Sengupta,19,North Indian,09:00:00,23:30:00,4.9,26,25.55,1
831,Bajaj-Narula Restaurant,Siddharth Jani,8,Desserts,09:00:00,22:00:00,3.5,4854,20.91,1
832,"Virk, Kuruvilla and Subramanian Restaurant",Andrew Puri,46,Burger,09:00:00,23:00:00,3.9,1750,24.94,1
833,"Vyas, Bassi and Kumer Restaurant",Darpan Mander,9,Italian,10:00:00,23:00:00,4.7,2971,27.6,0
834,Madan Inc Restaurant,Abhiram Bhavsar,19,Desserts,10:00:00,22:00:00,3.3,607,24.73,0
835,Madan-Parsa Restaurant,Anirudh Master,47,Street Food,09:00:00,23:30:00,3.9,1132,16.27,1
836,"Raju, Kashyap and Rai Restaurant",Diya Sundaram,30,Street Food,10:00:00,23:30:00,4.9,1492,21.82,1
837,"Wali, Chakrabarti and Grewal Restaurant",Xiti Shankar,36,Desserts,09:00:00,23:00:00,3.7,1542,21.37,0
838,"Bains, Baral and Kota Restaurant",Gauri Suri,37,Biryani,10:00:00,22:00:00,4.4,2225,21.16,1
839,Dugar-Badami Restaurant,Indira Pant,3,North Indian,10:00:00,23:00:00,4.4,947,23.7,0
840,"Mittal, Keer and Thaker Restaurant",David Kurian,10,Punjabi,10:00:00,23:30:00,5.0,2309,21.97,0
841,Balan-Mammen Restaurant,Max Om,34,Street Food,10:00:00,22:00:00,3.5,659,25.26,1
842,Devan-Chahal Restaurant,Utkarsh Sahni,40,North Indian,09:00:00,23:30:00,4.6,3860,21.81,1
843,Dua Group Restaurant,Forum Sen,37,Punjabi,09:00:00,23:00:00,3.7,2433,19.34,0
844,"Deep, Jhaveri and Devi Restaurant",Lakshit More,45,Street Food,10:00:00,23:30:00,3.6,4637,18.91,1
845,"Viswanathan, Deshmukh and Sani Restaurant",Nakul Nadkarni,38,Chinese,10:00:00,22:00:00,4.3,2410,27.13,0
846,Walia Ltd Restaurant,Qarin Nadkarni,19,Biryani,08:00:00,22:00:00,4.0,2296,18.78,1
847,Balan LLC Restaurant,Nisha Mitter,18,Desserts,09:00:00,22:00:00,4.5,4966,17.62,0
848,Mahal-Doshi Restaurant,Hredhaan Deep,43,Biryani,09:00:00,22:00:00,3.5,1954,22.27,0
849,Bal PLC Restaurant,Vihaan Kata,22,South Indian,08:00:00,23:30:00,4.9,1282,27.56,1
850,Bal LLC Restaurant,Vansha Desai,50,Burger,08:00:00,23:30:00,3.9,1390,18.16,1
851,"Singh, Prakash and Gour Restaurant",Vyanjana Som,4,Gujarati,09:00:00,22:00:00,3.1,3821,20.98,1
852,Gade and Sons Restaurant,Bachittar Rege,31,Punjabi,10:00:00,22:00:00,3.8,3215,22.12,0
853,Madan Group Restaurant,Samaksh Jayaraman,34,Desserts,09:00:00,22:00:00,3.6,3696,20.73,1
854,Goel Group Restaurant,Ekta Shankar,34,Gujarati,08:00:00,22:00:00,4.8,2918,29.34,1
855,Sane Group Restaurant,Lajita Munshi,40,Street Food,10:00:00,23:00:00,3.7,2207,27.03,1
856,Yadav-Vohra Restaurant,Ikbal Seth,42,Maharashtrian,09:00:00,23:00:00,4.5,2000,26.01,0
857,Basak-Korpal Restaurant,Balveer Ram,34,Pizza,10:00:00,23:30:00,5.0,2586,23.21,0
858,"Bawa, Gupta and Manne Restaurant",Mitali Modi,5,North Indian,09:00:00,22:00:00,4.1,3673,20.27,1
859,Shenoy-Ganesan Restaurant,Chaitaly Bhagat,17,Italian,08:00:00,22:00:00,4.2,485,29.08,0
860,"Varughese, Dhar and Sheth Restaurant",Gautam Tella,39,Gujarati,08:00:00,23:30:00,4.9,727,27.85,0
861,Gole PLC Restaurant,Maya Sachdev,25,Gujarati,10:00:00,23:30:00,4.6,1533,28.44,0
862,Seshadri-Bakshi Restaurant,Sudiksha Jaggi,17,Fast Food,09:00:00,23:30:00,4.9,3734,28.84,1
863,Chana-Krishna Restaurant,Nihal Dasgupta,50,Burger,10:00:00,23:30:00,4.5,2669,18.86,0
864,Comar Ltd Restaurant,Janani Chada,18,Cafe,08:00:00,23:00:00,3.8,512,18.87,1
865,"Rajagopalan, Vaidya and Dutta Restaurant",Lajita Bassi,12,Biryani,08:00:00,23:00:00,5.0,1663,24.15,0
866,Nayak PLC Restaurant,Nicholas Dhillon,42,Biryani,08:00:00,22:00:00,4.1,3552,18.28,0
867,Behl Group Restaurant,Dayamai Sehgal,29,Punjabi,09:00:00,22:00:00,3.1,596,23.57,1
868,Golla-Dalal Restaurant,Samaksh Aggarwal,50,Biryani,08:00:00,23:00:00,3.3,27,28.99,1
869,"Kulkarni, Arora and Shanker Restaurant",Wishi Ahluwalia,18,Chinese,10:00:00,23:00:00,4.8,4727,15.06,1
870,"Tak, Khanna and Kalla Restaurant",Sudiksha Rout,31,Burger,09:00:00,23:30:00,4.6,594,23.1,0
871,Buch-Ahuja Restaurant,Arunima Johal,25,Punjabi,09:00:00,22:00:00,4.1,2960,20.0,1
872,Goyal and Sons Restaurant,Ikshita Bansal,26,North Indian,10:00:00,23:30:00,3.2,4399,27.8,1
873,Bali Ltd Restaurant,Garima Chahal,6,Desserts,09:00:00,23:00:00,4.3,1466,23.32,1
874,Chopra Group Restaurant,Neel Mane,43,Italian,09:00:00,23:30:00,3.8,894,24.46,1
875,"Goel, Shah and Parsa Restaurant",Girik Mistry,32,South Indian,10:00:00,23:00:00,4.5,1166,15.54,0
876,Pillay-Raghavan Restaurant,Prisha Bhattacharyya,47,Maharashtrian,08:00:00,23:00:00,3.8,4448,24.65,1
877,Sinha-Desai Restaurant,Anvi Narayan,35,Desserts,09:00:00,22:00:00,3.1,479,20.07,0
878,"Sachdev, Vohra and Kadakia Restaurant",Dalbir Chopra,26,South Indian,08:00:00,23:30:00,4.3,3774,29.1,0
879,"Wadhwa, Chahal and Sule Restaurant",Prisha Nadig,48,Maharashtrian,08:00:00,22:00:00,3.1,1179,22.33,0
880,Vora-Pandya Restaurant,Watika Venkatesh,31,Street Food,10:00:00,22:00:00,3.5,1089,15.22,0
881,"Tank, Tailor and Gole Restaurant",Bina Hari,20,Desserts,08:00:00,23:00:00,4.2,4861,15.96,0
882,Dani Inc Restaurant,Jacob Johal,8,Biryani,10:00:00,23:30:00,3.4,1680,21.39,1
883,"Sachdeva, Sachdev and Bath Restaurant",Inaya Kala,21,South Indian,10:00:00,23:30:00,4.1,2654,27.55,0
884,Jaggi Ltd Restaurant,Aachal Bir,49,North Indian,10:00:00,22:00:00,3.7,1009,19.11,1
885,Mital-Toor Restaurant,Abeer Comar,11,Punjabi,09:00:00,23:30:00,3.3,2015,28.89,0
886,"Nath, Om and Randhawa Restaurant",Parth Hari,9,South Indian,10:00:00,23:30:00,3.8,1312,15.23,1
887,Nigam-Srinivas Restaurant,Balendra Deshpande,6,North Indian,08:00:00,22:00:00,4.9,4883,28.3,1
888,Dugal-Sharma Restaurant,Turvi Sachdev,45,Cafe,09:00:00,23:30:00,3.3,1192,24.6,1
889,"Bhalla, Verma and Mistry Restaurant",Anirudh Joshi,27,Italian,08:00:00,23:30:00,4.4,4904,17.7,1
890,"Narula, Pandya and Bhatti Restaurant",Avni Balasubramanian,40,South Indian,10:00:00,23:00:00,3.7,57,23.37,0
891,Prashad-Warrior Restaurant,Lopa Grover,8,Mughlai,08:00:00,23:30:00,3.7,4441,22.61,1
892,"Dada, Morar and Murty Restaurant",Anita Sachdev,50,Gujarati,10:00:00,22:00:00,3.6,1606,16.69,0
893,Taneja and Sons Restaurant,Siya Mittal,44,Desserts,09:00:00,23:00:00,3.4,373,15.81,1
894,Vohra LLC Restaurant,Isaac Prasad,19,Italian,09:00:00,23:00:00,3.7,3732,15.65,0
895,Jaggi Inc Restaurant,Yashawini Bakshi,35,Chinese,08:00:00,22:00:00,4.0,970,16.06,0
896,Tella-Dube Restaurant,Harini Sule,47,Biryani,10:00:00,23:30:00,3.7,1648,26.21,1
897,"Viswanathan, Mukherjee and Narang Restaurant",Guneet Varty,15,Cafe,08:00:00,23:00:00,3.5,1962,26.07,0
898,"Deo, Jha and Bansal Restaurant",Lila Vig,25,Street Food,08:00:00,22:00:00,3.9,3988,15.82,1
899,Agrawal LLC Restaurant,Gagan Nath,10,Italian,10:00:00,23:00:00,3.4,3079,17.05,0
900,Batra-Chauhan Restaurant,Arin Muni,41,Pizza,09:00:00,22:00:00,3.7,282,25.38,0
901,"Kadakia, Nagi and Iyer Restaurant",Bhavini Malhotra,18,Chinese,08:00:00,23:00:00,3.9,1422,26.41,0
902,"Nagar, Sastry and Dalal Restaurant",Manthan Dugar,19,Maharashtrian,08:00:00,23:30:00,4.9,1412,23.67,0
903,Contractor-Aurora Restaurant,Samuel Palla,6,Burger,10:00:00,23:00:00,4.7,1793,23.87,1
904,"Nagar, Madan and Dhaliwal Restaurant",Yash Garg,18,North Indian,10:00:00,23:00:00,4.5,2040,18.72,1
905,Mukhopadhyay PLC Restaurant,Sachi Bedi,38,Italian,10:00:00,22:00:00,4.8,61,21.27,0
906,Balakrishnan Group Restaurant,Hitesh Rajagopal,3,Biryani,10:00:00,23:30:00,3.1,4370,20.91,0
907,Chadha Group Restaurant,Praneel Sehgal,29,Biryani,08:00:00,22:00:00,4.1,121,25.4,1
908,"Parekh, Muni and Natarajan Restaurant",Farhan Shroff,14,Chinese,09:00:00,23:00:00,3.5,763,15.24,1
909,"Deep, Chander and Sidhu Restaurant",Tamanna Mukherjee,11,Punjabi,09:00:00,23:30:00,4.5,219,29.65,1
910,"Shroff, Singhal and Kata Restaurant",Maanas Kuruvilla,50,Chinese,10:00:00,23:00:00,3.4,3054,24.4,0
911,Ramanathan-Goswami Restaurant,Ekta Setty,41,South Indian,09:00:00,23:30:00,3.7,287,19.45,1
912,Balan-Bhattacharyya Restaurant,Isaiah Panchal,45,Maharashtrian,10:00:00,23:30:00,4.6,683,24.31,1
913,Shenoy-Garde Restaurant,Ijaya Datta,48,Street Food,08:00:00,23:30:00,4.9,3001,28.32,0
914,"Chauhan, Ravi and Chhabra Restaurant",Ekavir Mittal,25,Pizza,09:00:00,23:30:00,3.1,3021,17.63,0
915,"Shenoy, Rattan and Sachdev Restaurant",Yagnesh Dutt,36,Punjabi,08:00:00,22:00:00,5.0,1974,23.09,1
916,Rajagopalan-Bhatti Restaurant,Sathvik Sankar,48,Cafe,10:00:00,23:30:00,3.4,1866,19.81,1
917,Oommen-Keer Restaurant,Faras Sur,33,Gujarati,09:00:00,23:00:00,3.1,3074,20.18,1
918,Sheth LLC Restaurant,Sai Goda,33,Mughlai,08:00:00,23:00:00,4.4,4385,28.49,1
919,Ravi-Boase Restaurant,Ladli Narang,40,Pizza,10:00:00,23:30:00,4.6,557,17.83,1
920,Bhat-Chana Restaurant,Liam Acharya,6,South Indian,09:00:00,22:00:00,3.6,650,16.64,1
921,Dixit Group Restaurant,Madhavi Sekhon,8,Punjabi,08:00:00,23:00:00,3.3,1693,22.81,0
922,Jha Ltd Restaurant,Chandani Modi,19,Burger,10:00:00,23:30:00,4.9,3902,20.2,1
923,Padmanabhan-Chakraborty Restaurant,Yashvi Raval,48,Gujarati,08:00:00,23:00:00,3.4,200,28.08,0
924,Menon Inc Restaurant,Chatresh Acharya,34,Gujarati,09:00:00,23:00:00,4.2,2693,22.29,1
925,"Parmer, Choudhary and Manda Restaurant",Wahab Sankaran,30,Fast Food,10:00:00,22:00:00,4.8,2530,17.58,1
926,"Ramesh, Nadkarni and Raja Restaurant",Lakshmi Saran,15,Biryani,09:00:00,23:00:00,4.5,407,17.23,1
927,"Kakar, Ghose and Soman Restaurant",Raghav Rajagopalan,30,Chinese,10:00:00,22:00:00,4.4,2356,17.73,0
928,Sahni-Dube Restaurant,Jeremiah Desai,46,Punjabi,10:00:00,22:00:00,3.3,977,15.62,1
929,Bora Ltd Restaurant,Maanas Sur,37,Chinese,09:00:00,23:00:00,3.7,1700,23.44,0
930,"Sarkar, Deshpande and Chad Restaurant",Ojasvi Shah,43,Pizza,09:00:00,22:00:00,3.7,4442,29.63,1
931,"Sandal, Gole and Sha Restaurant",Shivani Rajagopalan,8,Street Food,08:00:00,23:00:00,4.9,1210,29.22,1
932,Kara-Grewal Restaurant,Abhimanyu Tara,10,North Indian,10:00:00,23:30:00,5.0,2733,24.71,1
933,"Khalsa, Thaker and Luthra Restaurant",Jeevika Bandi,31,Street Food,09:00:00,23:30:00,4.3,4650,25.93,1
934,Subramanian Ltd Restaurant,Isaiah Subramaniam,22,Punjabi,08:00:00,23:30:00,4.0,348,17.09,0
935,"Buch, Dhar and Vyas Restaurant",Udyati Varughese,20,North Indian,09:00:00,23:30:00,4.7,3673,20.36,1
936,Virk PLC Restaurant,Yatan Sodhi,4,Maharashtrian,10:00:00,22:00:00,4.2,1839,26.72,1
937,"Brahmbhatt, Zacharia and Muni Restaurant",Hemal Warrior,13,North Indian,08:00:00,23:30:00,4.7,735,29.64,1
938,Singh Group Restaurant,Garima Sama,13,Biryani,09:00:00,23:30:00,4.2,479,28.63,1
939,Menon-Mann Restaurant,Balendra Modi,26,Chinese,10:00:00,23:00:00,3.7,3074,15.18,1
940,"Lad, Bhat and Solanki Restaurant",Charan Manne,23,Fast Food,09:00:00,23:30:00,3.2,3659,26.12,1
941,"Bala, Mangat and Sundaram Restaurant",Jonathan Tiwari,29,Fast Food,08:00:00,23:30:00,4.9,3492,25.93,1
942,Mall LLC Restaurant,Avni Maharaj,9,Desserts,10:00:00,23:30:00,3.2,1722,19.55,1
943,Atwal-Choudhury Restaurant,Matthew Sekhon,5,Street Food,10:00:00,23:00:00,3.2,3374,24.58,1
944,Gill-Lal Restaurant,Vedhika Golla,27,Chinese,10:00:00,23:00:00,4.4,1141,17.99,1
945,"Bali, Oza and Chad Restaurant",Mitesh Tandon,19,Mughlai,09:00:00,22:00:00,4.6,2493,27.52,1
946,Rajagopal-Khanna Restaurant,Oliver Kade,32,Mughlai,10:00:00,23:00:00,3.4,40,17.31,1
947,"Pai, Bhagat and Lalla Restaurant",Charles Ganesh,41,Desserts,10:00:00,23:00:00,3.2,2376,21.26,1
948,Rastogi-Soni Restaurant,Vamakshi Walia,45,Gujarati,08:00:00,22:00:00,3.2,2290,22.4,0
949,Raghavan Ltd Restaurant,Urvi Lala,39,Punjabi,09:00:00,23:30:00,4.0,3592,28.03,1
950,Wali Group Restaurant,Bhavya Sen,45,Desserts,08:00:00,23:00:00,4.0,4732,15.26,1
951,Mutti-Wagle Restaurant,Gunbir Wali,11,Maharashtrian,08:00:00,22:00:00,3.6,1129,20.36,0
952,"Pandya, Sankaran and Mahajan Restaurant",Anamika Loke,18,Pizza,09:00:00,23:30:00,4.8,2936,15.73,1
953,Kumer Ltd Restaurant,Triya Khurana,34,Gujarati,08:00:00,23:30:00,3.4,1521,26.47,0
954,"Hayer, Venkatesh and Nazareth Restaurant",Dhriti Anne,35,Pizza,09:00:00,23:30:00,4.6,2243,25.28,1
955,"Anand, Bir and Arora Restaurant",Guneet Vohra,7,Mughlai,10:00:00,23:00:00,4.6,125,17.05,1
956,Sehgal LLC Restaurant,Bhanumati Krishnamurthy,24,Cafe,09:00:00,23:00:00,3.7,1355,16.54,0
957,Bandi Inc Restaurant,Dakshesh Kalla,33,Italian,08:00:00,23:30:00,4.2,4326,27.69,0
958,"Dara, Dar and Chadha Restaurant",Keya Goyal,27,Biryani,08:00:00,22:00:00,4.6,162,22.19,1
959,Gour LLC Restaurant,Unni Borra,45,Pizza,08:00:00,23:00:00,4.8,4915,22.85,1
960,"Setty, Malhotra and Sane Restaurant",Aarini Edwin,12,Punjabi,09:00:00,22:00:00,4.5,991,18.34,0
961,Malhotra Inc Restaurant,Lipika Natarajan,45,Italian,09:00:00,22:00:00,3.4,663,21.37,0
962,Kuruvilla LLC Restaurant,Ridhi Boase,5,North Indian,09:00:00,23:00:00,3.1,903,15.49,0
963,Iyer-Ramaswamy Restaurant,Vyanjana Chopra,31,South Indian,09:00:00,22:00:00,3.1,104,26.32,0
964,Zachariah Group Restaurant,Hitesh Sathe,39,Italian,10:00:00,22:00:00,3.4,2899,15.44,0
965,"Lad, Chauhan and Banerjee Restaurant",Ekavir Krishna,48,Fast Food,10:00:00,23:00:00,3.7,4121,26.71,0
966,Bahl-Tank Restaurant,Aadi Barad,33,Maharashtrian,08:00:00,22:00:00,4.6,134,22.93,0
967,"Ramakrishnan, Lata and Doshi Restaurant",Mahika Aggarwal,19,Chinese,10:00:00,22:00:00,4.9,828,28.86,1
968,"Swaminathan, Sridhar and Sarin Restaurant",Ekaraj Zachariah,24,Punjabi,10:00:00,22:00:00,3.9,899,17.71,1
969,Aggarwal Group Restaurant,Jairaj Wason,25,Burger,08:00:00,23:30:00,3.5,944,26.42,1
970,Nath-Mitter Restaurant,Christopher Chana,8,Biryani,08:00:00,23:30:00,3.3,2979,25.57,0
971,Warrior-Oak Restaurant,Tripti Mann,6,Pizza,09:00:00,22:00:00,3.8,3763,24.01,1
972,"Jain, Goda and Baral Restaurant",Rayaan Mistry,44,Desserts,09:00:00,22:00:00,4.1,2400,29.77,1
973,"Ramakrishnan, Chhabra and Parmer Restaurant",Frado Sarma,13,Desserts,08:00:00,23:00:00,4.9,3030,17.69,1
974,"Gupta, Dey and Banik Restaurant",Aryan Khare,44,South Indian,09:00:00,23:00:00,4.0,716,16.79,1
975,Ramachandran-Bhatnagar Restaurant,Xalak Walla,26,Punjabi,10:00:00,22:00:00,4.5,1402,15.97,0
976,Babu-Bansal Restaurant,Daksh Nazareth,22,Italian,10:00:00,23:00:00,3.2,3499,25.88,1
977,"Basak, Ravi and Dani Restaurant",Tara Yadav,49,Punjabi,10:00:00,23:30:00,3.5,3298,20.34,1
978,Kaul Inc Restaurant,Lohit Suresh,32,Mughlai,09:00:00,22:00:00,4.5,905,16.83,1
979,"Bahl, Sinha and Bath Restaurant",Kalpit Atwal,32,Italian,10:00:00,22:00:00,3.1,452,27.45,1
980,Bedi LLC Restaurant,Tanmayi Garde,44,North Indian,08:00:00,23:00:00,4.2,2698,17.29,0
981,"Bhatt, Cherian and Comar Restaurant",Thomas Bhatnagar,49,South Indian,10:00:00,23:30:00,4.5,3837,18.03,1
982,Sandhu LLC Restaurant,Ekta Dara,32,Mughlai,09:00:00,23:30:00,3.7,4448,23.2,0
983,"Devan, Nagy and Kala Restaurant",Oscar Nayak,28,Street Food,08:00:00,23:00:00,3.9,3102,21.64,0
984,Dara LLC Restaurant,Ojasvi Ganguly,3,Chinese,10:00:00,23:30:00,4.7,2502,28.27,0
985,"Pingle, Gala and Sarna Restaurant",Banjeet Deol,32,Burger,08:00:00,23:00:00,4.4,4013,26.46,1
986,Puri and Sons Restaurant,Vidhi Buch,43,Mughlai,10:00:00,23:30:00,4.1,3918,23.43,0
987,Amble and Sons Restaurant,Bhanumati Saha,33,North Indian,09:00:00,23:00:00,4.0,3114,24.25,1
988,"Soni, Date and Jhaveri Restaurant",Anika Virk,50,Fast Food,09:00:00,22:00:00,3.1,389,16.92,1
989,Sabharwal-Khare Restaurant,Baljiwan Gole,23,Cafe,10:00:00,23:30:00,3.1,2815,20.71,1
990,"Tata, Chakrabarti and Mitra Restaurant",Omya Agrawal,23,Pizza,09:00:00,23:00:00,3.1,2020,18.71,1
991,"Keer, Handa and Dalal Restaurant",Janaki Zacharia,38,South Indian,10:00:00,22:00:00,4.7,957,20.06,0
992,"Kanda, Shetty and Joshi Restaurant",Chatresh Hari,35,Pizza,08:00:00,23:00:00,4.3,3480,23.52,1
993,Dixit Ltd Restaurant,Widisha Goda,18,North Indian,10:00:00,23:00:00,4.2,2612,20.67,1
994,Bassi Inc Restaurant,Bhavani Kadakia,21,Maharashtrian,08:00:00,23:00:00,3.2,1706,20.04,1
995,Krishnamurthy-Natt Restaurant,Caleb Chawla,11,Maharashtrian,09:00:00,23:00:00,4.9,1672,22.45,0
996,"Ben, Yogi and Goda Restaurant",Ayush Sundaram,35,Italian,09:00:00,23:00:00,3.1,4718,21.03,0
997,"D’Alia, Bobal and Keer Restaurant",Eshana Saini,40,Punjabi,08:00:00,23:30:00,4.7,796,23.88,1
998,Nanda and Sons Restaurant,Eshana Kari,5,Maharashtrian,10:00:00,23:00:00,3.9,2865,26.93,1
999,Khalsa Ltd Restaurant,Ryan Prashad,33,Cafe,09:00:00,23:00:00,4.3,2586,18.0,1
1000,Borah Group Restaurant,Chatura Sarin,17,Maharashtrian,10:00:00,23:00:00,4.3,4505,17.71,0
1001,Kalita PLC Restaurant,Pranav Ram,41,Punjabi,10:00:00,22:00:00,4.2,1764,24.91,1
1002,Deshpande-Shankar Restaurant,Jagrati Madan,18,Street Food,10:00:00,23:30:00,4.6,3573,29.02,0
1003,Nayak and Sons Restaurant,Darpan Mand,34,Italian,09:00:00,23:00:00,3.3,1252,26.2,1
1004,Choudhry Group Restaurant,Omya Garg,28,Burger,09:00:00,22:00:00,4.3,3398,19.0,1
1005,Kannan-Merchant Restaurant,Onkar Karpe,42,Chinese,09:00:00,23:30:00,4.2,3344,18.58,0
1006,Sabharwal PLC Restaurant,Tarak Solanki,13,North Indian,08:00:00,23:00:00,3.9,4606,29.87,1
1007,Mallick-Atwal Restaurant,Yatin Kota,42,Street Food,08:00:00,22:00:00,3.3,1137,15.44,1
1008,Saraf-Kapadia Restaurant,Abdul Sahni,43,Mughlai,08:00:00,23:30:00,4.7,4000,26.73,0
1009,Baria Group Restaurant,Pavani Wali,6,Pizza,10:00:00,23:00:00,4.7,3354,28.45,0
1010,Srinivas-Chaudhari Restaurant,Warhi Khosla,26,Desserts,10:00:00,22:00:00,3.5,4697,26.02,0
1011,Arora Ltd Restaurant,Tejas Deo,34,Gujarati,10:00:00,23:30:00,3.5,759,18.57,0
1012,Merchant-Khare Restaurant,Amol Srinivasan,50,Cafe,09:00:00,23:00:00,4.7,3214,27.09,0
1013,"Mody, Edwin and Sharaf Restaurant",Suhani Sheth,28,Italian,08:00:00,22:00:00,3.4,2269,21.59,1
1014,Ravi and Sons Restaurant,Ucchal Agarwal,38,North Indian,09:00:00,23:30:00,3.7,945,19.75,1
1015,"Bobal, Rajan and Natarajan Restaurant",Chaman Sandhu,31,Gujarati,08:00:00,23:00:00,4.8,1207,20.44,1
1016,Johal-Buch Restaurant,Christopher Varma,20,North Indian,10:00:00,23:30:00,3.1,467,25.36,0
1017,"Patla, Behl and Choudhry Restaurant",Jasmit Shroff,17,Mughlai,09:00:00,23:00:00,4.3,2992,28.55,0
1018,"Baria, Pau and Peri Restaurant",Ekalinga Jayaraman,35,Desserts,08:00:00,23:00:00,3.8,3239,28.91,1
1019,Natt and Sons Restaurant,Vanya Kadakia,20,South Indian,08:00:00,23:00:00,3.4,1332,28.74,1
1020,"Kar, Nagi and Pandit Restaurant",Yahvi Sampath,50,Gujarati,09:00:00,22:00:00,3.5,676,27.35,1
1021,Bhagat-Bhatnagar Restaurant,Hemani Sethi,31,Punjabi,09:00:00,23:00:00,4.4,842,27.37,1
1022,Thaker-Vyas Restaurant,Upma Wali,33,South Indian,09:00:00,23:00:00,4.2,4506,26.07,1
1023,"Walia, Master and Seth Restaurant",Dominic Guha,45,North Indian,08:00:00,23:30:00,4.3,3652,26.87,0
1024,Chahal-Buch Restaurant,Praneel Mani,1,Burger,08:00:00,23:30:00,3.6,4737,16.23,0
1025,Chopra and Sons Restaurant,Isaac Divan,16,Mughlai,10:00:00,23:30:00,4.5,4886,25.29,1
1026,Dora-Jayaraman Restaurant,Chaaya Saha,29,Biryani,10:00:00,22:00:00,3.5,4878,27.4,1
1027,"Deo, Som and Palan Restaurant",Sachi Bail,13,South Indian,09:00:00,23:00:00,3.4,3111,29.17,0
1028,Gulati-Bhatnagar Restaurant,Vincent Venkatesh,2,North Indian,10:00:00,23:30:00,4.2,1893,28.6,1
1029,"Nayak, Sabharwal and Oza Restaurant",Vedika Wagle,13,Fast Food,10:00:00,22:00:00,3.1,3533,24.01,0
1030,"Saxena, Shankar and Modi Restaurant",Damini Garg,6,Pizza,08:00:00,23:30:00,3.2,4327,21.53,1
1031,Karan-Sule Restaurant,Bhavya Batta,44,Biryani,08:00:00,22:00:00,4.4,1580,29.19,1
1032,Pandit LLC Restaurant,Ojas Dyal,19,Punjabi,09:00:00,23:00:00,3.3,1712,24.0,1
1033,"Wason, Mangal and Gopal Restaurant",Mitesh Edwin,47,Gujarati,08:00:00,23:00:00,3.4,1215,15.43,1
1034,Dada Inc Restaurant,Jonathan Sastry,16,Maharashtrian,09:00:00,22:00:00,3.7,3773,16.29,1
1035,Pingle-Gour Restaurant,Bakhshi Nadig,9,Desserts,09:00:00,23:30:00,3.8,1758,25.7,1
1036,Divan-Pradhan Restaurant,Nicholas Walla,48,Maharashtrian,09:00:00,22:00:00,3.2,501,15.78,0
1037,Dara-Bakshi Restaurant,Xalak Dhillon,31,Street Food,09:00:00,23:30:00,4.9,4920,25.64,0
1038,Nagarajan-Dugal Restaurant,Yashica Narula,1,Fast Food,10:00:00,23:30:00,3.8,3253,25.07,0
1039,"Merchant, Som and Mann Restaurant",Riya Nigam,36,North Indian,10:00:00,22:00:00,3.5,4146,22.39,1
1040,"Chowdhury, Srinivas and Baria Restaurant",Jackson Morar,30,Chinese,08:00:00,23:00:00,4.4,3566,17.13,0
1041,Ratti PLC Restaurant,Sanaya Parikh,21,North Indian,08:00:00,23:00:00,4.7,2321,26.22,1
1042,Narain Inc Restaurant,Tristan Mall,19,Street Food,09:00:00,23:30:00,4.7,2180,22.75,1
1043,Bajaj Inc Restaurant,Gagan Vala,11,Pizza,10:00:00,23:00:00,4.5,1259,23.34,1
1044,Hayer-Swaminathan Restaurant,Yasti Bhalla,4,Italian,08:00:00,22:00:00,3.5,313,22.05,0
1045,"Patel, Rao and Divan Restaurant",Kala Raju,46,Biryani,09:00:00,22:00:00,5.0,4074,15.61,1
1046,Arora-Mane Restaurant,Indali Morar,46,Mughlai,09:00:00,23:00:00,4.0,1232,16.85,0
1047,Chahal-Kale Restaurant,Ojasvi Savant,14,Desserts,09:00:00,22:00:00,4.7,4187,27.34,0
1048,Gade-Samra Restaurant,Liam Chadha,38,North Indian,10:00:00,23:30:00,3.4,649,18.69,1
1049,Johal LLC Restaurant,Gautami Bhatti,44,South Indian,09:00:00,22:00:00,3.6,1019,20.91,0
1050,"Prashad, Chakrabarti and Ahuja Restaurant",Anjali Sachdeva,21,Chinese,08:00:00,22:00:00,3.9,3950,21.81,1
1051,Shere Ltd Restaurant,Ryan Grewal,39,Gujarati,08:00:00,23:00:00,4.9,3731,19.87,0
1052,Mann-Swaminathan Restaurant,Chasmum Modi,14,Desserts,08:00:00,23:30:00,3.6,474,26.16,1
1053,Sheth-Kapur Restaurant,Aarnav Dube,6,Burger,09:00:00,22:00:00,3.5,3287,16.34,0
1054,Mital-Sodhi Restaurant,Bhavna Sahni,11,Burger,09:00:00,23:00:00,4.3,1282,16.81,1
1055,Swamy Ltd Restaurant,Ayush Dar,28,Punjabi,09:00:00,23:30:00,4.2,2961,24.98,1
1056,Tailor-Bhavsar Restaurant,Vasana Sarin,33,Italian,09:00:00,23:00:00,4.8,3922,19.03,1
1057,Soni-Dar Restaurant,Yauvani Badal,6,Cafe,09:00:00,23:00:00,4.2,3576,24.46,0
1058,Gaba-Bhardwaj Restaurant,Ekaja Shenoy,3,Mughlai,09:00:00,23:00:00,4.4,1290,28.96,0
1059,"Deshmukh, Parikh and Gade Restaurant",Anjali Patel,19,Biryani,09:00:00,22:00:00,4.8,3932,19.51,0
1060,Parekh-Bava Restaurant,Bishakha Wagle,44,Street Food,09:00:00,22:00:00,4.0,2440,23.53,0
1061,"Bose, Varkey and Hari Restaurant",Girindra Ganesh,3,Mughlai,08:00:00,23:30:00,3.8,794,21.97,1
1062,"Naidu, Mutti and Mitra Restaurant",Janani Char,23,Fast Food,10:00:00,22:00:00,4.5,153,16.71,1
1063,"Pandey, Dhawan and Arya Restaurant",Zarna Manda,12,Cafe,08:00:00,23:00:00,3.1,3429,28.15,1
1064,Sundaram-Sabharwal Restaurant,Nicholas Chaudry,21,Maharashtrian,10:00:00,23:00:00,4.5,3705,24.36,1
1065,Dubey PLC Restaurant,Raghav Vora,22,Street Food,08:00:00,22:00:00,3.4,4968,18.89,0
1066,"Comar, Sahni and Sharma Restaurant",Jackson Deep,28,Mughlai,08:00:00,22:00:00,3.8,128,17.58,1
1067,Srinivasan LLC Restaurant,Janani Dewan,30,Punjabi,09:00:00,23:30:00,4.9,4950,25.89,1
1068,Virk-Oommen Restaurant,Daksha Balakrishnan,40,Desserts,10:00:00,23:00:00,4.4,3255,27.07,0
1069,"Dani, Kapadia and Dave Restaurant",Utkarsh Mohanty,9,Chinese,08:00:00,22:00:00,3.2,150,25.44,0
1070,Kadakia and Sons Restaurant,Pavani Choudhury,2,Italian,09:00:00,23:30:00,3.3,2000,21.54,0
1071,Bahl Group Restaurant,Brijesh Hegde,6,Fast Food,09:00:00,22:00:00,3.9,198,16.75,0
1072,Bali Ltd Restaurant,Upasna Dani,48,Punjabi,09:00:00,23:00:00,3.9,3702,23.78,0
1073,Bassi-Bhatti Restaurant,Advaith Char,19,Maharashtrian,09:00:00,22:00:00,3.7,861,24.46,1
1074,Jha PLC Restaurant,Qasim Panchal,27,Desserts,09:00:00,23:30:00,4.2,4560,29.99,0
1075,Chana and Sons Restaurant,Ijaya Pandey,32,Burger,09:00:00,23:30:00,4.2,4016,18.48,0
1076,Tella Ltd Restaurant,Yashasvi Bir,34,North Indian,09:00:00,23:30:00,3.6,540,19.02,1
1077,Atwal PLC Restaurant,Rehaan Manda,31,South Indian,09:00:00,23:30:00,4.9,2860,21.72,1
1078,Yogi Inc Restaurant,Tanish Thaman,2,Chinese,09:00:00,23:30:00,3.4,2836,21.57,0
1079,"Soman, Peri and Goyal Restaurant",Hredhaan Golla,38,Street Food,10:00:00,23:00:00,4.8,3857,16.97,1
1080,Raghavan-Samra Restaurant,Yoshita Kari,47,Punjabi,09:00:00,23:00:00,4.7,2971,26.94,0
1081,Chowdhury-Murthy Restaurant,Unnati Choudhary,40,Italian,09:00:00,23:30:00,4.5,3975,16.94,0
1082,"Deshpande, Tandon and Patel Restaurant",Banjeet Butala,11,Maharashtrian,09:00:00,22:00:00,4.6,4064,19.55,0
1083,Tak-D’Alia Restaurant,Bhanumati Shan,36,North Indian,08:00:00,23:00:00,4.8,2944,25.15,0
1084,"Muni, Sawhney and Kara Restaurant",Bina Sangha,33,North Indian,08:00:00,23:00:00,3.9,1877,16.81,0
1085,Boase Group Restaurant,Praneel Arya,32,Fast Food,09:00:00,23:00:00,4.5,4583,19.01,0
1086,"Swamy, Cheema and Randhawa Restaurant",Frederick Dar,45,Desserts,10:00:00,23:30:00,4.3,433,28.9,1
1087,Rana Group Restaurant,Om Bhattacharyya,30,Desserts,08:00:00,22:00:00,4.6,854,27.35,0
1088,Issac-Nigam Restaurant,Netra Das,33,South Indian,08:00:00,23:30:00,3.2,1702,28.66,0
1089,Samra Ltd Restaurant,Arya Mahajan,47,Fast Food,10:00:00,23:00:00,4.5,4102,25.99,0
1090,"Ratta, Parekh and Soni Restaurant",Vedhika Vaidya,10,Gujarati,09:00:00,23:00:00,4.6,1027,27.73,1
1091,Din-Sha Restaurant,Jason Krishna,27,Cafe,08:00:00,22:00:00,4.7,3900,20.12,0
1092,Tank-Kashyap Restaurant,Ayushman Chaudhary,6,Fast Food,09:00:00,23:30:00,4.5,2974,24.44,0
1093,"Bera, Bir and Tara Restaurant",Praneel Raja,10,Cafe,10:00:00,23:00:00,4.6,1150,27.03,1
1094,"Narain, Dua and Mitter Restaurant",Faraj Venkatesh,27,Street Food,09:00:00,23:30:00,4.6,2983,29.16,1
1095,Shukla-Jaggi Restaurant,Widisha Swaminathan,10,Cafe,08:00:00,23:30:00,4.6,590,16.27,1
1096,"Lal, Oza and Zachariah Restaurant",Azad Sani,26,Cafe,08:00:00,23:00:00,3.1,323,24.9,0
1097,Rajagopal Group Restaurant,Krisha Savant,37,North Indian,10:00:00,23:30:00,4.6,4278,29.59,1
1098,Banik-Bali Restaurant,Chavvi Gala,26,Street Food,10:00:00,23:30:00,4.1,2513,25.82,1
1099,Sankar-Desai Restaurant,Lopa Sura,23,North Indian,09:00:00,23:30:00,4.2,1223,25.5,1
1100,Swaminathan Ltd Restaurant,Vamakshi Dugar,42,Italian,10:00:00,23:30:00,4.6,3642,25.46,1
1101,"Bhalla, Raman and Lall Restaurant",Krishna Pandit,50,Italian,09:00:00,22:00:00,3.1,2760,20.85,0
1102,Nagi-Bhat Restaurant,Chakradev Dave,34,Mughlai,09:00:00,22:00:00,3.2,4540,19.68,1
1103,Palla-Bala Restaurant,Lajita Chatterjee,49,Gujarati,08:00:00,22:00:00,3.1,4443,23.89,0
1104,Pai-Parikh Restaurant,Indali Bhalla,50,Fast Food,10:00:00,23:00:00,5.0,924,25.98,1
1105,"Konda, Kota and Keer Restaurant",Frado Bhatti,17,Gujarati,10:00:00,23:00:00,3.2,1041,21.73,0
1106,Contractor-Nazareth Restaurant,Anmol Yohannan,30,Pizza,08:00:00,23:30:00,5.0,4653,25.72,0
1107,Barad-Sharma Restaurant,Yutika Sama,23,Fast Food,09:00:00,23:30:00,4.6,4712,25.09,1
1108,Bahri-Singh Restaurant,Edhitha Purohit,34,Punjabi,08:00:00,22:00:00,3.7,4790,17.89,1
1109,"Ramakrishnan, Naidu and Chaudhari Restaurant",Harish Jha,30,South Indian,08:00:00,23:30:00,3.9,3395,16.23,0
1110,Taneja-Thakkar Restaurant,Ojas Mistry,28,Street Food,08:00:00,23:00:00,3.4,659,20.54,1
1111,Sarin-Jaggi Restaurant,Faqid Wason,38,Mughlai,10:00:00,23:00:00,4.7,4806,22.48,1
1112,Mani LLC Restaurant,Chameli Ratti,29,Punjabi,09:00:00,23:30:00,4.9,1354,17.17,0
1113,Chanda Ltd Restaurant,Gayathri Mahajan,32,Punjabi,09:00:00,22:00:00,4.9,4224,27.95,0
1114,Wali Group Restaurant,Shaurya Palan,45,Italian,09:00:00,23:00:00,3.1,1304,29.16,1
1115,Mittal PLC Restaurant,Rachita Zacharia,8,Maharashtrian,09:00:00,22:00:00,3.2,4703,19.34,0
1116,Iyengar-Sachdeva Restaurant,Zayan Varma,8,Pizza,09:00:00,23:00:00,3.6,4000,15.42,0
1117,Gole-Bahl Restaurant,Xalak Kala,10,Cafe,10:00:00,23:00:00,3.1,2519,28.34,0
1118,"Sibal, Loyal and Walia Restaurant",Darpan Vig,12,Desserts,10:00:00,23:00:00,3.0,4505,20.23,0
1119,Patla Group Restaurant,Wridesh Dora,27,Biryani,10:00:00,23:00:00,4.1,2787,26.72,1
1120,"Mital, Saran and Roy Restaurant",Devansh Jani,47,Desserts,10:00:00,22:00:00,4.5,4155,24.55,1
1121,Loke-Mangat Restaurant,Aahana Keer,43,Biryani,08:00:00,23:30:00,3.7,3375,20.81,1
1122,Khare-Comar Restaurant,Rehaan Bala,22,Mughlai,08:00:00,23:30:00,4.8,2292,24.69,0
1123,Mukherjee Group Restaurant,Rajata Sami,46,North Indian,10:00:00,23:30:00,4.6,2550,23.42,0
1124,"Bansal, Jaggi and Dutta Restaurant",Laban Balakrishnan,42,Mughlai,08:00:00,22:00:00,4.9,4458,23.65,0
1125,Mall-Goda Restaurant,Vedika Bahri,37,Mughlai,08:00:00,23:00:00,4.0,172,16.8,0
1126,Chacko LLC Restaurant,Devansh Ray,2,Fast Food,08:00:00,22:00:00,4.7,4767,21.66,1
1127,Chana-Ranganathan Restaurant,Warinder Choudhury,26,Maharashtrian,08:00:00,23:00:00,4.7,210,20.1,0
1128,"Tella, Dara and Vig Restaurant",Watika Chana,27,North Indian,10:00:00,23:00:00,3.8,765,16.72,0
1129,Das LLC Restaurant,Madhavi Keer,35,Chinese,09:00:00,22:00:00,3.4,754,17.31,1
1130,Kamdar-Dhawan Restaurant,Parth Kala,44,Chinese,08:00:00,23:30:00,4.9,1506,15.41,0
1131,Sarraf-Rege Restaurant,Daksh Swaminathan,20,Burger,08:00:00,23:00:00,3.3,2675,18.87,0
1132,"Prasad, Chowdhury and Nadig Restaurant",Vaishnavi Koshy,4,Italian,08:00:00,23:30:00,4.2,4058,22.63,1
1133,Dhillon-Patil Restaurant,Jhalak Morar,8,Fast Food,08:00:00,23:00:00,3.9,3354,15.98,0
1134,Banerjee Ltd Restaurant,Wriddhish Kulkarni,27,Gujarati,08:00:00,22:00:00,3.5,4821,25.13,0
1135,"Rajagopalan, More and Patil Restaurant",Warjas Savant,49,Mughlai,10:00:00,22:00:00,3.6,3352,21.69,0
1136,Anand-Ramaswamy Restaurant,Charvi Chana,10,Pizza,10:00:00,22:00:00,4.6,4423,29.29,1
1137,Mishra and Sons Restaurant,Reva Nadig,3,North Indian,09:00:00,23:30:00,3.6,1391,15.01,1
1138,"Ray, Bandi and Mahal Restaurant",Vyanjana Sinha,18,Maharashtrian,09:00:00,23:30:00,3.8,2898,27.64,0
1139,"Sachar, Natarajan and Sami Restaurant",Naveen Lal,38,Desserts,10:00:00,23:00:00,3.1,4395,23.45,1
1140,"Bhatti, Pandey and Salvi Restaurant",Sudiksha Bala,6,Burger,10:00:00,22:00:00,4.7,4578,29.98,1
1141,Gour Ltd Restaurant,Laban Aggarwal,14,Maharashtrian,10:00:00,23:00:00,4.8,2826,24.53,1
1142,Iyengar-Mody Restaurant,Fitan Choudhry,18,Italian,10:00:00,23:00:00,3.7,3786,29.38,1
1143,Krish PLC Restaurant,Nirja Nagarajan,2,Street Food,10:00:00,22:00:00,4.3,36,24.13,0
1144,Sridhar-Deol Restaurant,Oscar Narang,1,Gujarati,08:00:00,23:00:00,4.1,4025,26.44,0
1145,Issac-Chad Restaurant,Jhalak Gopal,42,Gujarati,08:00:00,23:30:00,3.1,3666,25.08,1
1146,Purohit-Kapur Restaurant,Arin Karnik,25,Desserts,10:00:00,23:00:00,3.8,89,16.87,1
1147,Shere and Sons Restaurant,Om Bawa,13,Biryani,08:00:00,22:00:00,4.5,2323,25.21,1
1148,Sanghvi-Lad Restaurant,Gaurav Pillai,13,South Indian,10:00:00,23:30:00,3.6,1831,18.51,1
1149,Dalal Inc Restaurant,Sudiksha Talwar,24,North Indian,09:00:00,23:00:00,4.8,4984,18.14,0
1150,Kapur Ltd Restaurant,Rayaan Lata,41,Burger,08:00:00,23:00:00,4.1,4066,17.56,0
1151,Talwar-Raja Restaurant,Raagini Jhaveri,43,Punjabi,10:00:00,23:30:00,4.4,4649,17.63,0
1152,"Kale, Mandal and Gulati Restaurant",Pranit Rege,48,South Indian,08:00:00,23:00:00,4.9,1887,28.22,1
1153,Balakrishnan LLC Restaurant,Warinder Seshadri,13,Desserts,10:00:00,22:00:00,5.0,4385,24.22,1
1154,Pingle PLC Restaurant,Frederick Anne,1,Burger,10:00:00,23:30:00,4.9,444,27.81,1
1155,Deol-Naik Restaurant,Simon Rajagopal,28,Desserts,09:00:00,23:00:00,3.2,4265,22.0,1
1156,"Sampath, Kunda and Bora Restaurant",Daniel Ben,34,Cafe,08:00:00,23:30:00,3.4,2296,28.78,1
1157,Keer-Sinha Restaurant,Chakradev Ahluwalia,21,North Indian,09:00:00,22:00:00,3.7,4704,27.12,0
1158,Thaman-Raj Restaurant,Megha Prabhakar,45,Burger,08:00:00,22:00:00,3.4,2717,19.66,0
1159,Barman PLC Restaurant,Abha Gara,2,Biryani,09:00:00,22:00:00,4.2,2758,27.61,0
1160,"Tailor, Nori and Sidhu Restaurant",Gaurav Nadig,7,Biryani,08:00:00,23:00:00,4.7,2752,22.8,0
1161,"Wali, Sant and Dhar Restaurant",Jackson Munshi,5,Cafe,10:00:00,23:30:00,3.9,803,24.38,0
1162,Datta Group Restaurant,Jalsa Sani,6,North Indian,08:00:00,23:00:00,3.6,552,26.74,0
1163,Lall-Lalla Restaurant,Rajata Gala,29,North Indian,09:00:00,23:30:00,4.3,558,16.53,0
1164,Swamy-Dora Restaurant,Chatresh Gulati,36,North Indian,09:00:00,23:00:00,3.8,3387,18.5,0
1165,Bhagat and Sons Restaurant,Balendra Singhal,30,Burger,09:00:00,23:00:00,4.8,849,20.09,0
1166,Gade-Sibal Restaurant,Jack Talwar,30,Mughlai,09:00:00,23:30:00,3.4,861,15.18,0
1167,Sathe LLC Restaurant,Tanvi Tailor,38,Cafe,08:00:00,23:30:00,3.3,4188,18.84,1
1168,Divan Inc Restaurant,Girik Jani,31,Punjabi,10:00:00,23:00:00,3.4,1147,26.96,0
1169,Gole-Ganguly Restaurant,Simon Agrawal,9,Fast Food,10:00:00,23:00:00,4.0,2950,19.67,0
1170,"Gole, Saha and Bose Restaurant",Wishi Chandra,10,Biryani,09:00:00,23:30:00,3.7,3041,29.55,0
1171,Bal-Mane Restaurant,Meera Prakash,4,Italian,10:00:00,23:30:00,4.7,3477,20.16,0
1172,"Cherian, Naik and Dube Restaurant",Finn Sharma,41,Street Food,08:00:00,22:00:00,3.7,3917,25.42,1
1173,"Srinivasan, Setty and Luthra Restaurant",Forum Bassi,39,Punjabi,09:00:00,23:30:00,4.1,2769,24.24,1
1174,"Sethi, Nair and Dayal Restaurant",Chanakya Mandal,22,Chinese,08:00:00,23:00:00,4.8,365,22.44,0
1175,Bhakta-Bobal Restaurant,George Rastogi,41,Italian,10:00:00,22:00:00,3.9,1766,18.59,1
1176,Gokhale-Khatri Restaurant,Gaurav Bail,48,Burger,08:00:00,23:00:00,3.4,75,20.44,0
1177,Gaba Group Restaurant,Bhavani Dube,23,North Indian,10:00:00,22:00:00,3.3,3627,17.92,1
1178,Misra Group Restaurant,Dayita Deep,3,North Indian,08:00:00,22:00:00,3.6,1813,28.28,0
1179,Char-Pillai Restaurant,Vrishti Sehgal,22,Desserts,10:00:00,22:00:00,3.4,196,17.64,1
1180,Soni-Loyal Restaurant,Gautam Sami,7,North Indian,10:00:00,22:00:00,3.8,929,20.08,0
1181,Grewal-Saraf Restaurant,Girik Baria,20,Biryani,08:00:00,23:00:00,4.6,1423,29.12,1
1182,"Om, Sheth and Kapur Restaurant",Warhi Vyas,46,South Indian,08:00:00,22:00:00,4.8,1091,26.92,0
1183,"Vohra, Chacko and Mannan Restaurant",Rajeshri Buch,35,Burger,10:00:00,23:00:00,3.6,3538,29.65,0
1184,Mital-Dixit Restaurant,Charita Kothari,3,Cafe,10:00:00,23:30:00,3.4,4406,19.41,0
1185,"Sane, Merchant and Batta Restaurant",Chakradev Varghese,21,Italian,08:00:00,23:30:00,4.6,1055,27.77,1
1186,Uppal Group Restaurant,Girindra Shetty,14,Punjabi,08:00:00,23:00:00,4.6,551,17.51,1
1187,"Kulkarni, Pant and Kumar Restaurant",Yahvi Babu,49,Street Food,10:00:00,23:30:00,3.7,4270,21.96,1
1188,Shere and Sons Restaurant,Maya Bath,46,Pizza,10:00:00,23:30:00,4.0,4073,22.11,1
1189,Saha Ltd Restaurant,Dipta Sha,41,Street Food,10:00:00,23:30:00,3.1,1818,28.42,1
1190,"Sengupta, Lanka and Om Restaurant",Siddharth Goyal,16,Burger,08:00:00,23:00:00,3.9,3109,23.57,1
1191,Lad Ltd Restaurant,Radha Warrior,17,Mughlai,08:00:00,22:00:00,4.5,2437,21.67,1
1192,Ahluwalia Group Restaurant,Agastya Garg,15,Maharashtrian,08:00:00,23:00:00,4.0,2775,21.39,1
1193,"Sood, Sharma and Ravel Restaurant",Chavvi Patel,28,Burger,09:00:00,23:00:00,3.6,3152,15.37,1
1194,"Rana, Mittal and Chahal Restaurant",Krishna Atwal,15,Fast Food,10:00:00,22:00:00,3.7,695,19.42,0
1195,Choudhury Inc Restaurant,Avi Kadakia,18,Street Food,08:00:00,22:00:00,3.2,2971,15.57,0
1196,Dhillon-Khurana Restaurant,Rayaan Chadha,22,Italian,10:00:00,23:00:00,3.5,2268,17.86,0
1197,Sheth-Divan Restaurant,Pahal Bains,49,Punjabi,10:00:00,23:30:00,4.8,89,26.55,1
1198,Ganesan and Sons Restaurant,Vedhika Sinha,23,Cafe,09:00:00,23:00:00,4.6,117,22.08,0
1199,Sengupta PLC Restaurant,Saksham Menon,26,Italian,08:00:00,23:30:00,4.5,3906,18.51,1
1200,"Ramanathan, Behl and Nath Restaurant",Harshil Sankaran,47,Desserts,09:00:00,23:00:00,4.6,2584,27.69,1
1201,Tandon-Mannan Restaurant,Vinaya Ratta,50,Punjabi,09:00:00,22:00:00,3.9,4594,15.45,0
1202,Varghese-Sura Restaurant,Darsh Wable,37,Desserts,08:00:00,23:00:00,4.9,99,22.5,1
1203,Sami PLC Restaurant,Devansh Loyal,22,Italian,09:00:00,23:00:00,4.4,3324,26.44,1
1204,"Sahni, Solanki and Dada Restaurant",Idika Sen,21,Maharashtrian,08:00:00,23:30:00,4.6,1159,17.31,1
1205,"Sarin, Bail and Edwin Restaurant",Rehaan Singh,37,Gujarati,10:00:00,23:30:00,4.1,3222,29.7,0
1206,Sarma-Kata Restaurant,Harinakshi Sidhu,26,South Indian,10:00:00,23:00:00,3.4,909,19.93,1
1207,Memon Ltd Restaurant,Omaja Parsa,41,Street Food,09:00:00,22:00:00,3.3,4549,17.66,1
1208,Edwin-Johal Restaurant,Gabriel Subramanian,2,Chinese,08:00:00,22:00:00,4.8,3181,19.26,0
1209,Ghose and Sons Restaurant,Vyanjana Chaudhuri,19,Gujarati,10:00:00,22:00:00,3.9,3039,22.78,0
1210,Tak-Mitter Restaurant,Shaurya Batta,21,Desserts,09:00:00,23:00:00,3.3,927,16.94,1
1211,Parmer LLC Restaurant,Nathan Ghosh,31,Punjabi,08:00:00,23:00:00,4.9,1711,16.95,0
1212,"Balay, Bhatt and Nazareth Restaurant",Ishaan Karan,20,Burger,10:00:00,23:30:00,3.9,4965,23.63,1
1213,Kapur Group Restaurant,Harini Pant,38,Italian,10:00:00,23:30:00,4.4,2276,18.03,0
1214,Loke and Sons Restaurant,Chandresh Sarma,29,South Indian,09:00:00,23:30:00,4.6,4327,19.93,1
1215,Choudhry-Cherian Restaurant,Benjamin Tripathi,30,Biryani,10:00:00,22:00:00,4.5,2378,24.69,1
1216,Ganesh Ltd Restaurant,Samesh Pathak,23,Punjabi,10:00:00,23:00:00,3.8,1454,21.23,0
1217,Master Ltd Restaurant,Yashawini Tara,40,Punjabi,09:00:00,23:00:00,3.8,1522,25.48,0
1218,"Chaudhary, Dube and Patla Restaurant",Lakshit Das,26,Punjabi,08:00:00,22:00:00,4.8,1313,19.11,1
1219,Sarna Group Restaurant,Yatan Som,43,Street Food,08:00:00,23:30:00,4.5,1799,28.63,1
1220,Mangat-Tiwari Restaurant,Frederick Lata,49,Mughlai,08:00:00,23:00:00,3.2,881,22.57,1
1221,Sachdeva-Patel Restaurant,Max Wagle,27,Biryani,08:00:00,23:00:00,3.4,385,21.93,0
1222,Kari-Devi Restaurant,Odika Rout,41,Punjabi,10:00:00,23:30:00,3.9,2835,26.19,0
1223,Varty-Pathak Restaurant,Saanvi Dhingra,26,North Indian,08:00:00,23:00:00,3.2,1138,19.91,1
1224,Varughese Inc Restaurant,Hamsini Murty,32,Biryani,08:00:00,22:00:00,4.1,2004,25.7,1
1225,Gala-Saraf Restaurant,Maya Bansal,9,Biryani,09:00:00,22:00:00,3.3,167,24.1,0
1226,"Dora, Bhardwaj and Venkatesh Restaurant",Oni Ratti,19,South Indian,10:00:00,23:30:00,3.8,655,25.07,0
1227,"Modi, Murthy and Padmanabhan Restaurant",Ati Wable,44,Fast Food,08:00:00,23:00:00,3.7,1794,25.72,0
1228,"Din, Raval and Sehgal Restaurant",Riya Pai,29,Punjabi,08:00:00,23:30:00,4.6,862,20.86,1
1229,"Ravel, Hora and Mitra Restaurant",Balhaar Yogi,29,North Indian,10:00:00,22:00:00,3.1,3111,26.51,0
1230,Ramakrishnan-Date Restaurant,Tanay Chander,24,Street Food,08:00:00,22:00:00,3.2,3474,15.42,0
1231,"Muni, Verma and Oak Restaurant",Arin Bala,22,Desserts,08:00:00,23:30:00,4.3,1826,29.38,0
1232,"Kuruvilla, Khurana and Modi Restaurant",Yashasvi Choudhry,43,Chinese,10:00:00,22:00:00,3.1,4218,16.62,1
1233,"Bhasin, Pradhan and Lad Restaurant",Jatin Batta,21,Mughlai,10:00:00,22:00:00,4.2,4457,20.93,1
1234,"Dash, Sen and Misra Restaurant",Sudiksha Nori,8,Italian,08:00:00,22:00:00,3.7,1442,15.22,1
1235,Walla PLC Restaurant,Inaya Mistry,1,Burger,08:00:00,23:00:00,3.4,2301,24.75,1
1236,Dey-Purohit Restaurant,Henry Narang,3,South Indian,08:00:00,23:00:00,3.6,4925,22.49,0
1237,"Hans, Patel and Sha Restaurant",Manan Sandal,46,Mughlai,10:00:00,22:00:00,3.5,796,24.0,1
1238,Bumb-Chanda Restaurant,Pavani De,44,Street Food,10:00:00,22:00:00,3.7,2624,29.67,1
1239,Kala-Sehgal Restaurant,Kala Vora,5,Pizza,08:00:00,23:30:00,4.8,3697,20.74,0
1240,Venkataraman-Rana Restaurant,Wishi Sampath,33,Maharashtrian,10:00:00,22:00:00,3.5,1036,19.63,1
1241,Suri-Saha Restaurant,Maanas Tiwari,49,Italian,10:00:00,22:00:00,3.1,3088,22.48,0
1242,Sundaram Ltd Restaurant,Kai Varghese,10,Burger,08:00:00,23:30:00,3.1,4919,29.83,1
1243,"Dalal, Kala and Shah Restaurant",Bachittar Dugar,48,Street Food,09:00:00,22:00:00,3.6,344,22.81,1
1244,"Pingle, Dani and Rege Restaurant",Jai Pingle,42,Desserts,09:00:00,22:00:00,3.5,2733,20.14,0
1245,"Mann, Baria and Virk Restaurant",Jacob Prabhu,35,North Indian,10:00:00,22:00:00,4.6,1842,24.12,1
1246,Prasad-Mitter Restaurant,Vedika Bala,34,Pizza,08:00:00,23:00:00,4.3,549,28.05,0
1247,Dhar PLC Restaurant,Chanakya Mody,13,North Indian,10:00:00,22:00:00,4.9,1048,16.38,0
1248,Kale-Goswami Restaurant,Aarnav Das,16,Mughlai,08:00:00,23:00:00,4.4,2571,17.46,0
1249,"Palla, Bir and Basu Restaurant",Vasana Mukherjee,16,Burger,08:00:00,23:30:00,3.5,2357,23.65,0
1250,"Sethi, Nazareth and Purohit Restaurant",Kevin Devi,18,Desserts,09:00:00,22:00:00,4.9,2965,20.97,0
1251,"Sharma, Sengupta and Sen Restaurant",Eshana Chakraborty,31,Biryani,09:00:00,23:30:00,4.2,3570,26.4,1
1252,"Rout, Ram and Kaul Restaurant",Harinakshi Zachariah,2,Cafe,09:00:00,23:00:00,4.7,2479,23.93,0
1253,Savant Ltd Restaurant,Gaurang Gandhi,36,Punjabi,08:00:00,23:00:00,3.8,2525,21.8,1
1254,"Bakshi, More and Dasgupta Restaurant",Reyansh Bera,36,Maharashtrian,09:00:00,22:00:00,3.7,3864,17.94,0
1255,"Vig, Gulati and Soni Restaurant",Jai Wali,1,North Indian,10:00:00,23:30:00,4.5,4045,21.07,1
1256,Bahl LLC Restaurant,Yatan Sawhney,26,Punjabi,09:00:00,23:00:00,4.0,4839,16.07,0
1257,Walla PLC Restaurant,Neelima Bath,8,Burger,10:00:00,22:00:00,3.4,3594,29.36,1
1258,Bajaj-Oak Restaurant,Pranit Sachdeva,33,Punjabi,09:00:00,23:30:00,4.4,492,24.76,1
1259,Wable LLC Restaurant,Aarini Chand,48,Italian,08:00:00,23:00:00,3.1,2980,24.46,0
1260,Chaudhary PLC Restaurant,Bhavika Dhawan,45,Gujarati,10:00:00,22:00:00,3.5,3751,29.16,0
1261,Kumer Inc Restaurant,Damyanti Reddy,17,Italian,10:00:00,23:30:00,4.9,1342,15.19,0
1262,"Gara, Bhargava and Nanda Restaurant",Avi Bhardwaj,42,Punjabi,09:00:00,23:00:00,4.4,678,22.78,0
1263,Ramakrishnan-Chaudhary Restaurant,Lucky Sachar,28,Chinese,09:00:00,23:00:00,4.4,4121,29.52,1
1264,Kuruvilla-Prashad Restaurant,Charles Jain,38,Fast Food,10:00:00,23:00:00,4.5,748,16.64,1
1265,Khalsa Group Restaurant,Ishwar Luthra,10,Fast Food,10:00:00,22:00:00,4.9,3280,25.49,0
1266,Nadkarni Group Restaurant,Dominic Sule,11,Desserts,09:00:00,22:00:00,3.2,3442,22.87,1
1267,Reddy Ltd Restaurant,Anirudh Luthra,47,Burger,08:00:00,22:00:00,3.7,1120,17.97,0
1268,"Chaudhuri, Koshy and Dass Restaurant",Niharika Sehgal,33,South Indian,09:00:00,23:30:00,4.6,1540,18.01,0
1269,Tella and Sons Restaurant,Kashvi Zachariah,49,Italian,09:00:00,23:00:00,3.9,914,28.03,0
1270,Korpal PLC Restaurant,Siya Barman,6,Fast Food,08:00:00,23:00:00,3.2,546,20.13,0
1271,Shetty PLC Restaurant,Oliver Acharya,31,Biryani,10:00:00,22:00:00,3.0,2199,26.28,0
1272,Subramaniam LLC Restaurant,Lajita Panchal,43,Maharashtrian,08:00:00,22:00:00,3.4,79,20.63,1
1273,"Kala, Uppal and Manda Restaurant",Neel Walla,32,Biryani,09:00:00,23:30:00,3.9,3057,25.23,1
1274,"Boase, Mital and Chakraborty Restaurant",Jason Dey,21,Desserts,08:00:00,23:00:00,4.3,3120,24.16,1
1275,"Mammen, Sankaran and Kade Restaurant",Hema Lal,22,Cafe,08:00:00,22:00:00,3.9,3311,25.88,0
1276,"Sethi, Mahajan and Korpal Restaurant",Harita Kade,2,Maharashtrian,08:00:00,23:30:00,3.6,2056,20.53,1
1277,Narasimhan-Babu Restaurant,Aarnav Soni,33,Burger,10:00:00,22:00:00,3.0,2659,15.25,1
1278,Andra Ltd Restaurant,Odika Suresh,3,Cafe,10:00:00,23:00:00,4.4,1933,24.1,1
1279,Yohannan-Bumb Restaurant,Azaan Saxena,48,Maharashtrian,08:00:00,23:00:00,3.9,3920,29.8,0
1280,"Dasgupta, Pandit and Puri Restaurant",Lila Goel,47,Burger,09:00:00,23:30:00,3.4,1192,28.05,0
1281,"Anand, Dash and Shere Restaurant",Reyansh Saxena,9,Biryani,08:00:00,23:00:00,4.7,4515,29.81,1
1282,Kant Ltd Restaurant,Avni Parmar,11,Street Food,09:00:00,22:00:00,4.0,4449,18.61,0
1283,Chana PLC Restaurant,Timothy Kaur,11,Cafe,10:00:00,23:30:00,3.2,3582,29.9,0
1284,Patil-Bansal Restaurant,Waida Kadakia,11,Street Food,09:00:00,23:00:00,4.5,1825,25.79,1
1285,Hayre Ltd Restaurant,Indrajit Mall,43,South Indian,10:00:00,22:00:00,4.8,4050,16.36,1
1286,"Tella, Tak and Garde Restaurant",Parth Bhattacharyya,15,Street Food,10:00:00,23:30:00,3.1,2831,20.66,1
1287,"Dave, Bhattacharyya and Datta Restaurant",Vedant Virk,42,Gujarati,10:00:00,23:00:00,4.6,1851,18.89,1
1288,"Mahal, Handa and Bajaj Restaurant",Sudiksha Agate,6,South Indian,08:00:00,23:00:00,4.5,1561,26.17,0
1289,Ben-Naidu Restaurant,Niharika Mahal,37,Pizza,08:00:00,23:00:00,4.9,4746,26.05,1
1290,Vasa Group Restaurant,Janaki Varughese,4,Maharashtrian,10:00:00,22:00:00,4.7,3490,19.79,1
1291,Kapur Inc Restaurant,Osha Walia,44,Street Food,08:00:00,23:30:00,4.3,4859,18.33,1
1292,Mutti-Ahluwalia Restaurant,Robert Natt,1,Mughlai,09:00:00,23:00:00,3.3,2451,27.56,1
1293,Bakshi Ltd Restaurant,Pallavi Borde,44,Biryani,08:00:00,23:30:00,3.6,301,23.98,1
1294,Hegde and Sons Restaurant,Deepa Bhatnagar,33,Punjabi,08:00:00,23:00:00,5.0,4721,22.17,0
1295,"Chatterjee, Bala and Srinivasan Restaurant",Arjun Natt,32,Fast Food,10:00:00,23:00:00,3.1,2749,17.29,0
1296,Kota-Chokshi Restaurant,William Oak,47,Street Food,08:00:00,23:30:00,4.5,1486,27.85,1
1297,Nath PLC Restaurant,Elijah Sarna,20,Desserts,10:00:00,22:00:00,5.0,4508,20.88,1
1298,Sekhon PLC Restaurant,Frederick Bhat,44,Biryani,09:00:00,23:00:00,3.8,4344,25.9,1
1299,Purohit LLC Restaurant,Joshua Bhatia,45,Street Food,08:00:00,23:30:00,4.7,3245,16.46,1
1300,Bhakta-Mitra Restaurant,Dominic Chaudry,49,Cafe,10:00:00,22:00:00,4.7,2510,21.86,0
1301,"Bhalla, Ben and Menon Restaurant",Neelima Char,37,Chinese,09:00:00,23:30:00,4.0,1206,18.15,0
1302,"Roy, Kaul and Anne Restaurant",Leena Shetty,48,Gujarati,08:00:00,23:00:00,4.5,4735,16.53,0
1303,Chaudhuri-Nori Restaurant,Sudiksha Varughese,25,Burger,10:00:00,22:00:00,4.9,806,20.33,1
1304,Hans-Chokshi Restaurant,Advik Bir,12,North Indian,08:00:00,23:30:00,4.3,4881,21.51,0
1305,"Hari, Date and Upadhyay Restaurant",Isha Sama,41,Punjabi,09:00:00,22:00:00,3.1,1993,20.95,1
1306,Saxena-Grewal Restaurant,Laksh Basu,45,Maharashtrian,08:00:00,23:30:00,4.5,754,26.67,1
1307,Datta LLC Restaurant,Yochana Parmar,18,Gujarati,10:00:00,23:00:00,3.7,1003,16.75,0
1308,Dhingra-Din Restaurant,Dayamai Oza,32,Gujarati,10:00:00,23:30:00,3.4,4827,23.59,1
1309,Pillay-Anand Restaurant,Dakshesh Khanna,18,Punjabi,10:00:00,22:00:00,4.6,1503,20.76,1
1310,"Bhagat, Sami and Padmanabhan Restaurant",Sai Jaggi,20,Maharashtrian,08:00:00,22:00:00,3.7,4423,17.77,0
1311,Om and Sons Restaurant,Unni Narula,26,Mughlai,10:00:00,23:30:00,4.0,4270,27.56,0
1312,"Nayak, Mistry and Sahota Restaurant",Nicholas Cheema,49,Cafe,08:00:00,23:30:00,4.8,1500,27.93,0
1313,Basak-Tandon Restaurant,Aarush Kapoor,1,Mughlai,09:00:00,23:00:00,3.2,1075,23.63,0
1314,"Karpe, Shukla and Kala Restaurant",Vasana Narula,6,Mughlai,09:00:00,22:00:00,3.2,1041,22.59,1
1315,"Prashad, Jha and Ratta Restaurant",Abeer Patil,35,Chinese,09:00:00,23:30:00,3.0,2482,15.69,1
1316,Borah LLC Restaurant,Ishwar Dhar,43,Mughlai,09:00:00,22:00:00,4.2,2583,22.84,1
1317,Sarraf-Hayer Restaurant,Caleb Balan,39,Mughlai,10:00:00,22:00:00,4.4,386,18.56,0
1318,Hora LLC Restaurant,Theodore Lala,10,Fast Food,08:00:00,22:00:00,4.2,1789,23.88,1
1319,"Ghosh, Nori and Korpal Restaurant",Rohan Bains,9,Punjabi,10:00:00,23:00:00,3.1,2108,18.91,0
1320,Lala Inc Restaurant,Laksh Raghavan,26,Biryani,08:00:00,23:00:00,4.4,1193,23.04,0
1321,"Choudhry, Nigam and Kade Restaurant",Tanmayi Khatri,41,Punjabi,09:00:00,23:30:00,4.4,1598,25.72,0
1322,Pradhan-Garg Restaurant,Dhruv Dani,27,Desserts,08:00:00,23:00:00,5.0,3572,20.68,0
1323,De and Sons Restaurant,Kritika Prasad,5,Fast Food,08:00:00,23:30:00,3.2,4512,21.1,1
1324,Sanghvi-Konda Restaurant,Ranbir Wason,41,South Indian,09:00:00,23:00:00,4.6,1218,28.03,0
1325,Dixit-Narang Restaurant,Chatresh Mammen,18,North Indian,08:00:00,23:00:00,5.0,1840,20.68,0
1326,Trivedi PLC Restaurant,Shaurya Bumb,8,Chinese,10:00:00,23:30:00,4.8,4843,27.32,1
1327,Bhattacharyya-Ganesh Restaurant,Yashodhara Prasad,7,Mughlai,09:00:00,23:30:00,4.1,2330,23.27,0
1328,Venkataraman-Shetty Restaurant,Ekanta Prakash,4,Chinese,09:00:00,23:00:00,3.4,4375,23.28,1
1329,"Subramanian, Talwar and Som Restaurant",Nandini Bansal,31,Maharashtrian,08:00:00,23:00:00,3.0,4227,25.7,0
1330,Kanda and Sons Restaurant,Wahab Randhawa,10,Burger,10:00:00,23:30:00,3.5,3052,25.61,0
1331,Mohan Group Restaurant,Naksh Prasad,44,Maharashtrian,09:00:00,23:30:00,3.9,3615,29.79,1
1332,Chad-Desai Restaurant,Chakrika Saxena,33,Fast Food,09:00:00,23:00:00,4.0,1894,19.58,0
1333,"Pandey, Karpe and Barman Restaurant",Yauvani Nayar,20,Burger,09:00:00,22:00:00,4.3,648,25.95,0
1334,Seshadri-Sibal Restaurant,Nilima Pillai,11,Maharashtrian,08:00:00,22:00:00,4.5,4559,28.94,0
1335,Nadig-Mahajan Restaurant,Aryan Gola,28,Gujarati,10:00:00,23:30:00,3.3,4098,22.73,0
1336,Kaur-Lanka Restaurant,Jagrati Butala,26,North Indian,10:00:00,22:00:00,4.8,79,25.71,1
1337,Thaker-Varghese Restaurant,Aradhana Kari,16,Punjabi,10:00:00,23:30:00,4.4,366,24.11,0
1338,Dani Inc Restaurant,Balvan Iyer,44,Street Food,10:00:00,22:00:00,3.3,3026,27.59,1
1339,Hegde-Narayan Restaurant,Chasmum Maharaj,4,Burger,09:00:00,23:00:00,3.3,947,20.07,0
1340,Devi Ltd Restaurant,Abhiram Mistry,35,Desserts,08:00:00,23:00:00,3.6,2424,18.97,0
1341,Pal-Raval Restaurant,Advik Sodhi,48,Gujarati,10:00:00,23:00:00,3.4,2517,28.94,0
1342,"Vala, Dixit and Rao Restaurant",Utkarsh Kadakia,30,Street Food,10:00:00,23:00:00,3.1,68,24.23,1
1343,Kaur-Varty Restaurant,Triya Oak,20,Pizza,08:00:00,22:00:00,3.7,1545,21.03,0
1344,Munshi and Sons Restaurant,Omisha Kadakia,7,Burger,09:00:00,22:00:00,3.2,4233,28.48,1
1345,Sengupta-Balan Restaurant,Liam Dave,8,Street Food,09:00:00,22:00:00,3.3,2069,18.39,1
1346,Andra-Tata Restaurant,Harinakshi Kar,24,Fast Food,09:00:00,23:00:00,4.8,4414,27.17,0
1347,Sandal-Raval Restaurant,Eshana Bajaj,29,Gujarati,09:00:00,22:00:00,3.3,3575,15.09,0
1348,"Balay, Dewan and Dube Restaurant",Mahika Raj,8,Italian,09:00:00,22:00:00,3.3,3469,26.16,0
1349,Raman Inc Restaurant,Raghav Soman,11,Gujarati,08:00:00,23:00:00,4.9,2197,16.78,1
1350,Narasimhan PLC Restaurant,Daksha Chander,36,Biryani,10:00:00,23:30:00,3.3,3295,22.53,1
1351,Chawla Ltd Restaurant,Azad Suresh,9,South Indian,08:00:00,22:00:00,3.3,2839,22.5,0
1352,Grover and Sons Restaurant,Libni Mander,4,Gujarati,09:00:00,23:00:00,5.0,85,21.51,1
1353,Kaul LLC Restaurant,Suhani Bhandari,19,Biryani,08:00:00,23:00:00,3.5,1269,25.94,0
1354,Vasa-Apte Restaurant,Eta Roy,16,Fast Food,08:00:00,23:00:00,5.0,2046,24.99,1
1355,Dugar-Choudhry Restaurant,Omya Sridhar,13,Biryani,10:00:00,22:00:00,4.4,4135,24.17,0
1356,"Biswas, Ramachandran and Jhaveri Restaurant",Samesh Mukherjee,38,Gujarati,10:00:00,22:00:00,3.5,1103,21.02,1
1357,Soman-Dutt Restaurant,Samaksh Thakkar,13,Street Food,08:00:00,23:00:00,3.0,1655,16.36,0
1358,"Shanker, Majumdar and Jaggi Restaurant",Luke Sehgal,25,Burger,10:00:00,23:00:00,4.4,1915,18.33,1
1359,Rastogi PLC Restaurant,Falguni Swaminathan,31,North Indian,10:00:00,23:00:00,4.3,2512,16.65,1
1360,Shere-Baral Restaurant,Bhavna Shan,18,Pizza,10:00:00,23:00:00,3.5,409,17.73,0
1361,Mishra-Raman Restaurant,Ojasvi Krish,4,Gujarati,10:00:00,23:00:00,3.4,3887,19.2,0
1362,Sankaran Group Restaurant,Qadim Chandran,28,Chinese,09:00:00,23:00:00,3.7,2513,16.67,0
1363,Bassi-Khatri Restaurant,Anusha Yogi,44,Mughlai,08:00:00,23:00:00,3.7,2980,26.14,1
1364,Bhavsar-Kalla Restaurant,Nisha Dara,16,Gujarati,09:00:00,22:00:00,4.2,734,28.31,0
1365,Bose-Cheema Restaurant,Nimrat Seshadri,41,Punjabi,10:00:00,22:00:00,3.1,1580,17.89,1
1366,Krishnan and Sons Restaurant,Turvi Bala,7,South Indian,10:00:00,23:30:00,3.7,3904,29.84,0
1367,Shenoy Group Restaurant,Mohini Hayer,35,Punjabi,08:00:00,22:00:00,3.3,3445,23.26,1
1368,Barad-Anne Restaurant,Ishwar Deshpande,49,Desserts,10:00:00,23:00:00,4.8,3693,24.45,0
1369,Shetty-Sundaram Restaurant,Ekansh Butala,28,South Indian,09:00:00,23:00:00,4.0,4147,26.86,0
1370,"Kibe, Sarma and Dey Restaurant",Arya Edwin,39,Fast Food,10:00:00,22:00:00,3.6,4658,15.91,0
1371,Badami PLC Restaurant,Peter Menon,48,Desserts,09:00:00,23:00:00,4.4,4226,29.57,0
1372,Warrior Ltd Restaurant,Om Brahmbhatt,29,Cafe,10:00:00,23:00:00,4.1,3216,21.01,1
1373,"Apte, Mahajan and Dube Restaurant",Ishita Gokhale,14,Chinese,08:00:00,22:00:00,4.1,4870,25.45,1
1374,Banerjee Ltd Restaurant,Riya Batta,33,Punjabi,10:00:00,23:30:00,3.5,1824,19.45,1
1375,"Virk, Chauhan and Ramakrishnan Restaurant",Sachi Ben,36,South Indian,08:00:00,22:00:00,3.1,1971,19.38,0
1376,"Agrawal, Bava and Purohit Restaurant",Zaid Prasad,18,Street Food,08:00:00,23:00:00,4.7,442,24.64,0
1377,Iyengar Inc Restaurant,Oviya Bala,14,Mughlai,08:00:00,22:00:00,4.3,4977,29.58,1
1378,Nazareth and Sons Restaurant,Thomas Char,6,Punjabi,10:00:00,23:00:00,4.4,3365,28.48,1
1379,"Ganesh, Ganesh and Basu Restaurant",Yauvani Chokshi,21,North Indian,10:00:00,22:00:00,4.6,1816,25.96,1
1380,Naidu-Gupta Restaurant,Megha Sangha,12,Fast Food,08:00:00,23:30:00,4.3,4798,16.6,1
1381,Kata and Sons Restaurant,Ishanvi Naik,42,Fast Food,10:00:00,23:30:00,4.2,1708,27.25,0
1382,Aurora Group Restaurant,Advik Ramachandran,21,Fast Food,08:00:00,23:30:00,4.3,3259,17.33,0
1383,Shanker and Sons Restaurant,Arya Pillay,47,Punjabi,09:00:00,23:00:00,3.3,3944,16.41,0
1384,Bhavsar and Sons Restaurant,Charvi Tata,30,Chinese,08:00:00,22:00:00,4.1,1497,24.71,0
1385,Yadav PLC Restaurant,Zayan Chandran,20,Chinese,08:00:00,23:00:00,4.4,1558,16.04,0
1386,"Nair, Rama and Deol Restaurant",Parth Nadkarni,28,Italian,09:00:00,23:30:00,4.9,841,25.86,0
1387,"Subramaniam, Bir and Nayak Restaurant",Saumya Raja,47,Cafe,08:00:00,23:30:00,3.2,3165,15.31,0
1388,"Kaul, Thakur and Arya Restaurant",Ansh Dash,49,Desserts,10:00:00,22:00:00,3.3,704,19.01,0
1389,Khalsa-Sangha Restaurant,Fariq Bhasin,1,Cafe,08:00:00,23:30:00,4.5,2792,27.79,0
1390,Prasad Group Restaurant,Saksham Doshi,13,Chinese,09:00:00,23:30:00,4.8,1356,19.61,1
1391,Jayaraman-Barad Restaurant,Sachi Narasimhan,10,Italian,08:00:00,23:30:00,4.4,4473,16.85,0
1392,Mall LLC Restaurant,Oeshi Mani,7,Mughlai,09:00:00,22:00:00,4.0,3422,17.13,0
1393,Karnik Ltd Restaurant,Hema Kibe,2,Italian,09:00:00,23:00:00,3.3,2369,18.39,1
1394,Zacharia Inc Restaurant,Tristan Raj,44,Street Food,10:00:00,22:00:00,4.0,922,18.37,1
1395,"Nagy, Goswami and Sathe Restaurant",Dhruv Swamy,23,South Indian,10:00:00,23:00:00,3.2,714,28.43,0
1396,Hans Inc Restaurant,Samarth Dass,12,Burger,10:00:00,23:00:00,4.2,3503,17.25,1
1397,Ghose PLC Restaurant,Warinder Tripathi,40,Desserts,09:00:00,23:00:00,4.8,2240,28.74,1
1398,Sandhu Ltd Restaurant,Deepa Gala,17,Cafe,10:00:00,22:00:00,4.6,1237,26.67,0
1399,"Hora, Konda and Samra Restaurant",Yuvraj Mitter,21,Chinese,09:00:00,23:00:00,4.4,3939,27.22,0
1400,Sen-Jaggi Restaurant,Vasana Buch,37,Burger,10:00:00,23:00:00,3.3,2666,29.92,0
1401,Rao-Purohit Restaurant,Urishilla Sastry,50,Burger,09:00:00,23:00:00,4.0,3962,25.4,1
1402,Tiwari-Sant Restaurant,Vasatika Bahri,39,Cafe,10:00:00,23:00:00,3.3,2034,20.75,1
1403,Sane-Chacko Restaurant,Michael Gill,35,Mughlai,09:00:00,23:30:00,4.1,1905,20.77,1
1404,Rai-Sheth Restaurant,Sudiksha Mander,34,Maharashtrian,10:00:00,23:30:00,3.4,734,18.53,0
1405,Srivastava-Bora Restaurant,Laban Singh,14,Desserts,08:00:00,23:00:00,4.1,1114,28.81,0
1406,Dubey and Sons Restaurant,Agastya Tella,23,Pizza,08:00:00,23:00:00,3.9,4537,29.58,1
1407,"Prasad, Swamy and Ravel Restaurant",Megha Prakash,16,Italian,08:00:00,22:00:00,4.5,980,29.43,0
1408,Suri-Morar Restaurant,Nilima Barad,25,Punjabi,08:00:00,23:30:00,4.9,3064,15.81,0
1409,Rajan PLC Restaurant,Rishi Sarin,43,Maharashtrian,08:00:00,23:00:00,4.7,1315,15.45,1
1410,Pall-Upadhyay Restaurant,Jyoti Bhardwaj,10,South Indian,08:00:00,22:00:00,3.0,3431,17.25,0
1411,"Rajan, Samra and Koshy Restaurant",Vanya Banerjee,31,Punjabi,08:00:00,23:30:00,4.1,2473,22.05,1
1412,Bala-Divan Restaurant,Tamanna Din,29,Cafe,10:00:00,23:30:00,3.0,931,17.34,0
1413,Kota-Edwin Restaurant,Jackson Chanda,39,Cafe,08:00:00,23:30:00,3.3,3267,27.49,1
1414,"Rajagopalan, Rao and Buch Restaurant",Pallavi Gandhi,36,Punjabi,09:00:00,23:30:00,4.0,1882,21.36,0
1415,Krishnan-Mittal Restaurant,Darika Sabharwal,18,South Indian,10:00:00,23:00:00,5.0,1045,26.15,1
1416,"Chakraborty, Chopra and Padmanabhan Restaurant",Amruta Kadakia,40,North Indian,08:00:00,23:00:00,3.4,4601,24.08,0
1417,"Rao, Morar and Ahuja Restaurant",Vyanjana Agarwal,45,Biryani,09:00:00,23:00:00,4.3,3338,27.41,0
1418,Boase Ltd Restaurant,Omaja Mani,4,Cafe,09:00:00,23:30:00,3.8,2231,16.63,0
1419,"Sankar, Garde and Goda Restaurant",Quincy Desai,24,Maharashtrian,09:00:00,22:00:00,3.5,1353,23.12,0
1420,Sur and Sons Restaurant,Shravya Kala,14,Maharashtrian,08:00:00,23:00:00,3.4,1672,24.58,0
1421,Iyer Inc Restaurant,Rehaan Lad,16,Fast Food,08:00:00,23:30:00,4.1,4638,29.8,1
1422,Sastry-Chopra Restaurant,Fariq Memon,3,North Indian,09:00:00,22:00:00,4.9,89,29.71,1
1423,Purohit Inc Restaurant,Devansh Oommen,26,Mughlai,08:00:00,23:00:00,4.5,2935,29.61,0
1424,Keer Group Restaurant,Harrison Andra,22,Burger,10:00:00,23:30:00,3.2,1250,15.36,1
1425,Lata Inc Restaurant,Gunbir Kakar,31,Maharashtrian,08:00:00,23:00:00,3.3,3813,16.18,0
1426,"Amble, Prashad and Venkatesh Restaurant",Vedika Solanki,46,Italian,08:00:00,23:30:00,4.3,1339,29.9,1
1427,Sanghvi-Nayar Restaurant,Hemal Murty,29,Cafe,08:00:00,23:00:00,3.6,3549,15.6,1
1428,Patel Ltd Restaurant,Kritika Bhandari,16,Italian,10:00:00,23:30:00,3.1,1268,23.5,1
1429,Narayanan-Chaudhry Restaurant,Tanmayi Ratti,7,Cafe,08:00:00,22:00:00,4.5,2555,23.21,0
1430,"Dewan, Bal and Das Restaurant",Yuvraj Pillay,32,South Indian,09:00:00,23:00:00,3.3,2441,17.42,1
1431,Soman-Varma Restaurant,Raghav Aggarwal,37,Pizza,09:00:00,22:00:00,3.1,3794,18.87,1
1432,"Nagy, Badal and Parsa Restaurant",Eshana Sawhney,17,Cafe,09:00:00,23:30:00,4.8,1035,29.58,1
1433,Sundaram Group Restaurant,Ijaya Sangha,3,Pizza,09:00:00,23:00:00,3.8,1076,21.61,1
1434,Chaudhry-Rajan Restaurant,Robert Dhar,24,South Indian,10:00:00,23:00:00,4.0,2173,28.16,0
1435,"Thaman, Balay and Datta Restaurant",Gagan Mitra,40,Gujarati,08:00:00,23:30:00,4.6,4614,15.12,0
1436,"Sibal, Ganguly and Sehgal Restaurant",Vasatika Zachariah,19,Burger,08:00:00,23:30:00,3.8,617,18.35,1
1437,Kohli and Sons Restaurant,Gaurav Cherian,43,South Indian,09:00:00,23:00:00,3.9,4403,28.5,1
1438,Balakrishnan-Dyal Restaurant,Leela Mand,7,South Indian,08:00:00,23:30:00,3.2,3271,26.52,0
1439,Kurian Ltd Restaurant,Jatin Deshpande,26,Pizza,08:00:00,23:00:00,3.7,4970,22.29,1
1440,"Swamy, Chana and Natarajan Restaurant",Dhruv Oza,8,Fast Food,09:00:00,22:00:00,4.1,3869,17.18,0
1441,Raj-Sarkar Restaurant,Udant Lad,21,Maharashtrian,08:00:00,23:30:00,4.5,531,29.05,1
1442,Mannan Inc Restaurant,Gaurav Oak,28,Biryani,08:00:00,22:00:00,3.4,207,29.29,1
1443,"Guha, D’Alia and Pillai Restaurant",Dhriti Rai,18,Fast Food,10:00:00,22:00:00,3.2,587,19.11,0
1444,"Agarwal, Mukhopadhyay and Bhatia Restaurant",Lipika Sampath,20,Desserts,10:00:00,23:00:00,4.7,4318,18.21,1
1445,Patla-Date Restaurant,Hredhaan Rana,12,Desserts,08:00:00,22:00:00,4.8,3530,20.13,1
1446,Yohannan Group Restaurant,Maanav Minhas,11,Italian,09:00:00,23:00:00,4.0,4406,25.33,0
1447,Tata Ltd Restaurant,Manan Mander,45,Burger,09:00:00,23:30:00,4.1,101,23.41,0
1448,Banerjee PLC Restaurant,Dayamai Thakkar,5,Punjabi,10:00:00,23:30:00,4.2,2672,24.96,1
1449,"Dasgupta, Mahal and Sridhar Restaurant",Warda Manne,1,Chinese,09:00:00,22:00:00,4.0,2612,16.7,1
1450,"Puri, Bhargava and Nath Restaurant",Shivansh Kar,17,Mughlai,10:00:00,22:00:00,5.0,1049,24.51,0
1451,"Ben, Gola and Sura Restaurant",Chandani Dutta,3,Italian,10:00:00,22:00:00,3.8,4493,26.62,1
1452,Ramanathan LLC Restaurant,Urvashi Pall,14,Pizza,08:00:00,22:00:00,4.9,4745,29.33,1
1453,Raman-Bora Restaurant,Barkha Hayer,24,North Indian,09:00:00,23:00:00,4.0,1041,25.49,1
1454,"Ramesh, Chatterjee and Deep Restaurant",Chatura Modi,27,Burger,09:00:00,23:00:00,4.7,3508,22.85,1
1455,Gade-Devan Restaurant,Vasudha Manne,8,Street Food,08:00:00,23:00:00,3.9,1469,23.29,0
1456,Kadakia and Sons Restaurant,Aditya Pathak,35,Burger,09:00:00,23:00:00,4.7,3603,24.51,0
1457,"Chaudry, Divan and Puri Restaurant",Om Bhalla,6,Cafe,08:00:00,22:00:00,4.3,3389,16.56,0
1458,Parekh Group Restaurant,Charles Dalal,41,Biryani,10:00:00,23:30:00,4.6,2394,27.78,0
1459,"Nigam, Saraf and Dixit Restaurant",Yash Bandi,15,Cafe,09:00:00,23:30:00,3.8,1622,27.85,0
1460,Khosla Group Restaurant,Chasmum Gera,23,Cafe,09:00:00,23:00:00,4.8,3262,15.11,1
1461,"Prashad, Chakraborty and Sheth Restaurant",Anvi Saxena,15,Mughlai,09:00:00,23:00:00,4.8,2186,19.61,1
1462,Apte-Dar Restaurant,Fitan Dara,44,Italian,08:00:00,23:00:00,3.1,235,17.3,1
1463,Upadhyay-Kar Restaurant,Varsha Mahal,34,Desserts,10:00:00,23:30:00,3.6,1416,29.39,1
1464,"Chandra, Golla and Rajagopalan Restaurant",Radha Misra,16,Mughlai,09:00:00,22:00:00,4.2,3242,27.43,1
1465,"Dass, Chaudhary and Nanda Restaurant",Qasim Ravi,9,Gujarati,09:00:00,23:30:00,3.3,2626,22.76,1
1466,"Bahri, Ramesh and Yadav Restaurant",Devansh Venkataraman,15,South Indian,10:00:00,22:00:00,4.0,4746,26.76,1
1467,"Yohannan, Dash and Johal Restaurant",Pratyush Gole,36,Chinese,09:00:00,22:00:00,3.2,230,21.56,0
1468,Sekhon LLC Restaurant,Balveer Dave,2,Maharashtrian,10:00:00,23:30:00,4.8,665,23.58,0
1469,"Jhaveri, Edwin and Chahal Restaurant",Bakhshi Chad,48,Punjabi,08:00:00,23:00:00,4.3,2953,17.8,0
1470,Toor LLC Restaurant,Onveer Sampath,20,Italian,10:00:00,22:00:00,4.5,3117,26.56,0
1471,"Acharya, Kothari and Mital Restaurant",Zilmil Memon,18,South Indian,08:00:00,23:30:00,3.0,4766,28.0,0
1472,"Walla, Saxena and Dey Restaurant",Dhriti Virk,30,Street Food,10:00:00,22:00:00,3.2,2333,18.93,0
1473,Yohannan-Uppal Restaurant,Hardik Basu,6,South Indian,09:00:00,23:00:00,4.8,1723,20.86,1
1474,Bansal and Sons Restaurant,Chandani Kale,2,Burger,08:00:00,23:00:00,4.9,645,18.15,1
1475,Kalita PLC Restaurant,Arunima Dave,25,Street Food,09:00:00,23:30:00,4.8,1339,17.7,0
1476,"Sami, Borde and Kumer Restaurant",Lakshmi Gade,12,Gujarati,10:00:00,23:30:00,4.2,277,16.76,1
1477,Shan-Chacko Restaurant,Pavani Dhar,23,Biryani,10:00:00,23:30:00,4.1,1317,22.83,1
1478,"Jani, Bobal and Luthra Restaurant",Kashish Vaidya,8,Italian,10:00:00,22:00:00,4.1,4263,22.68,0
1479,"Gade, Saini and Dube Restaurant",Radha Raghavan,14,Desserts,09:00:00,22:00:00,4.8,261,19.91,0
1480,Kota Inc Restaurant,Jeet Wali,6,Punjabi,10:00:00,22:00:00,3.5,3965,17.99,0
1481,Ray Inc Restaurant,Gaurav Patil,23,Punjabi,10:00:00,23:30:00,3.6,4081,21.54,1
1482,Mahajan-Dhingra Restaurant,Anusha Anne,13,Fast Food,08:00:00,22:00:00,4.4,2322,29.43,0
1483,Purohit and Sons Restaurant,Henry Dasgupta,38,Cafe,10:00:00,23:00:00,3.3,1706,29.31,1
1484,Vyas Ltd Restaurant,Vrishti Chandran,28,Street Food,09:00:00,23:00:00,4.2,2245,27.24,0
1485,"Palla, Manda and Madan Restaurant",Chanakya Garde,39,Burger,09:00:00,22:00:00,4.1,3083,28.47,0
1486,Ramachandran-Golla Restaurant,Neha Sood,29,Chinese,08:00:00,23:30:00,3.5,3377,19.4,1
1487,"Datta, Lad and Andra Restaurant",Jonathan Dhar,26,North Indian,08:00:00,22:00:00,4.6,3537,26.86,1
1488,Loke-Bera Restaurant,Zaid Sahota,16,South Indian,08:00:00,23:30:00,3.7,1208,26.69,0
1489,"Shankar, Goswami and Sarna Restaurant",Upadhriti Thakkar,1,Pizza,10:00:00,22:00:00,4.4,1771,21.98,1
1490,Majumdar-Sangha Restaurant,Dalaja Chahal,15,Mughlai,08:00:00,23:00:00,3.6,1758,22.91,0
1491,Ray-Munshi Restaurant,Fariq Bose,36,Fast Food,10:00:00,23:30:00,4.9,632,23.61,1
1492,"Khatri, Chander and Gandhi Restaurant",Frado Mangal,44,Cafe,09:00:00,23:00:00,4.6,1643,17.96,1
1493,"Tailor, Anne and Samra Restaurant",Varsha Tank,32,North Indian,09:00:00,23:00:00,3.2,3729,17.57,1
1494,"Walia, Dash and Ravi Restaurant",Ranveer Amble,38,Burger,08:00:00,23:30:00,3.0,166,24.65,0
1495,"Sandal, Warrior and Pai Restaurant",Brijesh Sen,30,Fast Food,08:00:00,23:00:00,3.1,4390,28.77,0
1496,Viswanathan and Sons Restaurant,Falan Peri,22,Gujarati,08:00:00,22:00:00,3.9,3420,25.85,1
1497,Varkey LLC Restaurant,Pahal Tandon,21,Cafe,09:00:00,23:00:00,3.2,2585,22.41,0
1498,Garde-Prakash Restaurant,Hamsini Krish,26,Fast Food,10:00:00,23:00:00,4.0,1014,27.65,0
1499,"Dalal, Mannan and Mistry Restaurant",Chaaya Lanka,2,Italian,08:00:00,22:00:00,3.3,2664,27.92,1
1500,Agate Ltd Restaurant,Teerth Mody,15,Chinese,08:00:00,22:00:00,4.4,3041,27.24,0
1501,"Varma, Banik and Sheth Restaurant",Dakshesh Parekh,45,Desserts,08:00:00,23:00:00,4.8,372,16.66,1
1502,Sharma LLC Restaurant,Irya Chhabra,5,Fast Food,09:00:00,23:30:00,4.2,3129,19.05,0
1503,Palla Ltd Restaurant,Neelima Pant,9,Maharashtrian,09:00:00,22:00:00,3.3,1232,26.3,1
1504,Chaudhuri Group Restaurant,Rudra Chad,41,Biryani,10:00:00,22:00:00,4.0,1990,23.67,1
1505,"Varkey, Dube and Roy Restaurant",Vinaya Amble,18,Pizza,10:00:00,23:00:00,3.5,2181,26.49,0
1506,Krishna and Sons Restaurant,Megha Prasad,23,Mughlai,08:00:00,23:30:00,4.3,1706,25.42,0
1507,Patla-Sangha Restaurant,Amruta Chopra,32,North Indian,08:00:00,22:00:00,4.3,3855,27.28,0
1508,Sarna-Edwin Restaurant,Irya Saraf,32,South Indian,09:00:00,22:00:00,4.6,4342,22.71,1
1509,Parmer Ltd Restaurant,Indrajit Gupta,49,Fast Food,10:00:00,23:00:00,4.3,4152,16.58,0
1510,Baria-Deol Restaurant,Oviya Narula,15,Street Food,09:00:00,23:00:00,5.0,4226,18.05,1
1511,Dyal Ltd Restaurant,Varenya Lata,13,South Indian,09:00:00,23:00:00,3.3,2536,29.27,0
1512,Sama Group Restaurant,Joshua Nair,10,Biryani,08:00:00,23:30:00,3.2,155,28.41,0
1513,Thaker-Ramachandran Restaurant,Imaran Chokshi,18,North Indian,09:00:00,23:30:00,4.1,2903,18.98,0
1514,Date and Sons Restaurant,Xiti Arya,23,Burger,08:00:00,22:00:00,3.8,3549,22.62,0
1515,"Khalsa, Ben and Oommen Restaurant",Abhiram Saraf,29,Fast Food,09:00:00,22:00:00,3.1,3153,25.98,1
1516,Mann-Manda Restaurant,Fitan Sanghvi,13,Fast Food,08:00:00,23:00:00,3.4,2280,22.94,1
1517,Dua Ltd Restaurant,Zaid Mand,34,Burger,08:00:00,23:30:00,3.1,2059,29.38,0
1518,Lall Ltd Restaurant,Pushti Issac,8,North Indian,08:00:00,23:30:00,3.5,559,22.98,1
1519,Chauhan-Thakkar Restaurant,Ranbir Dixit,15,Street Food,10:00:00,23:30:00,4.4,3230,20.89,0
1520,Dara and Sons Restaurant,Balvan Mahal,47,Desserts,10:00:00,23:00:00,4.0,1421,26.79,1
1521,Dhingra Group Restaurant,Ryan Chand,41,Fast Food,10:00:00,23:30:00,3.6,45,16.41,1
1522,Rai Group Restaurant,Vihaan Kapadia,48,Fast Food,10:00:00,22:00:00,3.3,588,17.5,1
1523,Sandhu-Srinivas Restaurant,Yashvi Sane,30,Chinese,08:00:00,23:30:00,3.9,2756,15.31,1
1524,"Behl, Modi and Choudhary Restaurant",Januja Mand,5,Chinese,10:00:00,22:00:00,4.2,3901,23.75,1
1525,Sahota-Koshy Restaurant,Champak Gopal,16,Biryani,08:00:00,22:00:00,4.6,4667,25.2,1
1526,Acharya Inc Restaurant,Simon Mangal,15,Mughlai,10:00:00,22:00:00,4.5,789,16.5,1
1527,Mammen-Chaudhuri Restaurant,Qasim Krishnan,29,Biryani,10:00:00,23:00:00,5.0,2128,24.95,1
1528,Patla-Natt Restaurant,Isaac Chatterjee,24,Biryani,08:00:00,23:00:00,3.6,2753,28.37,1
1529,"Arya, De and Narula Restaurant",Janaki Wadhwa,8,Fast Food,10:00:00,23:30:00,4.5,189,17.22,1
1530,"Prabhu, Khanna and Majumdar Restaurant",Leena Chahal,15,Gujarati,08:00:00,23:00:00,4.0,2021,23.66,1
1531,De Ltd Restaurant,Benjamin Halder,24,Italian,10:00:00,22:00:00,3.4,3114,24.58,1
1532,Sehgal Inc Restaurant,Hemal Mitra,41,Gujarati,10:00:00,23:00:00,5.0,4336,17.62,1
1533,"Som, Jaggi and Walla Restaurant",Caleb Datta,22,Burger,10:00:00,23:00:00,4.9,2283,19.64,0
1534,Sahota PLC Restaurant,Idika Pau,38,Mughlai,10:00:00,23:00:00,4.7,1027,21.5,1
1535,Dalal-Sarin Restaurant,Vasudha Saini,37,Cafe,09:00:00,23:00:00,3.2,88,22.48,0
1536,"Thakur, Bains and Ganesan Restaurant",Kai Mann,30,Gujarati,08:00:00,23:30:00,4.9,4592,24.96,1
1537,Bhat Ltd Restaurant,Mitali Talwar,32,Fast Food,08:00:00,23:00:00,3.0,355,18.26,0
1538,"Walia, Varghese and Borde Restaurant",Raksha Upadhyay,4,Biryani,09:00:00,22:00:00,3.9,25,15.75,0
1539,Ramakrishnan-Rattan Restaurant,Samuel Gour,23,Street Food,09:00:00,23:30:00,4.3,4613,17.33,0
1540,Dutta PLC Restaurant,Aditya Varghese,46,Fast Food,08:00:00,23:30:00,3.4,4814,28.77,1
1541,Thakur-Vohra Restaurant,Chavvi Kannan,15,North Indian,09:00:00,23:00:00,3.5,3184,21.34,0
1542,Loyal-Dani Restaurant,Udarsh Bath,17,Street Food,09:00:00,23:30:00,3.6,4639,21.54,1
1543,"Khanna, Manne and Baral Restaurant",Arunima Deol,38,Chinese,10:00:00,22:00:00,3.5,3430,23.31,1
1544,Behl-Kothari Restaurant,Jack Agarwal,20,South Indian,09:00:00,23:30:00,4.9,3797,23.19,1
1545,"Palan, Pillay and Nair Restaurant",Aishani Deol,28,South Indian,08:00:00,23:30:00,3.9,2586,22.56,1
1546,Menon-Nair Restaurant,Advaith Parekh,30,Pizza,09:00:00,23:00:00,3.8,3380,21.92,0
1547,Mammen and Sons Restaurant,Amol Yogi,50,Burger,08:00:00,22:00:00,4.2,2497,26.8,1
1548,"Cherian, Raja and Kurian Restaurant",Riya Kannan,9,Maharashtrian,10:00:00,23:30:00,4.8,458,26.33,1
1549,Luthra-Jani Restaurant,Nachiket Sehgal,9,Burger,10:00:00,22:00:00,3.9,4263,21.9,0
1550,Saraf LLC Restaurant,Varenya Chander,6,North Indian,09:00:00,23:30:00,3.2,4888,16.46,1
1551,Golla-Sharaf Restaurant,Patrick Gulati,37,Biryani,10:00:00,23:00:00,4.7,1014,26.11,0
1552,"Swaminathan, Gole and Manda Restaurant",Dayita Gaba,45,Italian,10:00:00,22:00:00,4.1,4077,17.05,0
1553,Ramesh Ltd Restaurant,Ekaraj Dhar,20,Gujarati,09:00:00,23:30:00,5.0,72,27.08,0
1554,Sandhu and Sons Restaurant,Neha Chaudhry,8,South Indian,08:00:00,22:00:00,4.2,1011,22.8,0
1555,"Vyas, Devan and Arora Restaurant",Krishna Rajagopalan,14,South Indian,09:00:00,22:00:00,4.7,3655,20.86,0
1556,Choudhary Inc Restaurant,Kevin Kothari,20,Burger,09:00:00,22:00:00,4.6,4498,18.9,1
1557,Loyal and Sons Restaurant,Aditya Cherian,43,Maharashtrian,08:00:00,23:00:00,3.3,197,17.77,0
1558,"Nigam, Chada and Jain Restaurant",Varsha Sawhney,11,Mughlai,10:00:00,23:30:00,4.1,3920,22.21,1
1559,Mohanty LLC Restaurant,Mohammed Kohli,43,South Indian,10:00:00,23:00:00,3.7,2274,20.87,0
1560,Loke Ltd Restaurant,Ansh Basu,30,Burger,09:00:00,22:00:00,3.1,3764,16.8,1
1561,Minhas Inc Restaurant,Lucky Agarwal,1,Maharashtrian,09:00:00,22:00:00,4.3,3661,15.64,1
1562,Bajwa and Sons Restaurant,Lekha Din,9,Biryani,10:00:00,23:00:00,3.6,1316,20.37,0
1563,Mangat-Kara Restaurant,Isaiah Swamy,23,Street Food,10:00:00,23:30:00,3.8,534,17.62,0
1564,Choudhary and Sons Restaurant,Baghyawati Parikh,23,Gujarati,10:00:00,23:30:00,3.7,1167,19.18,1
1565,Nath Inc Restaurant,Frado Bassi,26,South Indian,10:00:00,23:00:00,3.8,3884,24.09,0
1566,"Dora, Gokhale and Sangha Restaurant",Pratyush Sandal,37,Punjabi,10:00:00,23:30:00,4.1,1080,25.47,1
1567,Mitra PLC Restaurant,Ijaya Chawla,38,Maharashtrian,09:00:00,22:00:00,3.1,1323,18.48,0
1568,Tata-Pillay Restaurant,Faraj Agate,32,Street Food,10:00:00,23:00:00,3.6,1916,29.72,0
1569,Din LLC Restaurant,Madhavi Sekhon,7,Street Food,08:00:00,23:30:00,4.8,3461,28.84,0
1570,"Sridhar, Bhavsar and Chowdhury Restaurant",Arya Dhillon,40,Fast Food,08:00:00,22:00:00,4.7,617,21.62,1
1571,Naidu and Sons Restaurant,Lekha Pandit,39,Gujarati,08:00:00,22:00:00,3.6,3702,20.66,0
1572,Talwar-Samra Restaurant,Odika Nath,13,Fast Food,09:00:00,23:00:00,4.4,1867,18.02,0
1573,Korpal Group Restaurant,Widisha Yohannan,28,Desserts,10:00:00,22:00:00,3.2,218,24.44,0
1574,"Tailor, Walia and Yadav Restaurant",Leena Chacko,14,North Indian,08:00:00,22:00:00,3.7,3362,23.52,0
1575,"Sama, Vyas and Kanda Restaurant",Wahab Pathak,22,Chinese,10:00:00,23:30:00,4.9,4346,22.44,0
1576,Jani Inc Restaurant,Urvi Deol,37,Desserts,09:00:00,23:30:00,3.7,4596,27.8,0
1577,Bhasin LLC Restaurant,Liam Menon,29,Burger,10:00:00,23:00:00,4.7,4682,16.17,1
1578,Dhawan-Sama Restaurant,Shivansh Kapur,7,South Indian,09:00:00,22:00:00,3.1,4448,19.96,0
1579,Devi Inc Restaurant,Krishna Bal,19,Street Food,09:00:00,23:00:00,4.4,576,28.09,0
1580,"Samra, Prabhu and Bhagat Restaurant",Ethan Sood,19,South Indian,10:00:00,23:30:00,3.5,4261,28.98,1
1581,"Dugar, Balan and Din Restaurant",Lohit Brar,26,Maharashtrian,08:00:00,23:30:00,4.4,928,23.74,1
1582,Bose Inc Restaurant,Mason Gopal,42,North Indian,08:00:00,23:00:00,3.8,1662,20.02,0
1583,Dey-Wable Restaurant,Upma Sabharwal,9,Italian,10:00:00,23:30:00,3.7,530,18.53,0
1584,"Nazareth, Sawhney and Arya Restaurant",Indrajit Dugal,37,Street Food,10:00:00,23:30:00,4.7,309,20.19,0
1585,Balay PLC Restaurant,Yahvi Dyal,27,Maharashtrian,10:00:00,23:30:00,4.9,4537,22.18,0
1586,Randhawa Group Restaurant,Aarna Thaker,18,Punjabi,08:00:00,22:00:00,3.1,4178,18.38,1
1587,Karan-Sampath Restaurant,Anita Chanda,28,Biryani,09:00:00,22:00:00,3.0,473,15.4,0
1588,"Purohit, Dass and Kakar Restaurant",Daksh Kanda,35,Maharashtrian,09:00:00,23:30:00,4.4,168,23.29,0
1589,Gour-Brahmbhatt Restaurant,Vansha Munshi,25,Cafe,09:00:00,23:30:00,3.3,3516,23.24,0
1590,"Ravel, Rai and Gala Restaurant",Kamya Samra,29,South Indian,10:00:00,23:00:00,3.7,2830,21.55,0
1591,Madan Inc Restaurant,Faras Patil,16,Italian,08:00:00,23:30:00,3.0,3403,26.21,0
1592,"Nayak, Bala and Khatri Restaurant",Nicholas Chhabra,1,Desserts,10:00:00,22:00:00,4.6,647,15.85,1
1593,Kakar PLC Restaurant,Dayamai Guha,12,Fast Food,08:00:00,23:00:00,3.7,2020,29.97,0
1594,"Jaggi, Bali and Khosla Restaurant",Frederick Basu,39,Burger,09:00:00,23:30:00,3.2,649,16.15,0
1595,"Sule, Bath and Bava Restaurant",Girik More,32,Punjabi,10:00:00,23:00:00,4.8,1824,21.65,1
1596,Parikh LLC Restaurant,Xiti Hayer,24,Cafe,10:00:00,23:00:00,4.7,2020,22.9,1
1597,Raman-Parekh Restaurant,Gunbir Narula,21,Punjabi,10:00:00,23:30:00,3.2,2859,28.51,1
1598,Thakur-Chaudhuri Restaurant,Arjun Raja,18,South Indian,08:00:00,22:00:00,4.7,4287,18.46,0
1599,Barad-Mannan Restaurant,Max Sheth,8,Pizza,10:00:00,22:00:00,3.1,1945,25.48,1
1600,Chander Ltd Restaurant,Tanveer Dhaliwal,8,North Indian,09:00:00,22:00:00,3.5,4838,20.76,0
1601,"Dyal, Thaker and Varty Restaurant",Sara Deep,4,Fast Food,10:00:00,23:00:00,4.0,3154,20.77,0
1602,Mannan-Parsa Restaurant,Balveer Ram,15,Italian,09:00:00,22:00:00,4.3,4382,15.78,1
1603,Joshi PLC Restaurant,Michael Tank,3,Mughlai,09:00:00,22:00:00,4.8,2774,28.84,1
1604,Aurora and Sons Restaurant,Gagan Tara,49,Maharashtrian,08:00:00,22:00:00,3.7,3575,27.99,0
1605,Sha LLC Restaurant,Chakrika Edwin,7,Mughlai,09:00:00,23:30:00,4.9,2374,27.88,1
1606,Mammen PLC Restaurant,Ira Chakraborty,28,Maharashtrian,10:00:00,23:30:00,4.5,2150,17.44,1
1607,Gola Ltd Restaurant,Aarna Solanki,30,Punjabi,08:00:00,22:00:00,4.8,2319,26.99,1
1608,Sathe-Dey Restaurant,Vinaya Baral,6,Italian,10:00:00,23:00:00,3.7,3252,15.58,1
1609,Mangat-Rattan Restaurant,Kai Sastry,24,Fast Food,10:00:00,23:00:00,4.6,5000,15.19,1
1610,Vala-Murthy Restaurant,Fiyaz Sachdev,37,Gujarati,09:00:00,23:00:00,4.7,3655,21.94,1
1611,"Sengupta, Lall and Basak Restaurant",Yash Anand,1,Biryani,08:00:00,23:00:00,4.0,4579,18.27,0
1612,Cheema LLC Restaurant,Nathan Rastogi,38,South Indian,09:00:00,23:30:00,4.1,544,21.61,1
1613,Kapoor Group Restaurant,Girik Palla,50,Cafe,09:00:00,23:00:00,4.7,1062,18.41,0
1614,Sidhu-Warrior Restaurant,Ikbal Chada,10,Desserts,10:00:00,23:30:00,3.1,957,24.82,0
1615,Chokshi Group Restaurant,Ryan Ratti,44,Mughlai,09:00:00,23:30:00,3.6,4553,25.76,0
1616,Bhattacharyya-Nadig Restaurant,Vedika Kala,46,Fast Food,09:00:00,22:00:00,4.4,2914,23.11,0
1617,"Soni, Contractor and Mallick Restaurant",Balvan Dugal,39,Italian,09:00:00,22:00:00,3.2,3655,16.7,0
1618,Dhingra-Kala Restaurant,Azad Rai,16,Italian,09:00:00,23:30:00,3.7,3427,16.07,1
1619,Pathak Group Restaurant,Tanay Bhagat,19,Chinese,08:00:00,23:00:00,4.2,2971,20.02,1
1620,Bajaj Ltd Restaurant,Anamika Krishnan,42,Pizza,09:00:00,23:00:00,4.2,1333,20.52,1
1621,"Goda, Chacko and Dhar Restaurant",Anusha Ravel,10,Street Food,10:00:00,22:00:00,3.2,1752,27.12,1
1622,Misra Ltd Restaurant,Oni Vohra,14,Burger,10:00:00,22:00:00,4.3,1249,20.72,0
1623,Lad and Sons Restaurant,George Sangha,5,Street Food,08:00:00,23:30:00,4.0,4725,24.45,1
1624,Mishra-Gala Restaurant,Ikshita Saini,35,Punjabi,08:00:00,23:30:00,4.6,4993,22.08,1
1625,Soman-Wason Restaurant,Rajeshri Pant,21,Fast Food,08:00:00,23:30:00,3.6,2019,19.93,1
1626,"Ramachandran, Anne and Issac Restaurant",Maanav Naik,15,Biryani,09:00:00,23:30:00,4.9,1994,21.68,1
1627,"Nadig, Atwal and Dora Restaurant",Manbir Tata,24,South Indian,09:00:00,23:30:00,4.0,2987,24.8,0
1628,Comar-Ray Restaurant,Aarush Seshadri,29,Cafe,09:00:00,22:00:00,4.1,1046,28.89,0
1629,Sengupta Ltd Restaurant,Balhaar Kamdar,50,Street Food,09:00:00,23:30:00,4.2,1151,24.08,1
1630,"Guha, Salvi and Ganesan Restaurant",Tarak Pall,22,Pizza,08:00:00,22:00:00,3.8,4157,29.75,1
1631,Halder Ltd Restaurant,Kamala Patla,41,Street Food,08:00:00,22:00:00,4.8,147,17.5,1
1632,Mittal LLC Restaurant,Xalak Shah,17,Cafe,10:00:00,23:30:00,4.9,847,16.9,0
1633,Roy-Pandey Restaurant,Pooja Virk,28,North Indian,10:00:00,22:00:00,5.0,1104,22.72,1
1634,Comar-Goda Restaurant,Priya Prakash,28,Pizza,08:00:00,23:00:00,4.4,1997,25.68,0
1635,Gaba PLC Restaurant,Lakshmi Mane,22,Street Food,09:00:00,23:30:00,4.2,902,29.91,0
1636,"Sarkar, Mander and Chaudhary Restaurant",Hemang Chakraborty,5,Punjabi,09:00:00,23:00:00,4.8,3704,26.11,1
1637,"Babu, Sabharwal and Chawla Restaurant",Harish Sawhney,19,Cafe,09:00:00,23:30:00,3.3,1522,25.86,0
1638,"Bali, Mann and Salvi Restaurant",Udant Sha,10,Street Food,08:00:00,23:30:00,4.2,3735,20.69,1
1639,"Raj, Contractor and Hayre Restaurant",Jeet Panchal,12,Mughlai,10:00:00,23:30:00,3.6,813,18.48,1
1640,Sachar-Randhawa Restaurant,Kavya Kapur,22,North Indian,10:00:00,23:30:00,4.8,4769,22.62,1
1641,"Mander, Loyal and Lalla Restaurant",Oeshi Khurana,19,Pizza,09:00:00,23:00:00,4.5,1193,15.63,0
1642,Sachdeva Inc Restaurant,Atharv Dube,28,Mughlai,09:00:00,23:30:00,4.8,2595,16.49,1
1643,Venkataraman-Nadkarni Restaurant,Onkar Sani,11,South Indian,09:00:00,23:00:00,4.0,1852,28.28,1
1644,Raman and Sons Restaurant,Charan Sanghvi,17,Maharashtrian,08:00:00,22:00:00,4.3,1175,16.44,0
1645,Ramakrishnan Ltd Restaurant,Neha Nadkarni,2,Maharashtrian,08:00:00,23:30:00,4.1,1618,15.1,0
1646,"Dutt, Sarkar and Kashyap Restaurant",Jonathan Thaman,24,Italian,09:00:00,23:30:00,3.9,3664,22.81,1
1647,Ramanathan Ltd Restaurant,Nathan Naidu,19,Street Food,08:00:00,23:30:00,4.4,1002,21.67,1
1648,Chander Inc Restaurant,Rajeshri Apte,32,Fast Food,08:00:00,22:00:00,5.0,974,29.53,0
1649,"Dua, Bala and Brar Restaurant",Aryan De,48,Cafe,08:00:00,23:30:00,3.1,1303,22.61,1
1650,Parmar-Grover Restaurant,Tristan Mishra,30,Gujarati,10:00:00,23:30:00,4.3,626,25.6,1
1651,Wason and Sons Restaurant,Abha Behl,3,Burger,08:00:00,23:30:00,4.6,2621,17.86,0
1652,Butala-Dhawan Restaurant,Harshil Choudhry,41,Gujarati,08:00:00,22:00:00,3.3,3101,28.08,0
1653,Das-Chhabra Restaurant,Barkha Lala,44,Italian,09:00:00,23:00:00,3.3,1552,26.0,1
1654,Chander Inc Restaurant,Janaki Johal,9,Italian,10:00:00,22:00:00,4.9,1774,15.05,0
1655,Chaudhuri-Swaminathan Restaurant,Odika Borah,32,Mughlai,10:00:00,22:00:00,4.4,337,21.27,1
1656,Bose-Kade Restaurant,Keya Murthy,40,Burger,10:00:00,23:30:00,3.5,2876,22.26,0
1657,"Seshadri, Dyal and Gole Restaurant",Advaith Gokhale,20,Desserts,08:00:00,23:00:00,4.3,4035,26.95,1
1658,"Balay, Dalal and Oza Restaurant",Veda Ahluwalia,39,Pizza,10:00:00,23:00:00,3.6,1813,16.69,1
1659,Vig Ltd Restaurant,Jairaj Hans,27,Biryani,09:00:00,22:00:00,4.3,968,17.64,1
1660,"Balan, Wason and Bajaj Restaurant",Tarak Patla,43,South Indian,09:00:00,23:30:00,3.8,1069,26.61,1
1661,Kalla Inc Restaurant,Lakshit Kannan,32,Maharashtrian,09:00:00,23:30:00,3.5,2403,19.02,0
1662,Date LLC Restaurant,Vasatika Iyengar,27,North Indian,10:00:00,23:00:00,3.5,2621,21.17,1
1663,Pall Ltd Restaurant,Unni Tandon,28,Burger,09:00:00,22:00:00,3.5,1813,20.1,0
1664,Vala-Ratta Restaurant,Zashil Ghose,20,Biryani,09:00:00,22:00:00,4.1,1384,23.04,0
1665,Mand Group Restaurant,Devika Gandhi,40,Maharashtrian,09:00:00,22:00:00,4.2,183,29.25,0
1666,Sura Group Restaurant,Pallavi Magar,25,South Indian,10:00:00,23:00:00,4.8,4549,15.95,0
1667,Chokshi-Rajagopal Restaurant,Ryan Pandit,34,Italian,09:00:00,23:30:00,3.4,1306,27.57,1
1668,Bhatt-Sengupta Restaurant,Bahadurjit Vaidya,46,Italian,09:00:00,22:00:00,4.8,2735,21.2,0
1669,Rout-Memon Restaurant,Mitali Balan,1,North Indian,08:00:00,23:30:00,3.2,3279,26.87,0
1670,Gole LLC Restaurant,Quincy Parmar,11,Fast Food,09:00:00,22:00:00,3.5,2045,15.51,0
1671,Bora and Sons Restaurant,Kamya Dhillon,25,Gujarati,09:00:00,22:00:00,4.6,2231,27.93,0
1672,Das-Andra Restaurant,Advay Narasimhan,5,Mughlai,10:00:00,23:30:00,4.5,3422,15.3,0
1673,Shroff PLC Restaurant,Viraj Bhatti,7,Punjabi,10:00:00,23:00:00,3.4,4981,27.89,1
1674,Mander-Kala Restaurant,Harshil Mall,28,Mughlai,10:00:00,22:00:00,3.6,3779,18.04,1
1675,"Borde, Sama and Saran Restaurant",Ekaja Hora,42,Maharashtrian,09:00:00,23:00:00,3.6,782,18.33,1
1676,Bawa Group Restaurant,Chakradhar Maharaj,36,Fast Food,09:00:00,23:00:00,4.8,4388,22.6,1
1677,Dar-Dash Restaurant,Onveer Narain,2,Biryani,10:00:00,23:00:00,4.9,4497,25.72,1
1678,"Rajagopal, Khalsa and Bail Restaurant",Andrew Agrawal,15,Maharashtrian,08:00:00,23:00:00,4.5,3682,20.55,0
1679,Mane-Deep Restaurant,Balhaar Walla,42,Fast Food,09:00:00,22:00:00,4.6,705,16.43,0
1680,"Baral, Nazareth and Babu Restaurant",Upma Chandran,14,Desserts,09:00:00,23:30:00,3.5,1177,21.05,1
1681,Mitra-Maharaj Restaurant,Hiral Ratta,34,Punjabi,10:00:00,22:00:00,3.1,4062,18.78,1
1682,Munshi Group Restaurant,Maya Misra,48,Pizza,08:00:00,22:00:00,3.6,4651,23.98,0
1683,"Sha, Tak and Dara Restaurant",Harshil Balakrishnan,18,Punjabi,08:00:00,23:30:00,4.6,4489,22.5,0
1684,Batta Inc Restaurant,Henry Naidu,21,Biryani,10:00:00,23:00:00,4.0,687,28.82,1
1685,"Sarin, Kara and Garde Restaurant",Rayaan Pillay,45,South Indian,09:00:00,22:00:00,4.5,1347,22.8,0
1686,"Ahluwalia, Ben and Lad Restaurant",Indrajit Bava,11,Italian,09:00:00,22:00:00,3.1,3494,22.43,1
1687,Borde-Lalla Restaurant,Ladli Madan,9,Punjabi,10:00:00,23:00:00,3.8,2450,16.76,1
1688,"Garde, Devi and Sharma Restaurant",Jonathan Nagar,47,Street Food,10:00:00,23:00:00,4.0,3064,23.46,0
1689,Sachdev Ltd Restaurant,Jason Vig,10,Fast Food,10:00:00,23:30:00,3.4,3061,22.79,1
1690,"Khosla, Sridhar and Suri Restaurant",Ekanta Subramanian,31,Biryani,08:00:00,23:00:00,4.9,1128,17.46,1
1691,Chanda LLC Restaurant,Fitan Pandit,1,Pizza,09:00:00,22:00:00,3.3,569,29.9,0
1692,"Kibe, Jha and Brahmbhatt Restaurant",Warda Bhasin,20,Punjabi,08:00:00,22:00:00,4.4,4425,21.88,0
1693,Arya Ltd Restaurant,Upadhriti Rajan,4,Maharashtrian,09:00:00,23:30:00,3.3,2890,24.55,0
1694,Sura Inc Restaurant,Sathvik Wable,23,Gujarati,08:00:00,22:00:00,3.5,3511,23.77,1
1695,"Munshi, Muni and Setty Restaurant",Yamini Cherian,24,Maharashtrian,09:00:00,23:00:00,4.1,1679,16.16,0
1696,Kanda LLC Restaurant,Sneha Varghese,7,Punjabi,08:00:00,23:00:00,3.4,4637,16.53,1
1697,Ratta and Sons Restaurant,Arunima Sampath,22,Maharashtrian,10:00:00,23:30:00,3.6,3898,18.14,0
1698,Mohanty PLC Restaurant,Manan Shenoy,15,Italian,08:00:00,23:30:00,3.3,1370,22.13,0
1699,Choudhary and Sons Restaurant,Triveni Grover,21,South Indian,08:00:00,22:00:00,4.0,3621,21.38,1
1700,Balakrishnan-Soni Restaurant,Indira Lanka,21,Fast Food,10:00:00,22:00:00,3.5,3241,20.66,1
1701,Chad LLC Restaurant,Simon Dora,46,Biryani,09:00:00,23:00:00,4.7,2616,22.96,0
1702,Thakkar-Sankar Restaurant,Chatresh Sastry,11,Gujarati,09:00:00,23:30:00,3.3,3601,23.41,1
1703,Pingle-Chaudhari Restaurant,Lavanya Sami,45,Cafe,09:00:00,23:30:00,3.2,3586,24.78,0
1704,Menon and Sons Restaurant,Patrick Majumdar,2,Desserts,09:00:00,23:00:00,4.5,2854,25.93,0
1705,"Tak, Venkataraman and Sant Restaurant",Chandresh Kothari,40,Mughlai,08:00:00,23:00:00,3.7,107,17.94,1
1706,Kanda Inc Restaurant,Balendra Lata,34,Italian,08:00:00,23:30:00,3.6,790,28.67,1
1707,Bhatti PLC Restaurant,Anya Kara,33,Street Food,08:00:00,23:30:00,3.5,2272,24.63,1
1708,"Ravel, Ramanathan and Ramaswamy Restaurant",Thomas Loyal,3,Punjabi,10:00:00,23:00:00,3.5,488,29.57,0
1709,Jha-Garg Restaurant,Idika Mani,46,Street Food,09:00:00,23:30:00,4.3,4036,17.61,0
1710,"Mani, Aggarwal and Chandra Restaurant",Yahvi Sood,3,Pizza,08:00:00,23:30:00,4.8,1274,25.58,0
1711,"Mody, Khare and Garde Restaurant",Ekaraj Ganesan,9,South Indian,09:00:00,22:00:00,3.1,530,19.71,1
1712,Natarajan Group Restaurant,Agastya Som,13,Gujarati,10:00:00,23:30:00,3.0,2612,28.47,0
1713,Natt-Bail Restaurant,Aishani Bose,38,Punjabi,09:00:00,23:30:00,3.0,3322,21.25,0
1714,Andra PLC Restaurant,Urvi Agarwal,5,Italian,10:00:00,22:00:00,4.5,707,17.59,0
1715,Kota-Sodhi Restaurant,Chakradev Badal,18,Maharashtrian,08:00:00,23:30:00,4.0,1436,24.53,0
1716,"Mannan, Kari and Vohra Restaurant",Manan Chandra,20,Fast Food,10:00:00,23:00:00,3.2,3839,23.52,0
1717,Modi Ltd Restaurant,Sneha Swaminathan,37,Street Food,09:00:00,22:00:00,3.2,761,17.74,0
1718,"Panchal, Kurian and Sur Restaurant",Janya Shanker,12,Pizza,10:00:00,23:30:00,4.9,1407,26.83,0
1719,Pandit LLC Restaurant,Zarna Sule,41,Pizza,09:00:00,22:00:00,4.8,2041,19.62,0
1720,Madan Ltd Restaurant,Manbir Roy,48,Cafe,10:00:00,22:00:00,3.6,3127,25.59,0
1721,Dhar LLC Restaurant,Azaan Konda,18,Chinese,10:00:00,23:00:00,3.8,1562,19.09,0
1722,"Sankar, Parsa and Jhaveri Restaurant",Rishi Purohit,12,Fast Food,09:00:00,23:30:00,3.9,777,22.35,1
1723,"Chokshi, Mahal and Sengupta Restaurant",Alka Palla,23,Cafe,10:00:00,23:30:00,3.9,1416,15.55,1
1724,Raman-Sahni Restaurant,Dayamai Halder,10,Mughlai,10:00:00,22:00:00,5.0,3574,20.2,1
1725,Venkatesh Ltd Restaurant,Jason Sant,14,Pizza,10:00:00,23:30:00,4.1,2223,16.36,0
1726,Palan-Mani Restaurant,Abhiram Tara,17,Italian,09:00:00,23:00:00,3.1,964,22.76,0
1727,"Din, Shukla and Doctor Restaurant",Nicholas Mitter,31,Chinese,09:00:00,23:30:00,3.6,4638,20.67,0
1728,Mani-Bhattacharyya Restaurant,Alexander Setty,21,Punjabi,08:00:00,23:30:00,3.7,84,17.38,1
1729,Kalla LLC Restaurant,Chatresh Suresh,22,Pizza,10:00:00,22:00:00,3.4,2952,19.59,1
1730,Ahluwalia-Sani Restaurant,Aadi Bedi,35,Chinese,08:00:00,23:00:00,4.6,3759,23.9,1
1731,Devi-Palla Restaurant,Yadavi Dubey,47,Burger,09:00:00,22:00:00,3.5,3077,24.01,1
1732,Madan and Sons Restaurant,Rachana Buch,44,Burger,09:00:00,22:00:00,4.9,1939,26.45,0
1733,Kanda-Balay Restaurant,Isha Kothari,27,Burger,09:00:00,23:30:00,3.8,253,17.46,0
1734,"Raju, Sami and Rastogi Restaurant",Advika Mittal,20,Street Food,10:00:00,23:30:00,4.9,1645,29.27,0
1735,"Mukhopadhyay, Ghose and Sarin Restaurant",Liam Iyengar,9,Gujarati,09:00:00,22:00:00,4.9,2553,26.89,0
1736,Deshmukh-Saha Restaurant,Charvi Mody,23,Biryani,09:00:00,22:00:00,3.9,1228,18.01,0
1737,Mishra PLC Restaurant,Qadim Prashad,20,Fast Food,08:00:00,22:00:00,3.5,1685,21.55,0
1738,Char-Devi Restaurant,Dhriti Thakur,10,Gujarati,10:00:00,23:00:00,3.0,1325,20.17,1
1739,"Parmar, Sidhu and Pandya Restaurant",Unnati Salvi,36,Gujarati,09:00:00,23:30:00,3.4,3889,25.03,1
1740,Shenoy-Bala Restaurant,Oviya Chakrabarti,46,Italian,08:00:00,23:00:00,3.3,1113,21.0,1
1741,Mittal and Sons Restaurant,Joshua Memon,19,Desserts,10:00:00,23:30:00,4.7,4910,20.91,0
1742,Ramaswamy and Sons Restaurant,Abeer Shere,23,Biryani,10:00:00,23:30:00,4.9,240,18.33,0
1743,"Sharma, Bhagat and Chad Restaurant",Anamika Chhabra,50,Italian,09:00:00,23:00:00,3.7,33,24.16,1
1744,Chatterjee-Mannan Restaurant,Garima Bhat,5,Gujarati,08:00:00,22:00:00,4.0,382,18.17,1
1745,Vaidya Ltd Restaurant,Samarth Varty,6,Pizza,09:00:00,23:30:00,3.4,1254,19.27,1
1746,Tandon and Sons Restaurant,Mohammed Mitra,44,Desserts,09:00:00,22:00:00,3.5,3474,17.69,1
1747,"Mukhopadhyay, Ahuja and Sundaram Restaurant",Ishwar Bhavsar,44,Mughlai,08:00:00,23:00:00,4.6,2856,25.29,0
1748,Dua PLC Restaurant,Zinal Chatterjee,42,Desserts,09:00:00,22:00:00,3.3,1074,23.62,1
1749,Jayaraman Inc Restaurant,Aryan Tiwari,44,Biryani,08:00:00,23:00:00,4.3,3310,21.34,0
1750,Raman-Bhakta Restaurant,Charita Ravel,20,Burger,09:00:00,23:30:00,4.3,4964,27.11,1
1751,Gour-Keer Restaurant,Reva Dasgupta,33,Pizza,09:00:00,23:30:00,3.7,4402,29.58,0
1752,Dhingra-Bains Restaurant,Lucky Khosla,12,Burger,10:00:00,23:00:00,4.7,675,17.26,1
1753,Vaidya Ltd Restaurant,Vamakshi Srinivasan,46,Maharashtrian,09:00:00,22:00:00,4.0,3747,21.52,1
1754,Mann-Chaudhry Restaurant,Jhalak Maharaj,19,North Indian,08:00:00,23:00:00,3.9,430,28.34,1
1755,Raju-Chhabra Restaurant,Omaja Sandal,17,Burger,09:00:00,23:30:00,3.6,212,23.14,0
1756,Bala LLC Restaurant,Jai Ramachandran,19,Pizza,09:00:00,22:00:00,3.9,2458,24.54,0
1757,Mitter Inc Restaurant,Brijesh Pant,23,Punjabi,08:00:00,23:30:00,4.5,2056,17.63,0
1758,Sidhu Ltd Restaurant,Aradhana Andra,9,Punjabi,08:00:00,23:30:00,4.0,2270,20.18,1
1759,Parmar PLC Restaurant,Ikshita Vohra,45,Maharashtrian,08:00:00,23:30:00,4.6,4681,21.88,0
1760,Varghese-Bhatnagar Restaurant,Max Pandey,21,Pizza,08:00:00,22:00:00,4.2,848,20.73,0
1761,"Nori, Sharaf and Dey Restaurant",Chavvi Ramesh,22,Street Food,10:00:00,23:30:00,3.6,3302,15.34,1
1762,Sule Group Restaurant,Pranit Tripathi,47,Gujarati,10:00:00,22:00:00,4.7,3570,29.48,0
1763,"Vora, Lad and Dayal Restaurant",Ijaya Raval,37,Fast Food,09:00:00,23:30:00,4.0,2016,25.41,0
1764,Bath Inc Restaurant,Vincent Char,24,Maharashtrian,09:00:00,22:00:00,4.5,3599,19.12,0
1765,"Cherian, Tata and Soni Restaurant",Vincent Khalsa,18,Mughlai,10:00:00,22:00:00,4.2,1504,25.17,1
1766,Ghosh Ltd Restaurant,Osha Bhatt,1,Burger,08:00:00,22:00:00,4.6,1083,19.12,1
1767,Krishna Inc Restaurant,Elijah Sathe,39,Cafe,10:00:00,23:00:00,3.2,1861,15.27,1
1768,Balan-Ghosh Restaurant,Hritik Sengupta,15,South Indian,10:00:00,23:00:00,4.5,3793,23.82,1
1769,Deol-Iyengar Restaurant,Zayyan Swaminathan,35,Burger,09:00:00,23:30:00,3.0,2810,19.79,1
1770,Mangal-Kar Restaurant,Neel Saraf,10,Biryani,10:00:00,23:00:00,3.4,1412,25.09,1
1771,"Handa, Chadha and Bajwa Restaurant",Samar Bandi,26,North Indian,10:00:00,23:30:00,4.9,4005,23.42,1
1772,Ahluwalia LLC Restaurant,Ekbal Oak,6,Italian,10:00:00,23:30:00,3.7,2410,26.26,1
1773,Wable Group Restaurant,Sarthak Som,44,Biryani,08:00:00,22:00:00,4.2,1385,24.36,1
1774,"Pandey, Parikh and Devi Restaurant",Reva Sane,27,Cafe,08:00:00,23:00:00,4.1,4040,29.85,1
1775,"Puri, Bobal and Brar Restaurant",Zansi Misra,35,Chinese,09:00:00,23:30:00,4.9,1031,16.45,0
1776,Dalal Group Restaurant,Charan Zachariah,14,South Indian,10:00:00,23:00:00,3.4,1323,26.5,1
1777,Bajaj-Kapur Restaurant,Zayan Ramakrishnan,36,Burger,09:00:00,22:00:00,3.8,4929,19.18,1
1778,"Parmar, Bir and Dugar Restaurant",Falan Warrior,41,South Indian,10:00:00,23:30:00,4.9,2623,22.53,1
1779,"Khurana, Vasa and Tella Restaurant",Mohini Bhandari,15,Desserts,09:00:00,23:00:00,4.5,2365,27.39,1
1780,"Choudhry, Sinha and Lall Restaurant",Bachittar Nigam,11,Street Food,08:00:00,23:00:00,3.6,4383,27.45,1
1781,Lal-Iyer Restaurant,Daniel Dewan,42,Chinese,10:00:00,22:00:00,3.8,3445,29.61,1
1782,Narayan Ltd Restaurant,Warinder Tak,13,Gujarati,08:00:00,23:30:00,3.4,4143,29.98,1
1783,Banik LLC Restaurant,Omaja Buch,2,Pizza,10:00:00,22:00:00,3.3,3885,25.27,1
1784,"Srinivas, Dayal and Madan Restaurant",Hemang Banik,2,Punjabi,10:00:00,23:30:00,3.8,4208,27.95,0
1785,Tripathi-Kar Restaurant,Raagini Sridhar,30,Pizza,10:00:00,22:00:00,3.4,1656,19.84,1
1786,Kari-Bail Restaurant,Atharv Hayre,5,Street Food,08:00:00,22:00:00,4.2,3781,18.68,1
1787,"Raghavan, Badami and Subramaniam Restaurant",Lila Purohit,16,Cafe,08:00:00,23:00:00,4.0,930,27.06,1
1788,"Dass, Sani and Sane Restaurant",Jack Sarma,11,Italian,09:00:00,23:30:00,4.9,76,26.23,1
1789,Pillai LLC Restaurant,Hemal Sarkar,34,Biryani,09:00:00,22:00:00,4.6,2150,28.25,0
1790,Khanna and Sons Restaurant,Advaith Karan,46,Cafe,10:00:00,23:30:00,5.0,214,21.58,0
1791,Yadav-Bath Restaurant,Zaid Bhandari,19,Cafe,09:00:00,23:30:00,4.5,2996,20.99,1
1792,Bhandari and Sons Restaurant,Pranit Mandal,28,Cafe,08:00:00,22:00:00,3.3,2170,26.37,0
1793,Murthy LLC Restaurant,Brinda Dayal,47,Chinese,09:00:00,23:00:00,4.3,1182,28.69,1
1794,"Rao, Srinivas and Das Restaurant",Faraj Krishna,14,Fast Food,08:00:00,23:00:00,4.3,626,21.87,1
1795,"Jha, Talwar and Parikh Restaurant",Sachi Mittal,49,Italian,09:00:00,23:00:00,3.6,3662,19.96,1
1796,Master-Konda Restaurant,Eiravati Thakur,45,Fast Food,10:00:00,23:00:00,4.2,1167,17.22,1
1797,Bhagat LLC Restaurant,Vedika Mammen,2,Italian,09:00:00,23:30:00,3.7,2405,19.6,0
1798,Jani and Sons Restaurant,Dalaja Kade,37,Gujarati,09:00:00,23:00:00,4.4,2435,17.32,0
1799,Pradhan Ltd Restaurant,Balendra Keer,10,Maharashtrian,09:00:00,23:00:00,3.5,1887,15.42,0
1800,"Sarraf, Setty and Comar Restaurant",Wishi Bandi,38,Fast Food,08:00:00,23:30:00,3.0,3003,25.82,1
1801,Mall-Rajagopalan Restaurant,Frado Bhasin,31,Maharashtrian,08:00:00,23:00:00,4.3,4829,27.79,1
1802,Rajagopalan-Tandon Restaurant,Lavanya Rajagopalan,34,Pizza,09:00:00,23:00:00,4.3,4322,22.23,1
1803,Basu-Kapur Restaurant,Ladli Gour,25,North Indian,10:00:00,22:00:00,3.7,2553,18.1,0
1804,"Sankar, Walia and Ben Restaurant",Azad Pall,18,Maharashtrian,10:00:00,22:00:00,4.3,2940,22.48,0
1805,Nayar LLC Restaurant,Ayaan Om,48,Desserts,10:00:00,22:00:00,4.5,2998,24.96,1
1806,"Saraf, Sane and Bhandari Restaurant",Lipika Mani,41,South Indian,09:00:00,23:30:00,3.1,4552,29.42,0
1807,"Sheth, Samra and Venkataraman Restaurant",Nicholas Raj,4,Biryani,10:00:00,23:30:00,3.5,2117,26.96,0
1808,Khanna-Deo Restaurant,Avni Mahal,45,Street Food,10:00:00,22:00:00,3.5,3756,17.66,1
1809,Krish PLC Restaurant,Geetika Rana,36,Fast Food,08:00:00,23:30:00,3.4,541,28.59,0
1810,Mahal LLC Restaurant,Zashil Arora,34,Fast Food,08:00:00,22:00:00,3.5,4817,26.43,1
1811,Mohanty PLC Restaurant,Aishani Gola,30,South Indian,10:00:00,22:00:00,3.6,618,17.95,0
1812,Shere-Badal Restaurant,Aditya Shukla,29,South Indian,09:00:00,22:00:00,3.2,4848,18.22,1
1813,Parmer Group Restaurant,Nilima Bhardwaj,20,Maharashtrian,08:00:00,23:30:00,3.9,933,25.8,1
1814,"Buch, Malhotra and Murthy Restaurant",Ridhi Gole,50,Gujarati,08:00:00,23:30:00,4.6,3757,29.88,1
1815,Majumdar-Lad Restaurant,Joshua Karan,49,Burger,10:00:00,23:00:00,4.0,1466,19.93,1
1816,"Ghosh, Din and Bawa Restaurant",Ishwar Barad,33,Fast Food,10:00:00,23:00:00,3.5,4379,18.74,1
1817,Toor Group Restaurant,Benjamin Kari,44,Mughlai,10:00:00,23:00:00,4.3,933,29.66,0
1818,Lad LLC Restaurant,Ira Zachariah,32,North Indian,09:00:00,23:30:00,3.9,1356,17.68,1
1819,"Basu, Keer and Palla Restaurant",Faras Tripathi,44,Fast Food,08:00:00,23:00:00,3.7,4432,27.34,0
1820,Chowdhury-Vaidya Restaurant,Warjas Jani,50,South Indian,08:00:00,22:00:00,3.6,2521,19.8,1
1821,Prabhu-Sagar Restaurant,Pooja Mandal,7,Gujarati,09:00:00,23:30:00,3.4,1286,19.86,0
1822,Bakshi LLC Restaurant,Gautami Reddy,50,Burger,08:00:00,22:00:00,4.2,1307,19.89,1
1823,"Prasad, Singhal and Menon Restaurant",Naveen Pillay,42,Maharashtrian,09:00:00,23:30:00,3.5,2173,22.08,1
1824,Mannan and Sons Restaurant,Hitesh Kakar,24,Chinese,09:00:00,23:00:00,4.5,2603,21.75,1
1825,Vaidya-Trivedi Restaurant,Tanveer Radhakrishnan,37,Burger,09:00:00,22:00:00,4.5,3330,15.83,1
1826,"Bali, Doctor and Raj Restaurant",Faras Kapur,23,Gujarati,08:00:00,23:00:00,4.5,179,27.28,0
1827,"Thakur, Sahota and Yohannan Restaurant",Charan Sodhi,14,Gujarati,10:00:00,23:00:00,3.6,3079,15.36,1
1828,"Vohra, Venkatesh and Sastry Restaurant",Amruta Hayer,25,Pizza,10:00:00,23:30:00,4.5,1781,24.26,1
1829,"Memon, Kohli and Narasimhan Restaurant",Janaki Kashyap,18,South Indian,08:00:00,22:00:00,3.3,3949,29.12,1
1830,Murty-D’Alia Restaurant,Sai Rout,3,Cafe,10:00:00,23:00:00,4.4,4009,18.75,1
1831,Buch-Pandey Restaurant,Janaki Sule,4,South Indian,08:00:00,23:30:00,3.7,4426,20.54,1
1832,"Karpe, Sen and Sahota Restaurant",Jeremiah Yogi,8,Biryani,08:00:00,23:30:00,3.1,3409,27.36,0
1833,Reddy Ltd Restaurant,Abha Mangat,38,Fast Food,10:00:00,22:00:00,4.1,3610,18.68,1
1834,Murthy-Dalal Restaurant,Nilima Sama,36,Mughlai,09:00:00,23:30:00,3.0,577,28.06,1
1835,"Divan, Talwar and Hora Restaurant",Sudiksha Aurora,24,Street Food,09:00:00,23:30:00,4.8,1528,19.82,0
1836,Dara Group Restaurant,Upma Chaudhuri,30,Pizza,09:00:00,22:00:00,4.4,2141,18.83,0
1837,Bandi Group Restaurant,Ojas Bora,9,South Indian,10:00:00,23:00:00,3.9,4004,26.97,0
1838,Varma PLC Restaurant,Pahal Pandya,33,Pizza,08:00:00,23:30:00,3.9,282,29.4,1
1839,Ratti Ltd Restaurant,Chaaya Dani,35,Biryani,09:00:00,23:30:00,3.7,569,26.02,0
1840,Nayar-Chokshi Restaurant,Ethan Pant,36,Cafe,08:00:00,23:30:00,3.3,4226,27.69,0
1841,Rege-Sengupta Restaurant,Bimala Sood,37,Street Food,09:00:00,23:30:00,4.3,1583,26.28,1
1842,"Desai, Goswami and Upadhyay Restaurant",Max Amble,18,Biryani,09:00:00,23:30:00,3.3,2726,16.1,1
1843,"Pingle, Setty and Raghavan Restaurant",Reva Goda,30,Mughlai,10:00:00,23:30:00,4.6,3562,28.34,1
1844,"Mammen, Chatterjee and Kata Restaurant",Wakeeta Om,37,Fast Food,08:00:00,23:30:00,4.7,174,15.13,1
1845,Vasa PLC Restaurant,Bhavika Naidu,28,Chinese,09:00:00,22:00:00,4.2,2695,22.99,0
1846,Nagar-Gokhale Restaurant,Benjamin Kade,50,Desserts,10:00:00,23:00:00,4.8,4745,17.29,0
1847,Venkataraman-Mall Restaurant,Hardik Palan,14,Fast Food,08:00:00,22:00:00,3.1,4950,29.17,0
1848,Gandhi-Dani Restaurant,Anusha Sur,50,Chinese,10:00:00,23:00:00,4.9,2702,28.06,0
1849,Kapur-Gara Restaurant,Aashi Cherian,43,Italian,08:00:00,23:00:00,3.3,2240,18.49,0
1850,Mallick and Sons Restaurant,Samuel Trivedi,50,Pizza,08:00:00,22:00:00,4.8,3621,16.85,1
1851,Bala PLC Restaurant,Robert Ahuja,2,Biryani,10:00:00,23:30:00,3.4,423,21.7,1
1852,Bal-Pingle Restaurant,Baghyawati Sandhu,13,Italian,09:00:00,23:30:00,4.6,780,29.54,0
1853,"Saxena, Verma and Date Restaurant",Chakrika Choudhary,11,Cafe,08:00:00,22:00:00,4.9,4974,20.38,1
1854,"Dar, Saxena and Sankaran Restaurant",Adya Chadha,27,Italian,08:00:00,22:00:00,4.6,2967,22.17,0
1855,Mallick Ltd Restaurant,Irya Brar,30,North Indian,08:00:00,23:00:00,4.6,3299,29.42,0
1856,"Kapadia, Borde and Narain Restaurant",Yashica Nayak,23,Pizza,09:00:00,22:00:00,3.9,2483,18.44,0
1857,Setty-Varghese Restaurant,Divya Barad,42,Gujarati,09:00:00,23:00:00,3.0,2270,25.94,1
1858,Chaudhry-Verma Restaurant,Ranveer Banik,3,Chinese,08:00:00,22:00:00,4.1,1068,22.78,0
1859,"Anand, Korpal and Devan Restaurant",Thomas Hayre,45,Biryani,08:00:00,22:00:00,4.2,1738,28.0,1
1860,Singhal-Doshi Restaurant,Rachit Taneja,24,Maharashtrian,09:00:00,22:00:00,3.8,1450,29.04,0
1861,Deep-Issac Restaurant,Zaitra Kala,48,Cafe,10:00:00,22:00:00,3.7,916,26.8,0
1862,Saraf Inc Restaurant,Sathvik Gokhale,32,Italian,09:00:00,23:00:00,4.3,2192,24.33,0
1863,Sahota Ltd Restaurant,Lajita Keer,2,Pizza,08:00:00,23:00:00,3.1,1202,28.7,0
1864,"Palla, Sule and Wali Restaurant",Charita Kata,35,Burger,10:00:00,23:30:00,4.1,1315,16.5,1
1865,Sundaram-Suri Restaurant,Ishanvi Srivastava,15,South Indian,09:00:00,22:00:00,3.2,3916,21.97,1
1866,Char-Kanda Restaurant,Bhavna Saini,35,Biryani,08:00:00,23:30:00,4.6,25,19.67,1
1867,Nanda-Kota Restaurant,Jack Goda,17,Chinese,09:00:00,23:30:00,4.1,809,22.17,0
1868,Nagar-Comar Restaurant,Mitali Dave,9,Italian,10:00:00,22:00:00,4.6,1188,18.38,0
1869,Suresh-Sabharwal Restaurant,Ayush Mannan,48,South Indian,10:00:00,23:00:00,3.6,882,18.75,1
1870,Tripathi-Kale Restaurant,Darsh Naidu,12,Punjabi,10:00:00,23:00:00,3.7,3805,25.03,1
1871,Nadkarni-Sabharwal Restaurant,Riya Sandal,49,Street Food,08:00:00,23:00:00,3.8,1209,23.69,0
1872,Lad-Bhagat Restaurant,Vedika Kanda,48,Street Food,09:00:00,23:30:00,3.1,1641,29.69,0
1873,Bath-Morar Restaurant,Nimrat Kant,10,Gujarati,08:00:00,22:00:00,3.3,2662,15.18,1
1874,"Ganesan, Wason and Jhaveri Restaurant",Forum Dayal,31,Desserts,09:00:00,22:00:00,4.3,4748,21.08,0
1875,"Zacharia, Bahri and Bail Restaurant",Gautam Nath,30,Maharashtrian,09:00:00,23:30:00,3.9,2308,24.83,1
1876,Bhatnagar-Bawa Restaurant,Janaki Wason,22,Street Food,08:00:00,23:00:00,3.7,4012,26.58,1
1877,Dugar PLC Restaurant,Veer Mannan,43,South Indian,10:00:00,23:00:00,4.5,2173,15.95,1
1878,Prakash LLC Restaurant,Tanveer Kothari,28,Gujarati,08:00:00,23:30:00,3.3,1880,29.63,0
1879,Banik Inc Restaurant,Yachana Rao,8,Mughlai,10:00:00,23:00:00,3.3,2867,19.61,1
1880,Basak-Dugar Restaurant,Charvi Bajwa,36,South Indian,10:00:00,22:00:00,3.8,4205,17.92,0
1881,Kota Inc Restaurant,Jatin Purohit,50,North Indian,08:00:00,23:30:00,4.5,4325,24.01,0
1882,"Rattan, Deep and Madan Restaurant",Faraj Borah,37,Desserts,10:00:00,23:30:00,3.1,4387,20.44,0
1883,"Sagar, Bahri and Aurora Restaurant",Girish Raman,45,Mughlai,08:00:00,23:00:00,3.3,1376,24.52,0
1884,Muni LLC Restaurant,Yauvani Bajaj,49,Punjabi,08:00:00,23:30:00,4.9,3493,27.87,1
1885,Mahal-Shanker Restaurant,Harish Lalla,4,Burger,09:00:00,23:00:00,4.8,3470,28.41,1
1886,"Sinha, Puri and Manne Restaurant",Girik Kapadia,21,Chinese,10:00:00,23:00:00,3.0,2078,25.63,1
1887,Mallick-Subramanian Restaurant,Yashawini Konda,14,Street Food,10:00:00,23:30:00,4.2,567,15.89,1
1888,Badal-Taneja Restaurant,Kashish Chokshi,9,Chinese,09:00:00,22:00:00,4.5,2006,20.87,0
1889,Kapur-Bakshi Restaurant,Vincent Sekhon,42,Burger,09:00:00,23:30:00,3.4,2890,16.06,1
1890,Sood-Chopra Restaurant,Gaurangi Dhawan,9,Street Food,09:00:00,22:00:00,4.5,4819,29.17,0
1891,"Chacko, Chandran and Gara Restaurant",Vrishti Krish,14,Biryani,08:00:00,23:30:00,3.6,2702,15.16,0
1892,Dhaliwal Group Restaurant,Viraj Bhargava,34,Fast Food,10:00:00,22:00:00,4.5,4922,22.07,1
1893,Krishnan-Sabharwal Restaurant,Geetika Dora,20,Desserts,08:00:00,23:30:00,4.5,3742,17.31,1
1894,Nagy Ltd Restaurant,Abdul Loyal,18,North Indian,09:00:00,23:00:00,3.2,3841,21.39,0
1895,"Kadakia, Suresh and Tata Restaurant",Warinder Nagy,46,Punjabi,09:00:00,23:00:00,3.4,864,16.33,1
1896,Subramanian-Varkey Restaurant,Henry Sandal,16,Desserts,10:00:00,23:00:00,4.7,3562,21.33,0
1897,"Brahmbhatt, Prashad and Datta Restaurant",Neel Venkatesh,50,Fast Food,10:00:00,23:30:00,3.6,2081,24.6,1
1898,"Dara, Ganesan and Hora Restaurant",Ishaan Barad,27,Gujarati,09:00:00,23:00:00,3.2,848,25.7,1
1899,Tandon-Garde Restaurant,Logan Sahota,16,Maharashtrian,09:00:00,22:00:00,4.2,2197,16.56,1
1900,Andra-Minhas Restaurant,Radhika Menon,36,Maharashtrian,10:00:00,23:00:00,4.2,3154,15.63,0
1901,"Madan, Virk and Naidu Restaurant",Noah Dhaliwal,38,Desserts,10:00:00,22:00:00,4.2,982,29.5,0
1902,Virk-Jayaraman Restaurant,Zilmil Krishnamurthy,24,Maharashtrian,10:00:00,23:30:00,4.8,3475,27.23,0
1903,Shere-Kade Restaurant,Krishna Gala,23,Gujarati,09:00:00,23:00:00,4.1,4302,15.56,1
1904,"Som, Anne and Nadkarni Restaurant",Praneel Doctor,41,Punjabi,09:00:00,23:30:00,4.8,1789,23.5,0
1905,Bhavsar-Ahluwalia Restaurant,Raghav Iyengar,41,Pizza,08:00:00,23:00:00,4.8,252,25.94,1
1906,"Chandra, Yogi and Shanker Restaurant",Girindra Bhat,23,Desserts,10:00:00,23:00:00,3.7,2057,19.15,0
1907,"Sidhu, Dugar and Bhavsar Restaurant",Upkaar Pai,21,Biryani,10:00:00,23:30:00,3.5,1335,18.14,1
1908,"Atwal, Hans and Maharaj Restaurant",Pooja Mohan,48,Burger,09:00:00,22:00:00,4.7,748,20.01,0
1909,Rau-Kumar Restaurant,Faras Dua,21,Desserts,09:00:00,22:00:00,4.8,760,24.59,1
1910,Kalita LLC Restaurant,Adya Chaudry,40,Biryani,10:00:00,22:00:00,4.5,1676,18.97,1
1911,Vig PLC Restaurant,Ganga Malhotra,23,Pizza,09:00:00,23:00:00,4.5,1400,19.84,0
1912,"Solanki, Kadakia and Ganguly Restaurant",Vincent Kalita,13,Maharashtrian,09:00:00,23:30:00,4.4,4611,19.44,0
1913,Din and Sons Restaurant,Vaishnavi Acharya,26,Maharashtrian,10:00:00,22:00:00,3.4,761,25.67,1
1914,Brahmbhatt-Ben Restaurant,Yasti Sarraf,17,Chinese,10:00:00,23:00:00,4.1,3270,17.0,1
1915,Sodhi-Narain Restaurant,Xiti Dalal,7,Desserts,10:00:00,23:00:00,4.2,693,19.86,0
1916,Ramaswamy Group Restaurant,Urvi Pant,29,Desserts,08:00:00,22:00:00,4.1,2262,15.4,0
1917,Vig-Nadig Restaurant,Tanish Ganesan,45,Italian,08:00:00,22:00:00,3.9,1789,17.18,1
1918,"Mall, Dhar and Sarkar Restaurant",Vrishti Krishna,16,North Indian,10:00:00,23:00:00,4.7,3415,23.34,0
1919,"Dara, Saran and Pall Restaurant",Aryan Pau,27,Chinese,10:00:00,23:30:00,3.8,4734,28.33,1
1920,Pal-Samra Restaurant,Rayaan Raja,48,Fast Food,10:00:00,23:00:00,4.6,2179,21.47,1
1921,Gola-Anne Restaurant,Riya Patel,16,Pizza,10:00:00,23:00:00,3.2,1121,19.82,0
1922,"Hayer, Ahluwalia and Mukherjee Restaurant",Girindra Pillay,35,Maharashtrian,08:00:00,22:00:00,5.0,4177,25.63,1
1923,Thakkar-Arya Restaurant,Bahadurjit Maharaj,7,Cafe,10:00:00,22:00:00,4.4,4558,27.32,0
1924,"Srinivas, Rao and Bassi Restaurant",Anusha Bhandari,30,Fast Food,10:00:00,22:00:00,3.9,3607,22.46,1
1925,"Balasubramanian, Sinha and Sha Restaurant",Oscar Solanki,5,Chinese,08:00:00,23:30:00,3.9,491,28.44,1
1926,"Chawla, Barad and Pingle Restaurant",Michael Goel,46,Chinese,08:00:00,23:30:00,3.7,2281,23.55,0
1927,Butala Group Restaurant,Daksh Sawhney,46,Maharashtrian,09:00:00,23:00:00,4.4,1112,29.79,0
1928,"Bhatia, Murthy and Chatterjee Restaurant",Rishi Badal,43,Biryani,09:00:00,23:30:00,4.4,2515,19.96,1
1929,Nadig-Gara Restaurant,Zaitra Atwal,10,Cafe,10:00:00,23:30:00,4.2,75,29.56,0
1930,"Rau, Saha and Bhat Restaurant",Reyansh Thaker,46,Cafe,09:00:00,23:30:00,3.2,601,24.21,1
1931,Loke Inc Restaurant,Sachi Basu,47,Chinese,10:00:00,22:00:00,3.5,4947,26.61,0
1932,Issac-Tiwari Restaurant,Oscar Aggarwal,12,North Indian,10:00:00,23:00:00,4.5,2738,16.34,1
1933,Mahal-Panchal Restaurant,Harita Shukla,37,Punjabi,10:00:00,23:00:00,4.6,3143,25.45,0
1934,"Chadha, Sheth and Chakrabarti Restaurant",Gautam Gopal,22,Chinese,08:00:00,23:00:00,3.7,3545,28.19,1
1935,"Chadha, Grewal and Nadkarni Restaurant",Omkaar Anne,6,Chinese,09:00:00,23:00:00,3.4,2897,29.78,0
1936,Prasad Group Restaurant,Yatin Morar,22,Biryani,08:00:00,23:30:00,3.5,4985,15.91,0
1937,"Halder, Deo and Mukherjee Restaurant",Ladli Mangat,44,Pizza,08:00:00,22:00:00,3.0,4354,15.19,1
1938,Mallick and Sons Restaurant,Odika Kara,25,Fast Food,08:00:00,23:30:00,4.1,588,29.34,0
1939,Mahajan and Sons Restaurant,Chakrika Lad,41,Maharashtrian,09:00:00,22:00:00,4.1,2848,16.45,0
1940,"Sarraf, Lalla and Chanda Restaurant",Isha Patla,39,Pizza,10:00:00,22:00:00,4.8,1474,22.61,1
1941,Virk-Sengupta Restaurant,Balhaar Rajan,2,Maharashtrian,08:00:00,23:30:00,4.8,1005,27.11,1
1942,Yogi PLC Restaurant,Radha Palan,19,South Indian,09:00:00,23:30:00,3.4,4267,17.51,0
1943,"Mani, Johal and Oommen Restaurant",Gautam Varghese,32,Italian,10:00:00,22:00:00,5.0,2783,29.07,1
1944,Kuruvilla and Sons Restaurant,Advika Balay,29,South Indian,10:00:00,23:30:00,3.1,2037,20.49,0
1945,Varughese Ltd Restaurant,Vaishnavi Dey,32,Italian,09:00:00,22:00:00,3.7,3955,27.16,0
1946,Naidu-Pradhan Restaurant,Bahadurjit Naidu,34,South Indian,10:00:00,23:30:00,3.6,4339,23.44,1
1947,"Cheema, Parmer and Anand Restaurant",Oviya Soman,49,Mughlai,10:00:00,22:00:00,3.6,1129,21.72,0
1948,Nayar-Chaudhry Restaurant,Ishita Mohan,19,Gujarati,09:00:00,23:00:00,3.9,694,22.36,1
1949,Sibal PLC Restaurant,Anthony Sarna,7,Pizza,10:00:00,23:00:00,4.2,2525,22.46,1
1950,"Shan, Saran and Rastogi Restaurant",Yagnesh Krishnan,50,Gujarati,10:00:00,22:00:00,4.1,361,17.82,0
1951,"Prakash, Nazareth and Subramanian Restaurant",Charita Baria,20,Street Food,10:00:00,23:30:00,4.8,4466,17.6,1
1952,Tripathi Inc Restaurant,Pooja Luthra,48,North Indian,10:00:00,22:00:00,3.1,2501,20.77,1
1953,"Rattan, Balakrishnan and Gade Restaurant",Charita Viswanathan,35,North Indian,10:00:00,23:00:00,4.5,4312,27.74,1
1954,Dewan and Sons Restaurant,Chatura Chana,44,Punjabi,08:00:00,22:00:00,3.2,1541,28.39,1
1955,Dhaliwal-Pal Restaurant,Meghana Gandhi,5,Punjabi,08:00:00,23:00:00,3.4,147,15.68,1
1956,Acharya-Divan Restaurant,Orinder Mitra,14,Street Food,10:00:00,22:00:00,4.8,58,28.57,1
1957,Buch-Goyal Restaurant,Samar Sarkar,12,Burger,08:00:00,23:00:00,4.8,3312,15.67,0
1958,Konda and Sons Restaurant,Abdul Sood,39,Italian,10:00:00,23:30:00,3.5,3483,25.21,1
1959,Padmanabhan Inc Restaurant,Meera Kala,14,Street Food,10:00:00,23:30:00,4.8,3372,25.35,1
1960,Puri-Sheth Restaurant,Gopal Ram,27,Burger,09:00:00,22:00:00,4.6,4019,18.8,0
1961,Nadkarni and Sons Restaurant,Eta Mandal,41,Punjabi,09:00:00,22:00:00,4.4,3699,16.93,0
1962,"Samra, Ramesh and Walla Restaurant",Idika Suresh,5,Gujarati,08:00:00,22:00:00,3.3,4022,16.0,1
1963,"Bala, Kapadia and Gokhale Restaurant",Jyoti Pathak,11,Punjabi,09:00:00,23:30:00,4.4,3282,19.27,1
1964,Thaker-Agarwal Restaurant,Faras Karpe,19,Desserts,10:00:00,23:00:00,3.2,998,20.92,0
1965,Tata and Sons Restaurant,Siddharth Mittal,6,Mughlai,09:00:00,22:00:00,3.3,312,22.03,0
1966,Chander-Nori Restaurant,Pranit Sandal,8,Italian,08:00:00,23:00:00,3.4,572,18.63,1
1967,Mane LLC Restaurant,Vasana Banerjee,29,Punjabi,08:00:00,23:00:00,4.2,356,24.94,0
1968,Sama-Gola Restaurant,Mitali Varughese,50,Italian,10:00:00,23:00:00,3.1,136,29.23,1
1969,Shroff Inc Restaurant,Harrison Ravel,17,Street Food,08:00:00,23:00:00,3.9,482,20.87,0
1970,Dyal LLC Restaurant,Yashica Rajagopalan,19,Mughlai,08:00:00,22:00:00,3.4,1612,20.04,1
1971,"Sha, Apte and Sunder Restaurant",Pahal Bhagat,2,Desserts,09:00:00,22:00:00,4.7,4948,22.93,0
1972,Sandal-Kuruvilla Restaurant,Shravya Thakkar,10,Mughlai,09:00:00,22:00:00,3.2,553,21.15,0
1973,Solanki-Nayak Restaurant,Isaac Gola,40,Punjabi,08:00:00,23:30:00,4.9,3054,15.58,0
1974,Wali-Rajagopal Restaurant,Mason Amble,44,Italian,08:00:00,23:00:00,3.0,498,27.21,0
1975,Kuruvilla-Hora Restaurant,Radhika Bava,15,Cafe,10:00:00,22:00:00,4.1,625,15.3,1
1976,Manda-Baral Restaurant,Vrishti Sharma,37,Gujarati,09:00:00,23:00:00,4.4,3188,21.75,0
1977,Bedi-Pingle Restaurant,Pavani Nazareth,44,Biryani,10:00:00,23:00:00,3.7,3747,22.19,0
1978,"Minhas, Bajwa and Loke Restaurant",Chaaya Parikh,30,Mughlai,09:00:00,22:00:00,3.3,1448,29.45,1
1979,Badal-Sekhon Restaurant,Chameli Banik,17,Street Food,08:00:00,23:00:00,4.5,3556,27.08,0
1980,"Choudhury, Parikh and Bansal Restaurant",Yuvraj Gill,3,Biryani,09:00:00,23:30:00,4.8,1879,29.81,0
1981,Warrior Inc Restaurant,Maanav Tak,41,Pizza,08:00:00,23:00:00,3.8,3442,21.91,1
1982,Maharaj-Pai Restaurant,Yagnesh Viswanathan,29,Burger,09:00:00,23:00:00,3.7,3287,17.0,0
1983,"Shanker, Baria and Bose Restaurant",Kashish Barad,16,Italian,10:00:00,22:00:00,4.1,2997,28.51,1
1984,Chaudhuri Group Restaurant,Geetika Mittal,24,Gujarati,09:00:00,22:00:00,3.8,3872,16.63,1
1985,Rattan-Bains Restaurant,Aarini Buch,20,Street Food,10:00:00,23:00:00,3.1,1799,20.07,0
1986,Dada-Handa Restaurant,Chavvi Varkey,43,Burger,10:00:00,23:00:00,3.4,3648,15.36,0
1987,"Kohli, Bawa and Prasad Restaurant",Tanveer Sarkar,25,Maharashtrian,10:00:00,22:00:00,3.5,4635,26.54,1
1988,Grewal-Malhotra Restaurant,Mohini Golla,37,Cafe,08:00:00,22:00:00,3.8,3858,18.69,0
1989,"Mane, Mahajan and Ahluwalia Restaurant",Sarthak Bahl,49,Street Food,09:00:00,23:00:00,4.2,4366,26.03,0
1990,Dayal-Maharaj Restaurant,Turvi Nadkarni,44,South Indian,08:00:00,22:00:00,3.0,452,19.97,0
1991,Kant and Sons Restaurant,Ekta Kant,21,Street Food,09:00:00,22:00:00,4.5,1764,19.61,0
1992,Mani Ltd Restaurant,Osha Narasimhan,24,Maharashtrian,09:00:00,23:30:00,4.8,3678,22.13,0
1993,"Ramachandran, Soni and Arora Restaurant",Harini Nagarajan,19,Fast Food,08:00:00,23:30:00,3.3,1265,17.45,0
1994,Saxena-Doshi Restaurant,Wishi Kade,35,Street Food,10:00:00,23:00:00,3.3,4544,24.43,1
1995,"Garde, Ramakrishnan and Kumer Restaurant",Bachittar Brar,45,Desserts,08:00:00,22:00:00,4.3,1221,28.64,0
1996,"Sur, Pai and Chacko Restaurant",Kala Modi,49,North Indian,08:00:00,23:00:00,3.9,3926,17.56,0
1997,Murty-Seth Restaurant,Ayushman Dugal,38,Punjabi,09:00:00,23:00:00,4.2,1509,21.71,0
1998,"Ganesan, Pandey and Sankar Restaurant",Arin Mander,32,Gujarati,10:00:00,23:00:00,4.8,716,28.3,0
1999,"Swaminathan, Keer and Prashad Restaurant",Kritika Dasgupta,12,Chinese,10:00:00,23:00:00,4.4,1244,16.66,0
2000,Randhawa and Sons Restaurant,Indrajit Mann,41,Pizza,09:00:00,23:30:00,4.6,700,20.32,1
2001,Dutt Ltd Restaurant,Nilima Pandey,2,Maharashtrian,10:00:00,23:00:00,5.0,3011,27.77,0
2002,Sahota PLC Restaurant,Ekaja Patil,33,Fast Food,10:00:00,22:00:00,4.0,1387,15.78,0
2003,"Cherian, Nadkarni and Thakkar Restaurant",Umang Raval,45,Fast Food,09:00:00,23:00:00,5.0,2784,15.61,1
2004,Shetty-Mangat Restaurant,Naksh Goel,43,South Indian,09:00:00,23:30:00,3.1,107,26.02,0
2005,Mani-Aggarwal Restaurant,Ucchal Gera,20,Burger,08:00:00,23:00:00,3.8,314,25.43,1
2006,"Chaudhari, Rajagopal and Sahota Restaurant",Nirja Gulati,45,Burger,09:00:00,23:00:00,4.6,3497,21.11,1
2007,"Balakrishnan, Kapur and Devi Restaurant",Nilima Bajaj,9,Pizza,10:00:00,23:00:00,4.1,4024,19.22,0
2008,Krish-Ganesan Restaurant,Gavin Prabhakar,29,Street Food,10:00:00,22:00:00,4.6,2630,27.92,0
2009,Ramachandran PLC Restaurant,Neel Shankar,2,Cafe,08:00:00,22:00:00,3.5,1470,20.6,0
2010,Khatri-Gill Restaurant,Ryan Naidu,37,Cafe,08:00:00,22:00:00,4.7,99,25.85,1
2011,Memon Inc Restaurant,Samuel Shenoy,40,South Indian,08:00:00,23:30:00,4.3,3794,24.47,1
2012,Konda-Sawhney Restaurant,Peter Shenoy,43,South Indian,10:00:00,22:00:00,3.1,1156,17.99,0
2013,"Choudhry, Narula and Dutta Restaurant",Turvi Boase,12,South Indian,10:00:00,22:00:00,3.0,1929,18.15,0
2014,Bali Ltd Restaurant,Zinal Singhal,25,Pizza,10:00:00,23:30:00,3.4,1636,25.62,1
2015,Bobal-Sahni Restaurant,Jai Walla,39,Punjabi,08:00:00,23:00:00,3.6,4868,27.98,0
2016,"Bajwa, Sarna and Srivastava Restaurant",Brinda Rao,29,Chinese,10:00:00,22:00:00,3.2,1639,18.95,0
2017,"Baral, Patla and Ratta Restaurant",Priya Dash,45,South Indian,10:00:00,22:00:00,3.4,2652,26.34,0
2018,Dhingra LLC Restaurant,Omkaar Peri,11,Burger,10:00:00,23:30:00,3.6,3397,22.6,1
2019,Nori-Dhar Restaurant,Vasudha Kade,14,Burger,09:00:00,23:00:00,4.5,4366,15.1,1
2020,Chatterjee-Narayan Restaurant,Tara Swamy,19,Cafe,08:00:00,22:00:00,3.1,4066,20.16,0
2021,Lad LLC Restaurant,Sai Narayanan,40,Cafe,09:00:00,22:00:00,4.3,3673,15.18,0
2022,Kuruvilla-Maharaj Restaurant,Logan Divan,21,Maharashtrian,09:00:00,23:30:00,4.4,559,23.54,1
2023,"Mani, Bal and Kant Restaurant",Janani Manne,29,Pizza,10:00:00,23:00:00,3.7,2479,26.45,1
2024,Dutt-Mody Restaurant,Ria Menon,35,Punjabi,08:00:00,22:00:00,4.2,369,25.36,1
2025,Dave and Sons Restaurant,Leena Kurian,30,Street Food,09:00:00,23:00:00,4.8,3323,21.95,1
2026,"Kari, Bala and Kakar Restaurant",Manbir Arora,29,Chinese,08:00:00,23:30:00,4.5,3457,29.24,0
2027,Patla-Trivedi Restaurant,Vansha Garde,21,Burger,10:00:00,22:00:00,3.8,134,21.52,0
2028,Dugal-Thaker Restaurant,Kavya Radhakrishnan,10,Maharashtrian,08:00:00,22:00:00,3.2,3225,22.08,1
2029,Gara-Vohra Restaurant,Parth Sule,22,Italian,08:00:00,23:00:00,3.8,2506,27.45,1
2030,Atwal-Bhattacharyya Restaurant,Umang More,15,Italian,09:00:00,23:30:00,4.4,3565,21.53,0
2031,Kapur and Sons Restaurant,Jagdish Hegde,32,Gujarati,08:00:00,23:00:00,4.9,568,29.29,1
2032,Tara-Sharaf Restaurant,Vedant Jain,39,Fast Food,08:00:00,22:00:00,4.0,4068,27.05,1
2033,Bali-Rastogi Restaurant,Forum Tripathi,32,North Indian,09:00:00,23:30:00,3.3,2564,25.26,1
2034,Madan PLC Restaurant,Daksh Sekhon,40,South Indian,10:00:00,22:00:00,4.1,2814,25.87,0
2035,"Virk, Kota and Konda Restaurant",Qadim Konda,24,Maharashtrian,09:00:00,22:00:00,3.0,3051,21.26,0
2036,Shan and Sons Restaurant,Amaira Mall,21,Punjabi,08:00:00,23:00:00,4.3,3920,26.8,1
2037,Gupta Ltd Restaurant,Kevin Virk,37,Cafe,09:00:00,23:30:00,3.4,1061,29.48,0
2038,Bhat-Johal Restaurant,Yagnesh Sood,46,Maharashtrian,10:00:00,22:00:00,4.6,2060,22.33,1
2039,Chaudhari-Yadav Restaurant,Eiravati Bora,2,Pizza,10:00:00,22:00:00,3.8,1235,24.35,0
2040,Sridhar Inc Restaurant,Fiyaz Soni,34,Biryani,09:00:00,23:30:00,4.8,2199,16.0,1
2041,Chaudhry PLC Restaurant,Vidhi Mital,50,Italian,09:00:00,23:30:00,3.3,503,22.11,0
2042,"Andra, Sani and Choudhury Restaurant",Robert Shan,41,North Indian,09:00:00,23:00:00,4.6,3973,23.43,1
2043,Krishnamurthy Group Restaurant,Waida Goda,21,Biryani,09:00:00,23:30:00,4.8,1658,27.36,0
2044,Tripathi-Subramanian Restaurant,Chandani Lalla,39,Maharashtrian,08:00:00,23:00:00,4.5,1616,22.85,1
2045,"Kothari, Om and Maharaj Restaurant",Ria Choudhury,16,Cafe,09:00:00,23:00:00,4.4,109,19.47,0
2046,Sura Inc Restaurant,Yashodhara Singhal,10,Fast Food,08:00:00,22:00:00,4.3,3472,16.18,1
2047,Gade-Gola Restaurant,Rachana Modi,50,Street Food,08:00:00,23:00:00,4.3,4568,17.35,1
2048,Savant LLC Restaurant,Rishi Chopra,49,Pizza,08:00:00,23:00:00,3.9,1640,25.59,1
2049,Kala LLC Restaurant,Ekaja Wali,19,Chinese,10:00:00,22:00:00,3.6,158,16.86,1
2050,Chauhan-Mital Restaurant,Mohammed Naik,36,Biryani,09:00:00,22:00:00,3.6,3092,23.25,1
2051,Handa Group Restaurant,Nakul Dugar,42,Pizza,09:00:00,22:00:00,3.7,302,24.65,1
2052,Varty-Som Restaurant,Amruta Karnik,37,Cafe,10:00:00,22:00:00,4.8,477,25.84,0
2053,Sodhi-Mitter Restaurant,Maanav Mohan,32,South Indian,08:00:00,22:00:00,3.3,4302,17.45,0
2054,Pandya-Murty Restaurant,Darika Sandal,6,Cafe,09:00:00,23:00:00,3.7,3400,20.15,0
2055,"Ramaswamy, Sahni and Ahluwalia Restaurant",Christopher Rege,32,Burger,10:00:00,22:00:00,4.0,3263,25.42,0
2056,Dey-Shan Restaurant,Anirudh Jain,14,Biryani,08:00:00,22:00:00,4.5,2156,18.41,0
2057,Kunda LLC Restaurant,Arjun Nagy,42,Gujarati,10:00:00,22:00:00,3.1,1867,22.18,0
2058,Raja-Nanda Restaurant,Tanveer Thakur,15,Cafe,08:00:00,22:00:00,4.9,1147,22.51,1
2059,Mahal-Chhabra Restaurant,Xavier Dyal,25,Cafe,10:00:00,23:30:00,3.8,4199,26.48,1
2060,Srinivasan-Singhal Restaurant,Madhavi Sur,2,Gujarati,10:00:00,23:30:00,3.8,576,15.6,0
2061,Mammen PLC Restaurant,Daniel Chaudhuri,14,Italian,10:00:00,23:00:00,3.0,680,23.72,1
2062,Oommen LLC Restaurant,Raksha Mane,33,Street Food,08:00:00,23:00:00,3.4,4412,15.11,1
2063,Sodhi and Sons Restaurant,Ekta Sachdev,18,Mughlai,09:00:00,23:30:00,3.8,1671,26.31,1
2064,Dora PLC Restaurant,Ryan Chakrabarti,22,Italian,09:00:00,23:00:00,3.8,2357,21.77,1
2065,Korpal-Narang Restaurant,Bishakha Bains,39,Gujarati,10:00:00,23:30:00,4.5,1696,17.77,0
2066,Bir Ltd Restaurant,Jalsa Sehgal,25,Cafe,08:00:00,23:30:00,4.9,1704,18.0,1
2067,"Kala, Gour and Nagi Restaurant",Vedant Sharma,45,Gujarati,08:00:00,23:30:00,4.6,2976,21.96,0
2068,Nath-Issac Restaurant,Aadhya Bajaj,37,Street Food,09:00:00,22:00:00,4.0,2558,15.19,0
2069,Dar Ltd Restaurant,Prisha Randhawa,22,Italian,09:00:00,23:30:00,3.8,2701,21.87,1
2070,Bava-Wadhwa Restaurant,Yauvani Prakash,39,Cafe,08:00:00,23:00:00,4.0,4908,19.28,0
2071,Sarkar Inc Restaurant,Vyanjana Mandal,5,Maharashtrian,08:00:00,22:00:00,4.7,429,27.86,1
2072,"Nath, Bhavsar and Borra Restaurant",Isaiah Wali,1,Fast Food,09:00:00,23:00:00,4.5,1326,16.46,1
2073,Varghese Inc Restaurant,Rayaan Bora,14,Gujarati,08:00:00,23:00:00,4.5,3074,16.14,1
2074,"Sankar, Malhotra and Shroff Restaurant",Max Narayanan,42,North Indian,09:00:00,22:00:00,4.8,2494,17.13,1
2075,Gopal Ltd Restaurant,Sudiksha Wable,14,South Indian,10:00:00,23:30:00,4.9,268,28.2,1
2076,"Sankaran, Bail and Ratti Restaurant",Abeer Ramakrishnan,12,North Indian,08:00:00,22:00:00,4.4,3749,28.05,1
2077,Anand and Sons Restaurant,Prisha Dora,18,North Indian,10:00:00,23:30:00,4.0,1275,18.23,1
2078,Kapoor-Narain Restaurant,Sai Pant,44,Burger,08:00:00,22:00:00,4.0,3835,21.19,0
2079,"Dua, Gulati and Divan Restaurant",Darika Golla,37,Street Food,08:00:00,23:30:00,3.1,2320,25.65,1
2080,Bal PLC Restaurant,Joshua Zachariah,13,Cafe,09:00:00,22:00:00,4.3,1560,18.52,1
2081,Biswas-Narang Restaurant,Victor Joshi,1,Gujarati,08:00:00,23:30:00,4.7,3586,23.38,1
2082,Mitter and Sons Restaurant,Anika Kaul,15,Punjabi,10:00:00,22:00:00,3.6,744,23.97,1
2083,Pant Inc Restaurant,Ria Dasgupta,31,Mughlai,08:00:00,23:00:00,4.3,3061,25.89,0
2084,Bal-Sawhney Restaurant,Lajita Bawa,21,Punjabi,10:00:00,23:00:00,3.8,4773,21.03,1
2085,Sarna-Rastogi Restaurant,Samesh Rai,23,Cafe,09:00:00,22:00:00,4.6,4071,25.14,1
2086,"Dash, Chander and Gill Restaurant",Nicholas Kadakia,24,Burger,08:00:00,23:30:00,3.5,1147,19.99,1
2087,Suresh Ltd Restaurant,Edhitha Sagar,42,Biryani,09:00:00,23:30:00,4.7,1365,28.35,1
2088,Kade Inc Restaurant,Vanya Kumer,33,Street Food,10:00:00,22:00:00,4.2,4445,24.49,0
2089,"Choudhury, Shan and Babu Restaurant",Lajita Salvi,37,Chinese,08:00:00,23:30:00,3.8,3452,28.21,0
2090,Chaudhry-Pant Restaurant,Dayita Bhattacharyya,34,South Indian,10:00:00,22:00:00,3.5,4529,24.97,0
2091,Mital-Karnik Restaurant,Madhavi Sinha,48,Italian,10:00:00,23:30:00,4.6,4027,16.75,1
2092,Maharaj Ltd Restaurant,Chakradev Dhaliwal,36,Street Food,09:00:00,23:30:00,4.3,3237,18.29,1
2093,Goel PLC Restaurant,Kabir Venkataraman,48,Burger,10:00:00,22:00:00,3.5,3736,17.34,0
2094,Dey Ltd Restaurant,Balvan Bhat,46,North Indian,10:00:00,22:00:00,4.0,611,25.42,1
2095,"Kadakia, Memon and Prabhu Restaurant",Nakul Saini,16,Cafe,09:00:00,23:00:00,4.7,4459,24.57,0
2096,Ghosh PLC Restaurant,Pratyush Patla,2,North Indian,08:00:00,23:00:00,3.2,1541,27.41,0
2097,Gaba Inc Restaurant,Samar Mohan,5,Fast Food,09:00:00,22:00:00,3.8,2948,24.92,0
2098,Prakash-Lanka Restaurant,Ayush Bal,45,Maharashtrian,09:00:00,23:00:00,3.8,1727,19.56,1
2099,Balakrishnan-Singhal Restaurant,Maanas Reddy,41,Maharashtrian,10:00:00,22:00:00,4.4,278,22.5,1
2100,Zacharia Group Restaurant,Nakul Chaudhry,2,Fast Food,10:00:00,23:00:00,4.7,3163,26.29,0
2101,Palla and Sons Restaurant,Oni Bhatti,28,Punjabi,10:00:00,23:30:00,4.8,4036,29.92,1
2102,Soni Group Restaurant,Ria Desai,3,Biryani,08:00:00,23:00:00,3.5,774,16.24,0
2103,"Acharya, Mukhopadhyay and Soni Restaurant",Aarini Dave,30,Burger,10:00:00,23:00:00,3.5,3864,15.52,1
2104,Zacharia-Pau Restaurant,Vanya Tailor,36,Cafe,10:00:00,23:00:00,3.4,3383,16.42,0
2105,"Hayre, Dass and Kanda Restaurant",Luke Kar,38,Desserts,10:00:00,22:00:00,4.9,3660,16.04,0
2106,"Butala, Chandran and Raval Restaurant",Henry Krish,30,Fast Food,10:00:00,23:30:00,3.8,4408,24.81,0
2107,Krishna and Sons Restaurant,Falguni Shere,17,Maharashtrian,08:00:00,23:30:00,4.0,1444,28.53,1
2108,"Venkatesh, Varughese and Loke Restaurant",Falak Sami,11,North Indian,09:00:00,23:30:00,3.7,918,25.3,0
2109,Dhillon-Banerjee Restaurant,Chanakya Hora,13,Biryani,09:00:00,22:00:00,3.0,1466,26.59,0
2110,Atwal and Sons Restaurant,Wazir Edwin,20,Chinese,08:00:00,23:00:00,4.7,4800,27.68,0
2111,Naidu-Apte Restaurant,Veda Padmanabhan,46,Biryani,10:00:00,22:00:00,3.2,1160,16.98,0
2112,Ravi Group Restaurant,Sudiksha Lall,29,Biryani,09:00:00,23:30:00,3.9,4322,28.47,1
2113,"Sarraf, Dalal and Mammen Restaurant",Geetika Grewal,41,Mughlai,08:00:00,23:00:00,3.9,2304,21.54,1
2114,Om-Sura Restaurant,Gopal Oommen,5,South Indian,08:00:00,23:00:00,4.8,2949,22.12,0
2115,"Lall, Bhatnagar and Pau Restaurant",Atharv Date,9,South Indian,08:00:00,22:00:00,3.2,1550,24.97,1
2116,Karan Group Restaurant,Jai Merchant,43,Mughlai,09:00:00,23:30:00,3.5,567,29.56,0
2117,Palan LLC Restaurant,Rajata Butala,38,Burger,08:00:00,23:30:00,3.1,1678,17.21,0
2118,"Gopal, Rao and Vaidya Restaurant",Lucky Kapadia,48,Punjabi,09:00:00,22:00:00,3.7,4199,26.82,0
2119,Issac Ltd Restaurant,Max Wali,34,Gujarati,09:00:00,23:30:00,4.1,2504,28.21,0
2120,"Batta, Walia and Patil Restaurant",Ojas Prasad,21,Street Food,08:00:00,23:00:00,4.6,1565,24.96,1
2121,Chaudhry Ltd Restaurant,Upkaar Doshi,31,Italian,08:00:00,22:00:00,3.8,4455,27.88,0
2122,"Samra, Jain and Mallick Restaurant",Nandini Minhas,10,Gujarati,08:00:00,23:30:00,3.3,577,22.17,0
2123,Vig-Sama Restaurant,Upadhriti Nagy,37,Chinese,08:00:00,23:30:00,4.5,2983,29.06,1
2124,Mital Inc Restaurant,Zayan Muni,27,North Indian,09:00:00,22:00:00,4.7,3252,15.41,1
2125,Bhavsar Inc Restaurant,Logan Dhawan,26,Biryani,10:00:00,22:00:00,4.5,1063,22.19,1
2126,Dyal-Kibe Restaurant,Nathaniel Saini,42,Desserts,10:00:00,22:00:00,3.5,4290,19.31,0
2127,Hari-Kothari Restaurant,Ekavir Kara,28,Maharashtrian,08:00:00,23:00:00,3.1,715,25.57,0
2128,Dey-Ratti Restaurant,Max Jha,50,Gujarati,08:00:00,23:00:00,3.6,2320,21.97,1
2129,Dhar-Majumdar Restaurant,Advay Dalal,20,Desserts,10:00:00,23:30:00,3.7,2544,27.83,1
2130,"Mukhopadhyay, Viswanathan and Chauhan Restaurant",Vincent Sarma,33,Biryani,09:00:00,23:30:00,4.2,4609,28.85,0
2131,Dash-Sha Restaurant,Ekavir Om,31,Pizza,08:00:00,23:30:00,4.0,2825,22.99,0
2132,Baria-Raj Restaurant,Isaiah Shukla,17,Gujarati,09:00:00,23:00:00,4.7,4889,22.7,1
2133,Ganguly-Sur Restaurant,Umang Virk,21,Street Food,08:00:00,23:30:00,3.4,2529,17.88,1
2134,Chakrabarti Ltd Restaurant,Wyatt Talwar,34,Gujarati,09:00:00,23:00:00,3.5,3492,25.05,0
2135,"Sankaran, Sama and Bhandari Restaurant",Ati Majumdar,50,Maharashtrian,08:00:00,23:30:00,3.6,2981,25.69,1
2136,Trivedi-Narasimhan Restaurant,Zayan Parikh,14,Cafe,09:00:00,23:30:00,4.0,980,25.87,1
2137,Arya Inc Restaurant,Xavier Talwar,41,Italian,08:00:00,23:30:00,4.6,2783,17.75,1
2138,Saraf Ltd Restaurant,Hemang Sura,24,Italian,09:00:00,23:00:00,4.4,4674,21.89,1
2139,"Prashad, Venkataraman and Raja Restaurant",Hritik Chaudhari,10,Fast Food,10:00:00,22:00:00,3.5,3104,27.2,1
2140,"Chandran, Dalal and Khare Restaurant",Oviya Ramesh,1,South Indian,08:00:00,23:00:00,4.9,3745,29.02,1
2141,"Baral, Palan and Sarraf Restaurant",Baljiwan Rastogi,33,Maharashtrian,09:00:00,22:00:00,3.5,3523,24.42,1
2142,"Sankaran, Bal and Kalita Restaurant",Arjun Narasimhan,39,South Indian,09:00:00,23:00:00,3.8,998,17.1,0
2143,Master Group Restaurant,Tanmayi Kulkarni,24,Cafe,08:00:00,22:00:00,4.7,2292,16.61,1
2144,Padmanabhan-Pandey Restaurant,Aradhana Sehgal,9,Cafe,08:00:00,23:30:00,4.4,1698,15.6,0
2145,Nair Group Restaurant,Naveen Kadakia,1,South Indian,09:00:00,23:30:00,4.4,2348,21.45,0
2146,"Nagy, Rattan and Pall Restaurant",Xalak Chakraborty,15,Maharashtrian,10:00:00,23:30:00,4.5,4547,20.3,0
2147,Pandey-Yohannan Restaurant,Edhitha Mohan,10,North Indian,10:00:00,23:30:00,3.6,1821,17.58,1
2148,Chana Ltd Restaurant,Dhriti Tank,14,Mughlai,10:00:00,22:00:00,4.9,766,23.57,1
2149,"Grewal, Raja and Jain Restaurant",Vedika Panchal,32,South Indian,08:00:00,22:00:00,4.7,1830,18.63,0
2150,Sarma-Pathak Restaurant,Om Naidu,12,Street Food,08:00:00,23:00:00,3.2,1976,25.07,1
2151,Choudhury and Sons Restaurant,Yashawini Minhas,38,Desserts,10:00:00,23:00:00,3.9,1922,16.51,0
2152,"Yohannan, Gokhale and Rao Restaurant",Rushil Chander,27,Punjabi,09:00:00,23:00:00,3.3,3169,27.76,1
2153,Ravel LLC Restaurant,Harini Walia,2,Mughlai,09:00:00,22:00:00,4.8,4046,21.55,1
2154,Ranganathan-Deol Restaurant,Hemang Memon,21,North Indian,09:00:00,23:30:00,4.2,3642,24.1,1
2155,"Butala, Naik and Kar Restaurant",Banjeet Korpal,10,Punjabi,08:00:00,23:30:00,4.7,3113,17.53,1
2156,"Dubey, Mahal and Bal Restaurant",Udarsh Kanda,14,Italian,09:00:00,23:00:00,3.8,2057,25.72,0
2157,Kara Group Restaurant,Maanav Arora,25,Maharashtrian,09:00:00,22:00:00,4.4,4634,18.66,0
2158,Kohli-Bail Restaurant,Reva Sachdeva,29,Punjabi,08:00:00,23:00:00,4.1,2965,20.71,1
2159,"Handa, Sachar and Grewal Restaurant",Lila Lal,28,Punjabi,09:00:00,23:00:00,3.2,2108,20.22,1
2160,"Patla, Lall and Sankar Restaurant",Janya Keer,24,Street Food,09:00:00,23:00:00,3.3,1815,27.8,0
2161,Zachariah-Parikh Restaurant,Krish Nagy,3,Burger,09:00:00,22:00:00,4.5,757,25.61,0
2162,"Koshy, Yohannan and Dave Restaurant",Yashica Soni,6,Maharashtrian,10:00:00,23:30:00,3.1,669,22.88,1
2163,"Murthy, Cheema and Kari Restaurant",Udarsh Shroff,29,Chinese,09:00:00,22:00:00,4.7,2301,28.07,0
2164,Bera-Sharma Restaurant,Widisha Sarin,15,Burger,09:00:00,22:00:00,4.0,1919,28.08,0
2165,Garg Inc Restaurant,Dakshesh Palan,37,Gujarati,10:00:00,22:00:00,3.6,3872,29.13,0
2166,Divan-Bhatt Restaurant,Dhruv Majumdar,16,North Indian,08:00:00,23:30:00,4.4,571,26.59,1
2167,"Krishnan, Bala and Swaminathan Restaurant",Kiaan Randhawa,12,Mughlai,08:00:00,23:00:00,4.1,3042,25.85,0
2168,Seth LLC Restaurant,Ganga Kaul,35,Street Food,08:00:00,22:00:00,4.6,2686,27.83,1
2169,"Trivedi, Ray and Dhawan Restaurant",Abeer Bera,33,Desserts,08:00:00,23:30:00,4.0,485,20.91,0
2170,"Parmar, Dar and Bobal Restaurant",Odika Edwin,4,Biryani,08:00:00,22:00:00,3.5,3028,23.61,1
2171,"Hayer, Kothari and Gola Restaurant",Ayushman Talwar,30,Italian,09:00:00,22:00:00,4.4,2053,17.43,0
2172,"Dar, Narula and Chakraborty Restaurant",Netra Ram,5,Burger,08:00:00,22:00:00,3.6,4352,26.98,1
2173,Raj-Som Restaurant,Hemal Goswami,36,Mughlai,10:00:00,23:00:00,4.8,3842,29.43,1
2174,Mukhopadhyay LLC Restaurant,Qushi Krishnan,39,Maharashtrian,10:00:00,23:30:00,3.8,2079,22.85,1
2175,Chana-Gour Restaurant,Neelima Iyer,11,Mughlai,09:00:00,22:00:00,4.6,1714,16.1,1
2176,Panchal Ltd Restaurant,Harinakshi Seth,20,South Indian,10:00:00,23:00:00,3.8,2473,20.6,1
2177,Viswanathan LLC Restaurant,Darsh Bhargava,32,Italian,08:00:00,22:00:00,3.9,1225,21.75,0
2178,"Prakash, Chandran and Ganguly Restaurant",Advik Agrawal,42,Cafe,09:00:00,23:00:00,3.5,154,28.51,1
2179,Rajagopalan-Mohan Restaurant,Kavya Boase,17,Biryani,09:00:00,23:00:00,4.4,3063,28.24,1
2180,Gulati Ltd Restaurant,Qabil Wason,9,Burger,08:00:00,22:00:00,4.9,849,19.43,0
2181,Pai Inc Restaurant,Kavya Goel,23,Biryani,09:00:00,23:30:00,4.7,659,23.97,1
2182,Goel-Tripathi Restaurant,Sai Balasubramanian,33,Mughlai,09:00:00,22:00:00,4.9,3947,16.02,1
2183,"Barad, Yogi and Dara Restaurant",Bishakha Chokshi,13,Fast Food,10:00:00,22:00:00,3.0,849,17.19,1
2184,Gole-Vasa Restaurant,Harish Tank,4,North Indian,10:00:00,22:00:00,4.3,3061,15.36,1
2185,Dubey PLC Restaurant,Suhani Ramachandran,22,Cafe,10:00:00,23:00:00,3.7,2695,19.27,0
2186,Dada-Bhatti Restaurant,Yatin Pau,34,Maharashtrian,08:00:00,23:00:00,4.5,3570,26.45,0
2187,Khatri Group Restaurant,Netra Barman,43,Cafe,10:00:00,23:30:00,4.5,4164,16.01,0
2188,Bhargava-Srinivasan Restaurant,Zinal Chand,25,Pizza,10:00:00,23:30:00,3.9,2208,17.16,0
2189,"Nagi, Vyas and Wali Restaurant",Sai Mandal,6,Maharashtrian,09:00:00,23:00:00,3.8,363,15.66,0
2190,Deshmukh-Sem Restaurant,Brinda Sandhu,9,Italian,09:00:00,23:30:00,3.4,1262,21.4,1
2191,Saran-Purohit Restaurant,Vritti Bajwa,14,North Indian,08:00:00,22:00:00,4.7,2195,25.91,0
2192,Chawla-Nagy Restaurant,Lopa Mohan,15,Biryani,08:00:00,23:30:00,4.0,675,25.04,1
2193,Mani-Bhakta Restaurant,Raghav Chakraborty,40,Punjabi,09:00:00,23:00:00,4.9,2134,23.66,1
2194,Ghose-Murthy Restaurant,Ayaan Batta,41,Gujarati,09:00:00,23:30:00,3.3,4851,22.8,1
2195,Rajan-Guha Restaurant,Charles Saraf,39,Cafe,08:00:00,22:00:00,4.6,3574,22.25,1
2196,"Trivedi, Viswanathan and Gokhale Restaurant",Chaitanya Kala,33,Fast Food,09:00:00,23:30:00,5.0,440,29.28,1
2197,Shankar and Sons Restaurant,Ekaja Bora,17,South Indian,08:00:00,23:30:00,3.4,1813,28.21,0
2198,"Jani, Tandon and Jhaveri Restaurant",Chakradev Raj,30,Street Food,08:00:00,22:00:00,4.4,4163,20.44,1
2199,Dada LLC Restaurant,Wridesh Narayanan,27,Maharashtrian,09:00:00,23:00:00,3.2,1350,24.35,0
2200,Ramakrishnan and Sons Restaurant,Neelima Basu,50,Pizza,08:00:00,23:00:00,3.8,3560,17.31,1
2201,Dhar PLC Restaurant,Aarna Sami,2,Pizza,09:00:00,22:00:00,3.6,4005,28.19,1
2202,"Mukherjee, Jayaraman and Mahajan Restaurant",Advaith Sagar,26,Maharashtrian,08:00:00,23:00:00,3.9,1946,19.3,0
2203,Purohit-Mall Restaurant,Vinaya Kulkarni,22,Chinese,10:00:00,23:00:00,4.2,698,16.51,0
2204,"Anne, Rana and Barman Restaurant",Kabir Kapoor,48,North Indian,08:00:00,23:30:00,3.9,776,29.02,0
2205,Contractor Inc Restaurant,Vrinda Bhavsar,4,North Indian,09:00:00,22:00:00,3.1,2407,29.76,1
2206,Yadav LLC Restaurant,Aahana Rao,44,Gujarati,10:00:00,23:00:00,4.3,736,15.61,1
2207,Yadav-Mangat Restaurant,Advika Chopra,22,South Indian,08:00:00,23:30:00,3.2,343,24.22,0
2208,Rana and Sons Restaurant,Widisha Iyer,11,Street Food,09:00:00,23:00:00,3.2,4880,19.37,0
2209,Vasa Inc Restaurant,Varenya Chopra,40,Fast Food,08:00:00,22:00:00,3.9,2149,17.36,0
2210,Karnik Inc Restaurant,Qarin Chacko,32,Maharashtrian,08:00:00,23:30:00,3.6,3242,27.78,0
2211,"Bir, Khurana and Sarin Restaurant",Raksha Dhar,45,Biryani,09:00:00,23:00:00,4.9,2530,19.4,1
2212,Barman-Thakur Restaurant,Shivansh Nadkarni,27,Cafe,08:00:00,23:00:00,4.3,1744,18.61,0
2213,Atwal and Sons Restaurant,Zashil Gill,46,Chinese,08:00:00,22:00:00,3.1,984,17.22,1
2214,Shere-Iyer Restaurant,Mahika Rai,9,Chinese,10:00:00,22:00:00,3.6,2745,25.32,0
2215,Manne PLC Restaurant,Umang Gour,46,Biryani,09:00:00,23:00:00,3.2,4542,25.94,1
2216,"Hayer, Nayak and Sarna Restaurant",Ridhi Boase,46,Italian,09:00:00,23:30:00,3.1,1302,20.86,1
2217,Wadhwa LLC Restaurant,Luke Nadkarni,5,North Indian,08:00:00,23:00:00,3.8,4096,21.95,1
2218,Choudhury Ltd Restaurant,Nimrat Vasa,46,Desserts,09:00:00,23:00:00,3.3,2698,26.18,1
2219,"Badal, Gara and Nagy Restaurant",Balvan Dhar,43,Pizza,10:00:00,23:30:00,3.4,1364,29.31,1
2220,Kaur Inc Restaurant,Aarush Bhardwaj,6,Biryani,09:00:00,22:00:00,3.1,1169,18.6,1
2221,Dar-Kapur Restaurant,Ethan Bahri,18,Street Food,08:00:00,23:30:00,3.4,334,26.56,1
2222,"Soni, Raju and Mandal Restaurant",Shivani Khanna,46,Pizza,10:00:00,23:00:00,3.7,876,22.24,0
2223,"Swaminathan, Krishna and Pai Restaurant",Varenya Dua,14,Chinese,09:00:00,23:30:00,4.3,4156,19.1,1
2224,Yadav-Parsa Restaurant,Maanas Mangat,34,Maharashtrian,10:00:00,23:30:00,3.4,342,21.82,1
2225,"Ghosh, Rama and Kurian Restaurant",Jhalak Bail,35,Cafe,09:00:00,22:00:00,3.6,166,21.11,0
2226,Mital-Dhawan Restaurant,Tripti Roy,31,Desserts,09:00:00,23:00:00,4.8,4704,18.46,1
2227,"Karan, Ratti and Dass Restaurant",Sathvik Ravi,38,Italian,09:00:00,23:00:00,3.6,337,27.25,1
2228,Sahni-Sharma Restaurant,Sachi Rama,26,Fast Food,08:00:00,23:30:00,3.5,1836,29.28,1
2229,Patla-Nazareth Restaurant,Mohini Deol,16,Burger,08:00:00,23:00:00,3.1,643,27.04,1
2230,"Wagle, Jha and Korpal Restaurant",Rayaan Hayer,35,Desserts,10:00:00,23:00:00,3.0,2528,26.53,0
2231,"Patla, Sheth and Rege Restaurant",Damyanti Kala,32,Maharashtrian,08:00:00,23:30:00,4.3,2375,26.7,0
2232,Dhaliwal-Singhal Restaurant,Sneha Mital,25,Mughlai,10:00:00,23:00:00,3.4,1660,15.21,1
2233,"Sachar, Behl and Iyengar Restaurant",Geetika Dugar,6,Pizza,10:00:00,22:00:00,4.9,189,16.49,1
2234,"Rajagopalan, Varughese and Sankaran Restaurant",Saanvi Bajwa,11,Gujarati,09:00:00,23:30:00,3.5,1345,28.59,0
2235,"Jhaveri, Raju and Gera Restaurant",Nachiket Ratti,47,Chinese,09:00:00,22:00:00,4.5,2385,19.64,0
2236,"Hora, Dora and Sabharwal Restaurant",Upadhriti Korpal,5,Chinese,08:00:00,22:00:00,4.9,560,26.68,1
2237,"De, Sur and Mutti Restaurant",Gunbir Bhattacharyya,12,South Indian,09:00:00,23:00:00,3.2,4399,21.98,0
2238,Bail Inc Restaurant,Garima Chana,31,Gujarati,10:00:00,23:00:00,4.6,2938,26.84,1
2239,Parikh-Jain Restaurant,Tanay Mohanty,12,Burger,08:00:00,23:30:00,4.9,169,28.66,0
2240,Patil PLC Restaurant,Sanya Soman,5,Chinese,08:00:00,23:00:00,3.3,4401,17.91,1
2241,Gill-Mann Restaurant,Harrison Dutta,2,Pizza,09:00:00,23:00:00,3.2,4217,26.64,1
2242,Gade Group Restaurant,Nimrat Dutt,14,Chinese,08:00:00,23:30:00,4.3,4823,26.22,0
2243,"Singh, Mand and Krish Restaurant",Manan Saxena,48,Italian,10:00:00,23:00:00,4.1,3770,20.81,1
2244,Baral and Sons Restaurant,Urvashi Raghavan,13,Street Food,08:00:00,22:00:00,3.9,50,23.56,0
2245,Garde-Bahri Restaurant,Ridhi Gopal,43,Street Food,09:00:00,23:30:00,3.7,80,29.54,1
2246,Bahri-Swamy Restaurant,Harinakshi Chada,6,Chinese,08:00:00,23:30:00,4.0,974,23.89,1
2247,Biswas-Goel Restaurant,Charita Ramesh,32,Mughlai,10:00:00,23:30:00,4.5,1001,24.37,0
2248,Choudhry Ltd Restaurant,Ekani Master,41,Pizza,08:00:00,23:00:00,4.1,3506,19.4,0
2249,"Chacko, Pant and Talwar Restaurant",Omisha Gara,4,Fast Food,10:00:00,22:00:00,4.4,3129,29.99,1
2250,Krishnan-Handa Restaurant,Zinal Bajwa,22,Desserts,09:00:00,22:00:00,5.0,3000,16.13,1
2251,Nagar-Ganesan Restaurant,William Mohan,48,Fast Food,09:00:00,22:00:00,3.1,2355,19.92,0
2252,Sen-Sant Restaurant,Banjeet Mahajan,9,Street Food,10:00:00,23:30:00,4.2,840,20.44,0
2253,"Shanker, Buch and Natarajan Restaurant",Kalpit Anne,17,Cafe,09:00:00,23:00:00,4.8,1516,23.65,0
2254,"Bahl, Mittal and Rai Restaurant",Upma Rai,15,North Indian,09:00:00,23:00:00,4.7,4527,26.32,0
2255,Banik-Madan Restaurant,Gautami Peri,46,Mughlai,10:00:00,23:30:00,4.1,4544,24.87,0
2256,"Samra, Ray and Oommen Restaurant",Hiral Lal,26,Cafe,08:00:00,23:00:00,4.8,3462,16.39,1
2257,"Hans, Suresh and Manda Restaurant",Fiyaz Sengupta,18,Punjabi,08:00:00,22:00:00,3.1,4839,15.06,1
2258,"Chad, Nagar and Upadhyay Restaurant",Arin Dave,3,Biryani,09:00:00,23:00:00,4.1,2185,17.38,0
2259,Kibe Inc Restaurant,Kashvi Bhattacharyya,6,Pizza,08:00:00,22:00:00,4.3,4681,25.51,0
2260,Khalsa Inc Restaurant,Aditya Arya,41,Cafe,08:00:00,23:00:00,3.4,1057,17.54,0
2261,"Om, Bobal and Dugal Restaurant",Ganga Cherian,27,North Indian,10:00:00,23:30:00,4.8,4744,26.92,0
2262,"Dara, Bhalla and Dewan Restaurant",Finn Grewal,32,Mughlai,08:00:00,22:00:00,3.9,3202,17.89,1
2263,Chand Inc Restaurant,Viraj Kade,23,Chinese,09:00:00,23:30:00,3.8,4757,19.31,0
2264,Buch Group Restaurant,Reyansh Soni,40,Desserts,08:00:00,23:30:00,3.8,4978,22.47,0
2265,Tandon PLC Restaurant,Upasna Mani,26,Maharashtrian,08:00:00,23:30:00,3.5,1070,23.65,0
2266,"Bhat, Savant and Goyal Restaurant",Fariq Goda,43,Italian,08:00:00,23:30:00,3.1,2067,26.17,0
2267,Lall and Sons Restaurant,Jatin Borra,44,Burger,08:00:00,22:00:00,3.6,942,23.62,0
2268,Grover LLC Restaurant,Nicholas Rana,46,South Indian,10:00:00,22:00:00,3.8,2816,18.1,0
2269,"Minhas, Sachar and Toor Restaurant",Tejas Sandhu,10,Punjabi,10:00:00,22:00:00,4.7,2683,29.66,1
2270,Pai-Khosla Restaurant,Zayan Manda,43,Mughlai,10:00:00,23:00:00,3.9,1671,27.87,0
2271,Bhattacharyya Inc Restaurant,Wakeeta Padmanabhan,14,Burger,09:00:00,22:00:00,4.7,2008,22.35,1
2272,"Bhasin, Sani and Buch Restaurant",Advik Chakrabarti,28,North Indian,09:00:00,22:00:00,3.9,1319,15.92,0
2273,Pathak-Bhatti Restaurant,Eiravati Seshadri,48,Biryani,10:00:00,23:00:00,3.4,924,28.22,0
2274,Srinivasan-Prabhakar Restaurant,Charita Suresh,19,Fast Food,08:00:00,23:00:00,4.5,3896,26.79,0
2275,Gupta-Kari Restaurant,Brijesh Pandit,38,Biryani,09:00:00,23:00:00,4.3,3701,18.01,1
2276,Shroff-Shenoy Restaurant,Neha Sheth,31,Burger,09:00:00,22:00:00,4.0,3609,28.57,0
2277,Sethi-Dua Restaurant,Lekha Saini,50,Italian,10:00:00,23:00:00,3.8,4539,22.65,0
2278,Dewan LLC Restaurant,Manthan Ratta,8,Fast Food,10:00:00,23:00:00,4.0,829,19.08,1
2279,Atwal-Saraf Restaurant,Matthew Gour,48,Burger,08:00:00,22:00:00,4.1,897,18.62,1
2280,Chandran Inc Restaurant,Urmi Doctor,17,Cafe,08:00:00,23:30:00,4.9,4725,26.98,0
2281,Nazareth-Hora Restaurant,Widisha Ramanathan,41,Biryani,10:00:00,22:00:00,3.3,180,19.91,1
2282,Mitter PLC Restaurant,Vedant Gupta,37,Pizza,08:00:00,23:00:00,3.4,908,25.99,1
2283,Tata-Sant Restaurant,Nathaniel Sura,17,Punjabi,09:00:00,23:30:00,3.4,3312,25.05,1
2284,"Bhasin, Pandit and Cherian Restaurant",Ekiya Sood,7,Burger,09:00:00,23:30:00,3.4,2026,19.87,1
2285,"Mann, Dhaliwal and Keer Restaurant",Tarak Saha,23,Biryani,08:00:00,23:30:00,3.7,1884,21.46,0
2286,Arya-Morar Restaurant,Hamsini Mukhopadhyay,45,South Indian,08:00:00,23:30:00,4.8,1914,21.16,0
2287,"Sanghvi, Dara and Dayal Restaurant",Harita Prakash,14,Biryani,09:00:00,23:30:00,5.0,614,16.54,1
2288,"Dave, Pingle and Solanki Restaurant",Andrew Sekhon,46,Chinese,08:00:00,23:30:00,3.4,3058,16.45,1
2289,Sahni-Koshy Restaurant,Eta Kaur,1,Street Food,10:00:00,23:00:00,3.2,2317,24.65,1
2290,Soni-Mand Restaurant,Garima Hayer,14,South Indian,09:00:00,22:00:00,4.2,786,27.08,0
2291,Nagy Ltd Restaurant,Warjas Krish,3,Biryani,10:00:00,23:00:00,4.1,72,28.89,1
2292,Singhal-Bahl Restaurant,Yasti Chandran,14,Cafe,09:00:00,23:00:00,3.2,4146,23.74,1
2293,Divan-Nagy Restaurant,Vritti Shere,1,Burger,10:00:00,23:00:00,4.9,3725,23.34,0
2294,"Lata, Bhavsar and Sengupta Restaurant",Reyansh Majumdar,2,Punjabi,08:00:00,23:30:00,4.1,2274,17.89,0
2295,"Dhar, Patla and Bhargava Restaurant",Yatin Kapoor,15,Punjabi,08:00:00,23:30:00,3.4,1732,17.96,1
2296,"Aggarwal, Narang and Parekh Restaurant",Madhav Mahajan,30,North Indian,10:00:00,23:00:00,3.5,1121,15.47,0
2297,Sundaram-Murthy Restaurant,Raghav Dara,24,Gujarati,09:00:00,23:30:00,3.9,538,27.5,0
2298,Bhat-Hayer Restaurant,Yuvraj Puri,31,Burger,08:00:00,22:00:00,3.7,4386,17.63,1
2299,Apte-Misra Restaurant,Samarth Dhawan,7,South Indian,08:00:00,22:00:00,3.1,3420,16.63,0
2300,Bakshi-Balakrishnan Restaurant,Farhan Pillay,45,Desserts,08:00:00,23:00:00,4.4,4566,28.26,1
2301,Divan-Sekhon Restaurant,Naksh Sawhney,29,Chinese,10:00:00,23:30:00,4.3,1786,29.3,1
2302,Chokshi-Mahal Restaurant,Anya Hora,12,Maharashtrian,09:00:00,23:00:00,3.6,4986,18.21,0
2303,"Setty, Mane and Gaba Restaurant",Ekantika Badal,13,Burger,09:00:00,23:00:00,4.5,3828,28.91,0
2304,Ben LLC Restaurant,Jyoti Dhar,45,Chinese,08:00:00,22:00:00,4.5,4390,29.24,0
2305,Prashad-Bal Restaurant,Ekiya Randhawa,36,Biryani,09:00:00,23:30:00,4.2,1127,15.79,0
2306,Narain PLC Restaurant,Barkha Naik,35,Street Food,08:00:00,22:00:00,3.5,435,22.63,0
2307,"Baral, Vaidya and Bhalla Restaurant",Watika Bhatt,16,Mughlai,10:00:00,22:00:00,3.7,4423,16.4,1
2308,Dey and Sons Restaurant,Nihal Keer,22,Mughlai,08:00:00,22:00:00,3.1,4038,27.75,0
2309,Parsa LLC Restaurant,Finn Sachar,9,Cafe,08:00:00,23:30:00,4.3,4263,17.22,1
2310,Boase-Tailor Restaurant,David Vohra,5,Burger,10:00:00,23:30:00,4.1,2656,21.91,1
2311,Randhawa-Dubey Restaurant,Sarthak Sen,22,North Indian,08:00:00,22:00:00,4.6,218,27.94,0
2312,D’Alia LLC Restaurant,Wriddhish Bhalla,6,Pizza,08:00:00,23:30:00,4.6,4819,16.22,0
2313,"Bajwa, Ben and Kar Restaurant",Brijesh Basak,31,Cafe,08:00:00,23:00:00,4.6,4435,24.71,0
2314,Kaul and Sons Restaurant,Xiti Nagarajan,41,Punjabi,10:00:00,22:00:00,4.4,2914,19.69,0
2315,Ram-Randhawa Restaurant,Yashvi Mann,33,Gujarati,09:00:00,23:00:00,3.5,716,23.19,0
2316,Bajwa-Sachdeva Restaurant,Banjeet Iyengar,39,Gujarati,10:00:00,23:30:00,4.0,4043,22.83,0
2317,"Banik, Joshi and Karpe Restaurant",Abhimanyu Palla,10,Chinese,09:00:00,23:30:00,4.2,367,19.71,1
2318,"Buch, Pillai and Upadhyay Restaurant",Mekhala Kala,3,Mughlai,09:00:00,23:00:00,3.1,4928,15.73,1
2319,Yadav Inc Restaurant,Amaira Prasad,16,Burger,09:00:00,23:30:00,3.7,2981,25.86,1
2320,"Rama, Dutta and Jaggi Restaurant",Gaurika Hayre,34,Chinese,09:00:00,23:00:00,4.1,1951,21.19,1
2321,Lad-Ramaswamy Restaurant,Bhavika Seth,33,Italian,09:00:00,23:00:00,4.3,3019,19.65,0
2322,Sehgal PLC Restaurant,Samarth Goyal,37,Burger,10:00:00,22:00:00,4.1,342,24.38,0
2323,Barman Group Restaurant,Samesh Iyengar,27,Italian,08:00:00,23:00:00,4.2,4593,21.9,1
2324,"Misra, Kala and Mitter Restaurant",Ubika Bhagat,2,Cafe,10:00:00,23:30:00,4.9,4327,17.77,0
2325,"Karpe, Krishnan and Kalla Restaurant",Dayita Arora,4,Fast Food,08:00:00,22:00:00,4.7,2091,27.52,0
2326,Golla LLC Restaurant,Xalak Rama,36,Street Food,10:00:00,23:30:00,3.0,2138,29.43,0
2327,"Narang, Shankar and Raman Restaurant",Vyanjana Srinivasan,36,Biryani,09:00:00,22:00:00,4.0,3117,25.77,0
2328,"Mangal, Kothari and Brahmbhatt Restaurant",Aadi Balasubramanian,34,Gujarati,08:00:00,23:00:00,3.5,1288,25.09,0
2329,"Bedi, Apte and Mahal Restaurant",Chavvi Saxena,45,Burger,10:00:00,23:30:00,3.6,1419,22.83,1
2330,Dutta-Chatterjee Restaurant,Jhalak Kale,27,Fast Food,08:00:00,22:00:00,3.5,3458,26.35,0
2331,"Halder, Sampath and Pradhan Restaurant",Ati Sahni,24,Punjabi,10:00:00,23:30:00,3.9,872,19.64,1
2332,"Bains, Mishra and Banerjee Restaurant",Chasmum Dhar,6,Biryani,08:00:00,23:00:00,3.6,3213,17.35,1
2333,Shan-Jayaraman Restaurant,Azaan Soni,49,Fast Food,08:00:00,22:00:00,3.8,1896,25.82,1
2334,Atwal Inc Restaurant,Wahab Shah,22,Mughlai,10:00:00,22:00:00,3.6,210,25.03,1
2335,"Mahajan, Madan and Bajaj Restaurant",Dev Dua,25,Fast Food,09:00:00,23:00:00,4.7,4222,23.64,0
2336,Bhattacharyya Group Restaurant,Ayushman Barad,50,Italian,10:00:00,22:00:00,3.7,4575,25.46,0
2337,Sankaran-Shroff Restaurant,Parth Arya,18,Pizza,10:00:00,22:00:00,3.9,524,25.11,1
2338,"Basu, Bhatnagar and Mand Restaurant",Varenya Jain,3,Fast Food,10:00:00,23:30:00,3.1,2406,18.58,0
2339,Bajwa-Magar Restaurant,Wahab Sem,14,Cafe,09:00:00,22:00:00,4.7,2131,23.81,0
2340,Basu PLC Restaurant,Vrinda Kata,26,Punjabi,08:00:00,22:00:00,4.6,757,16.42,1
2341,"Batta, Mangat and Patla Restaurant",Jhalak Shan,34,Biryani,10:00:00,22:00:00,4.1,4988,29.63,0
2342,Gade-Prakash Restaurant,Madhav Nagi,38,South Indian,10:00:00,23:30:00,3.4,1795,17.02,1
2343,"Palan, Ray and Ghosh Restaurant",Kashish Sibal,15,North Indian,09:00:00,22:00:00,4.4,707,28.77,1
2344,Master-Divan Restaurant,Nikita Parsa,49,Pizza,09:00:00,22:00:00,3.9,4121,27.88,0
2345,Chadha-Kulkarni Restaurant,Gaurangi Parmer,1,Street Food,08:00:00,22:00:00,4.6,260,23.79,1
2346,"Shukla, Seshadri and Zacharia Restaurant",Brijesh Oza,50,Burger,08:00:00,23:30:00,3.3,4912,22.86,0
2347,"Dhillon, Om and Zachariah Restaurant",Liam Jha,16,Punjabi,09:00:00,23:00:00,3.9,4094,18.96,1
2348,"Randhawa, Bumb and Saini Restaurant",Yachana Barman,39,South Indian,10:00:00,23:00:00,4.8,1770,20.88,1
2349,"Chawla, Agrawal and Kumar Restaurant",Utkarsh Natt,9,Street Food,08:00:00,22:00:00,3.6,600,27.13,1
2350,Dada-Nanda Restaurant,Megha Virk,7,Mughlai,09:00:00,22:00:00,3.5,4360,22.16,0
2351,"Ramaswamy, Kanda and Panchal Restaurant",Hitesh Kara,38,Chinese,09:00:00,22:00:00,3.3,1311,29.12,0
2352,"Setty, Dugal and Guha Restaurant",Yamini Chokshi,5,Italian,09:00:00,23:00:00,3.7,3446,16.15,1
2353,Dhawan-Bora Restaurant,Wyatt Ravi,3,Punjabi,10:00:00,23:30:00,3.6,4277,23.04,0
2354,Kadakia-Char Restaurant,Arjun Babu,24,Gujarati,08:00:00,23:00:00,3.5,3259,21.43,0
2355,Merchant Inc Restaurant,Quincy Bora,34,Punjabi,08:00:00,22:00:00,4.5,3514,26.7,0
2356,Kulkarni Group Restaurant,Pahal Parmar,3,Italian,08:00:00,23:30:00,4.8,2979,20.86,0
2357,"Rau, Anne and Mital Restaurant",Lipika Prasad,49,North Indian,09:00:00,22:00:00,4.4,615,19.81,0
2358,Modi Group Restaurant,Benjamin Swamy,7,Chinese,08:00:00,23:00:00,4.8,2934,15.78,1
2359,Tata LLC Restaurant,Azaan Kumer,33,Mughlai,08:00:00,23:00:00,4.1,3996,24.4,1
2360,"Solanki, Rajagopal and Yohannan Restaurant",Pahal Panchal,28,Cafe,10:00:00,23:30:00,4.8,1747,29.76,1
2361,"Swaminathan, Bala and Rai Restaurant",Vinaya Chadha,19,Punjabi,08:00:00,22:00:00,3.5,4562,15.07,1
2362,Krishnan-Chanda Restaurant,Yatan Chandra,50,Italian,09:00:00,23:00:00,3.5,4527,26.05,0
2363,Raghavan-Nazareth Restaurant,Upasna Banerjee,27,North Indian,08:00:00,22:00:00,4.3,1036,15.8,1
2364,Mukherjee-Seth Restaurant,Nirja Chandran,29,Punjabi,10:00:00,22:00:00,4.2,409,22.61,0
2365,Dave PLC Restaurant,Yashawini Saxena,19,Fast Food,10:00:00,22:00:00,4.9,3731,29.88,0
2366,Thakkar and Sons Restaurant,Anvi Rama,26,Cafe,10:00:00,23:30:00,4.1,3466,26.5,1
2367,"Bava, Kulkarni and Dalal Restaurant",Owen Seth,50,Gujarati,09:00:00,23:30:00,4.3,4937,26.19,1
2368,Gaba-Baral Restaurant,Garima Sandhu,6,Street Food,10:00:00,23:00:00,3.3,3019,23.69,0
2369,Dubey Inc Restaurant,Vasatika Sunder,10,Pizza,10:00:00,22:00:00,3.6,4119,28.31,0
2370,Ahluwalia Group Restaurant,Krisha Bassi,12,Street Food,08:00:00,22:00:00,3.4,1847,19.42,0
2371,Goswami-Kapoor Restaurant,Wakeeta Karnik,50,Burger,09:00:00,23:30:00,4.1,468,21.12,0
2372,"Saxena, D’Alia and Chaudhuri Restaurant",Liam Deo,36,Biryani,08:00:00,23:00:00,4.3,3765,26.46,0
2373,"Bajwa, Sarma and Taneja Restaurant",Qushi Bail,42,Biryani,08:00:00,23:30:00,3.4,4621,29.15,0
2374,"Vohra, Pillay and Cherian Restaurant",Urvi Bandi,34,Maharashtrian,08:00:00,23:00:00,4.3,4954,28.62,0
2375,Sarin-Sami Restaurant,Dhruv Chahal,34,Chinese,10:00:00,23:30:00,4.5,2352,27.42,1
2376,Parmar-Soman Restaurant,Yashica Kohli,27,Street Food,10:00:00,22:00:00,5.0,4658,24.15,1
2377,Dara Inc Restaurant,Gabriel Grover,2,Mughlai,08:00:00,23:00:00,4.2,2958,23.17,0
2378,"Hegde, Sehgal and Prakash Restaurant",Vanya Bhavsar,28,Gujarati,09:00:00,22:00:00,4.6,3152,23.59,1
2379,"Goyal, Sachdev and D’Alia Restaurant",Vincent Jain,27,Gujarati,08:00:00,22:00:00,3.0,3967,27.13,0
2380,Mital and Sons Restaurant,Advay Prabhu,44,Desserts,10:00:00,22:00:00,4.5,4349,19.71,1
2381,Uppal Inc Restaurant,Amaira Wali,49,South Indian,09:00:00,22:00:00,4.6,3285,23.12,0
2382,Mitter and Sons Restaurant,Yagnesh Srinivasan,38,Cafe,09:00:00,23:30:00,3.5,352,27.82,0
2383,Gulati Ltd Restaurant,Vanya Srinivas,31,Cafe,08:00:00,22:00:00,3.0,4229,21.51,1
2384,Chaudhary and Sons Restaurant,Ekavir Dhingra,25,South Indian,08:00:00,22:00:00,4.7,3191,22.56,0
2385,"Datta, Uppal and Dhillon Restaurant",Vanya Varghese,6,Gujarati,08:00:00,23:30:00,3.7,228,15.72,0
2386,Gala and Sons Restaurant,Janaki Kar,25,Mughlai,08:00:00,23:30:00,4.3,676,19.4,0
2387,Ray-Bhasin Restaurant,Brijesh Nagi,48,Pizza,08:00:00,23:00:00,3.8,1471,27.94,0
2388,Bala-Hans Restaurant,Mahika Sengupta,38,Biryani,10:00:00,23:00:00,4.3,432,25.95,0
2389,"Kar, Datta and Srinivas Restaurant",Nakul Khurana,41,Fast Food,09:00:00,22:00:00,4.8,3629,21.64,1
2390,"Verma, Mani and Tank Restaurant",Rachita Balasubramanian,26,Chinese,08:00:00,23:30:00,4.9,1164,25.89,1
2391,Bhatti-Chad Restaurant,Balveer Pingle,43,Chinese,10:00:00,22:00:00,3.7,4570,26.98,1
2392,Ramaswamy-Mand Restaurant,Harita Mitter,47,Gujarati,09:00:00,23:00:00,4.8,1338,23.48,0
2393,"Narain, Morar and Singhal Restaurant",Libni Devan,50,Cafe,09:00:00,22:00:00,3.8,4312,25.12,1
2394,Nazareth-Chand Restaurant,Hema Walia,5,Italian,08:00:00,22:00:00,3.9,750,29.06,1
2395,"Bhatnagar, Krishnamurthy and Loyal Restaurant",Bhavya Varghese,23,Punjabi,08:00:00,22:00:00,3.7,3307,16.63,0
2396,Munshi LLC Restaurant,Rayaan Pall,30,North Indian,08:00:00,22:00:00,4.4,663,24.04,0
2397,Handa-Nayak Restaurant,Arya Lalla,25,South Indian,08:00:00,23:00:00,3.5,4224,29.69,1
2398,"Samra, Guha and Dewan Restaurant",Ranveer Pathak,9,Biryani,09:00:00,23:30:00,4.1,2845,20.64,0
2399,"Nagi, Jayaraman and Shere Restaurant",Jacob Manne,14,Biryani,08:00:00,23:30:00,4.1,2535,18.97,0
2400,"Koshy, Jha and Nazareth Restaurant",Watika Prasad,47,Chinese,10:00:00,23:00:00,3.1,3260,19.41,0
2401,Ramanathan Group Restaurant,Tripti Yogi,7,Burger,09:00:00,23:00:00,5.0,1957,21.78,1
2402,Dhingra-Kumar Restaurant,Zayyan Dash,7,Burger,09:00:00,23:30:00,3.2,1181,28.58,1
2403,Ramaswamy-Aggarwal Restaurant,Ranbir Kumar,43,Mughlai,08:00:00,22:00:00,3.2,1342,24.59,1
2404,Sha-Malhotra Restaurant,Rushil Lata,38,Mughlai,08:00:00,22:00:00,4.3,2158,22.79,1
2405,Sane Ltd Restaurant,Hritik Soni,11,Maharashtrian,10:00:00,23:00:00,4.5,4044,26.77,1
2406,Ram-Munshi Restaurant,Logan Golla,15,Cafe,09:00:00,22:00:00,4.7,4438,18.65,0
2407,Pathak Inc Restaurant,Ekaraj Mall,33,Chinese,10:00:00,23:30:00,5.0,3365,15.44,0
2408,Wason LLC Restaurant,Gopal Sampath,37,Cafe,09:00:00,23:30:00,3.0,4841,23.17,1
2409,Baral Ltd Restaurant,Advaith Choudhury,26,Gujarati,08:00:00,23:00:00,4.0,520,21.04,1
2410,Malhotra-Mane Restaurant,Wridesh Kashyap,16,Street Food,09:00:00,23:30:00,4.6,1220,27.9,0
2411,Loke PLC Restaurant,Warjas Doshi,24,Cafe,08:00:00,23:00:00,4.1,711,24.88,0
2412,Nadig and Sons Restaurant,Leela Jani,12,Italian,10:00:00,23:00:00,3.7,1324,16.29,1
2413,"Badal, Dyal and Chand Restaurant",Vedika Dash,44,Desserts,10:00:00,23:00:00,3.0,2764,23.09,1
2414,Koshy Group Restaurant,Wyatt Sharaf,7,Gujarati,09:00:00,23:00:00,4.1,616,22.84,0
2415,"Gandhi, Ghose and Kannan Restaurant",Hredhaan Aggarwal,5,Maharashtrian,08:00:00,23:00:00,4.1,3761,26.32,0
2416,Morar Group Restaurant,Sanaya Kala,36,Maharashtrian,10:00:00,23:30:00,3.5,3542,24.35,1
2417,Chaudhry Inc Restaurant,Sachi Savant,35,Desserts,08:00:00,22:00:00,3.3,329,27.76,0
2418,Rajagopalan PLC Restaurant,Arin Magar,39,Punjabi,10:00:00,22:00:00,4.3,4462,21.5,1
2419,Swamy Group Restaurant,Ekanta Bail,33,Fast Food,10:00:00,22:00:00,3.6,4981,20.07,0
2420,Tripathi-Rama Restaurant,Samesh Pradhan,42,South Indian,09:00:00,23:00:00,3.9,4490,22.61,0
2421,Brahmbhatt PLC Restaurant,Om Raval,45,Gujarati,09:00:00,22:00:00,3.7,1486,18.53,1
2422,Kamdar LLC Restaurant,Nidhi Mahal,29,Burger,09:00:00,22:00:00,4.1,1549,15.39,1
2423,Mannan and Sons Restaurant,Upasna Bajwa,18,Burger,08:00:00,23:30:00,3.1,3799,22.42,1
2424,"Kohli, Bhattacharyya and Sethi Restaurant",Lopa Pai,25,Mughlai,08:00:00,23:30:00,4.1,3595,22.59,0
2425,Raj-Bahri Restaurant,Rajata Sehgal,9,Pizza,10:00:00,23:30:00,3.4,332,26.86,1
2426,Chakraborty-Sarkar Restaurant,Ijaya Karnik,44,Mughlai,08:00:00,23:00:00,4.3,1965,20.53,1
2427,Peri-Lad Restaurant,Nakul Ganguly,2,Gujarati,09:00:00,23:00:00,3.8,2738,25.28,0
2428,Varughese PLC Restaurant,Balhaar Raj,2,Gujarati,08:00:00,22:00:00,3.6,4458,17.64,1
2429,Bava-Karnik Restaurant,Nathan Chanda,24,Fast Food,09:00:00,22:00:00,4.9,3240,21.91,1
2430,"Bedi, Krishna and Buch Restaurant",Sneha Dixit,13,Chinese,09:00:00,23:30:00,3.6,2040,24.51,0
2431,Dhar-Sarin Restaurant,Quincy Karnik,44,Mughlai,10:00:00,23:30:00,4.7,3226,27.45,0
2432,Muni-Ganesan Restaurant,Vincent Chanda,13,Mughlai,10:00:00,22:00:00,3.7,1366,18.91,1
2433,"Ben, Goda and Mani Restaurant",Pallavi Ganesh,12,Mughlai,09:00:00,23:30:00,5.0,3979,17.67,1
2434,Badal and Sons Restaurant,Ekalinga Chaudhuri,25,Chinese,10:00:00,22:00:00,3.8,4846,18.32,0
2435,Gola-Walla Restaurant,Turvi Pillay,22,Mughlai,10:00:00,23:30:00,3.7,1851,27.91,0
2436,"Gola, Dua and Walla Restaurant",Yatan Anand,36,Punjabi,09:00:00,23:00:00,3.7,4031,22.78,1
2437,Garg-Magar Restaurant,Xiti Thaman,36,Pizza,08:00:00,23:30:00,3.6,4015,26.6,1
2438,Ramesh and Sons Restaurant,Chanakya Singh,17,Italian,08:00:00,22:00:00,3.6,1002,28.17,0
2439,Deo and Sons Restaurant,Arya Shere,8,Street Food,09:00:00,23:30:00,4.0,404,17.99,1
2440,Sha and Sons Restaurant,Yuvraj Edwin,38,Italian,09:00:00,22:00:00,3.2,3003,18.15,1
2441,"Basak, Bhavsar and Purohit Restaurant",Aadi Mani,6,Pizza,09:00:00,23:00:00,3.2,2705,18.03,0
2442,Wadhwa-Suri Restaurant,Netra Vohra,47,Chinese,09:00:00,23:30:00,4.8,3456,22.14,0
2443,Venkatesh-Pandya Restaurant,Zayan Viswanathan,16,Cafe,09:00:00,23:00:00,4.7,395,15.24,1
2444,Ganesan-Thakur Restaurant,Jonathan Bansal,10,Punjabi,10:00:00,22:00:00,3.6,733,15.53,1
2445,Borah PLC Restaurant,Chanchal D’Alia,12,Biryani,09:00:00,23:30:00,4.1,1019,25.44,1
2446,"Sachar, Raja and Prashad Restaurant",Kashvi Bajwa,36,North Indian,10:00:00,23:30:00,4.7,3935,15.1,1
2447,Sur-Issac Restaurant,Tanveer Saran,9,Italian,10:00:00,23:30:00,4.1,2873,21.03,0
2448,"Din, Sengupta and Dey Restaurant",Meghana Konda,22,Mughlai,09:00:00,23:00:00,3.1,2677,27.96,1
2449,Babu and Sons Restaurant,Zayyan Sur,49,Biryani,10:00:00,23:00:00,3.6,1392,17.07,1
2450,Shukla-Shroff Restaurant,Samarth Sheth,33,Pizza,10:00:00,23:30:00,3.6,2801,25.99,1
2451,Sagar Inc Restaurant,Madhav Chaudhuri,24,Cafe,09:00:00,23:30:00,4.7,2379,17.67,0
2452,Prasad-Bera Restaurant,Udyati Raju,20,Maharashtrian,08:00:00,22:00:00,4.6,3527,29.78,0
2453,"Sant, Brahmbhatt and Menon Restaurant",Yauvani Sood,9,Street Food,08:00:00,22:00:00,3.1,2533,20.59,0
2454,Srinivas Inc Restaurant,Garima Hari,38,Gujarati,08:00:00,22:00:00,4.9,1094,24.64,0
2455,Toor-Gandhi Restaurant,Harrison Dhingra,21,Desserts,09:00:00,22:00:00,3.4,2674,20.1,0
2456,"Madan, Bhasin and Bakshi Restaurant",Kamya Bajwa,34,Italian,10:00:00,23:30:00,3.9,1512,25.23,1
2457,Raval-Natt Restaurant,Idika Narain,20,Fast Food,10:00:00,23:30:00,4.2,3180,23.8,1
2458,Pillai-Behl Restaurant,Raksha Sura,10,Biryani,10:00:00,22:00:00,3.8,3633,25.79,1
2459,Varkey-Bansal Restaurant,Mitesh Purohit,42,Burger,08:00:00,23:30:00,3.0,3020,27.69,0
2460,Sarraf-Loke Restaurant,Lucky Hegde,24,Fast Food,08:00:00,22:00:00,4.1,1436,25.61,0
2461,Rajagopalan LLC Restaurant,Thomas Barman,48,Chinese,08:00:00,22:00:00,3.3,4989,17.15,0
2462,Mitter Inc Restaurant,Robert Sahota,41,Fast Food,10:00:00,22:00:00,3.1,86,28.28,0
2463,"Hari, Sahni and Doshi Restaurant",Aadhya Kade,27,Fast Food,09:00:00,22:00:00,3.4,4548,21.95,0
2464,Bhatti and Sons Restaurant,Alka Subramanian,35,Chinese,09:00:00,23:00:00,4.0,733,24.98,0
2465,Kanda Group Restaurant,Wakeeta Comar,12,Street Food,09:00:00,23:00:00,3.9,2152,26.2,1
2466,Sharaf LLC Restaurant,Upasna Kuruvilla,36,Gujarati,09:00:00,23:00:00,3.3,1287,27.94,0
2467,"Narayanan, Narain and Vyas Restaurant",Zinal Mallick,21,Chinese,10:00:00,22:00:00,4.0,3735,20.74,0
2468,"Korpal, Kara and Bains Restaurant",Vasudha Magar,47,South Indian,09:00:00,22:00:00,4.1,1508,25.77,0
2469,Upadhyay-Mital Restaurant,Nidhi Behl,42,Biryani,08:00:00,22:00:00,3.9,1781,17.97,0
2470,"Mital, Kurian and Chhabra Restaurant",Udant Kanda,37,Gujarati,10:00:00,22:00:00,4.9,259,19.89,0
2471,Shetty and Sons Restaurant,Yashasvi Patil,10,Maharashtrian,10:00:00,23:30:00,3.4,3394,28.22,0
2472,Ratta-Saini Restaurant,Chandani Bumb,47,Burger,09:00:00,23:30:00,4.7,637,24.61,0
2473,Gaba PLC Restaurant,Dominic Murthy,36,Mughlai,08:00:00,22:00:00,4.8,2683,24.8,0
2474,Sarin Group Restaurant,Mitesh Sachdeva,37,Desserts,10:00:00,22:00:00,3.6,2543,19.0,0
2475,Balasubramanian-Nath Restaurant,Jagat Morar,32,Punjabi,10:00:00,23:00:00,4.5,4059,18.28,1
2476,Sur Group Restaurant,Tanish Ravi,19,Italian,08:00:00,23:30:00,3.7,2099,23.66,1
2477,Keer-Mangat Restaurant,Nitesh Nayar,40,Punjabi,10:00:00,22:00:00,3.4,3680,24.05,1
2478,Narain PLC Restaurant,Fitan Chaudhuri,1,Chinese,10:00:00,22:00:00,3.9,1347,15.83,0
2479,Butala Ltd Restaurant,Mason Zachariah,43,Street Food,10:00:00,23:00:00,4.5,4097,25.78,0
2480,Tailor-Chanda Restaurant,Charan Agate,32,Punjabi,09:00:00,22:00:00,4.2,4593,29.19,0
2481,Goel-Bali Restaurant,Bishakha Peri,9,Chinese,08:00:00,23:30:00,4.5,827,17.02,1
2482,"Parikh, Chahal and Baria Restaurant",Dayita Narayanan,26,Punjabi,10:00:00,22:00:00,4.1,1439,15.56,0
2483,Barad PLC Restaurant,Balveer Acharya,17,Cafe,10:00:00,23:00:00,4.2,3834,22.78,1
2484,Garde Group Restaurant,Hritik Loke,23,Gujarati,08:00:00,23:30:00,4.5,3069,25.01,1
2485,"Manne, Vora and Bora Restaurant",Lakshit Bhattacharyya,12,Italian,10:00:00,23:30:00,3.8,518,26.98,0
2486,Lad-Dugar Restaurant,Watika Kapur,13,North Indian,09:00:00,23:00:00,3.5,3197,24.68,1
2487,"Mander, Balay and Ramaswamy Restaurant",Nicholas Solanki,8,Biryani,08:00:00,23:00:00,4.7,1355,29.31,0
2488,Parmer-Upadhyay Restaurant,Chaaya Rattan,2,Cafe,08:00:00,23:30:00,4.2,4827,26.24,0
2489,Keer-More Restaurant,Shivansh Khosla,6,Fast Food,08:00:00,23:00:00,3.6,4209,17.89,0
2490,Dixit-Dubey Restaurant,Fariq Bhargava,1,Maharashtrian,09:00:00,23:00:00,3.2,4881,22.5,0
2491,"Dalal, Divan and Chokshi Restaurant",Jonathan Dixit,10,Burger,08:00:00,23:30:00,3.3,1263,16.73,0
2492,"Borah, Mandal and Natarajan Restaurant",William Subramaniam,8,Desserts,10:00:00,23:30:00,4.9,3379,22.0,0
2493,Rout-Das Restaurant,Shaurya Solanki,4,South Indian,10:00:00,23:30:00,4.3,969,16.69,1
2494,"Bandi, Patla and Dugar Restaurant",Rehaan Pai,7,Chinese,08:00:00,22:00:00,3.2,281,21.7,1
2495,Bawa Inc Restaurant,Lopa Grover,43,Punjabi,10:00:00,23:00:00,4.9,1641,28.88,0
2496,Sheth-Rao Restaurant,Shivani Deol,3,Fast Food,10:00:00,22:00:00,3.9,2783,18.13,0
2497,Sami-Murty Restaurant,Abhimanyu Gala,43,Chinese,09:00:00,23:30:00,4.8,2489,26.65,0
2498,Sagar-Chander Restaurant,Gaurika Divan,10,Cafe,09:00:00,22:00:00,3.2,2350,15.34,1
2499,Dey and Sons Restaurant,Arunima Jain,41,Mughlai,08:00:00,23:00:00,4.7,4742,24.97,0
2500,"Gole, Sahni and Barad Restaurant",Jalsa Oza,10,Maharashtrian,09:00:00,23:00:00,3.3,4864,17.9,1
2501,"Pradhan, Nazareth and Agate Restaurant",Vasudha Thaker,23,Punjabi,09:00:00,22:00:00,4.6,30,27.08,0
2502,Kakar and Sons Restaurant,Yashasvi Mahal,46,Gujarati,10:00:00,23:30:00,3.7,4799,22.45,0
2503,"Raman, Wadhwa and Hegde Restaurant",Balveer Sha,50,South Indian,08:00:00,23:00:00,3.2,2276,17.86,1
2504,"Mannan, Yohannan and Shan Restaurant",Bhavani Natarajan,36,Pizza,10:00:00,23:00:00,3.8,1087,18.18,0
2505,Reddy PLC Restaurant,Urvi Sahni,17,South Indian,10:00:00,22:00:00,3.1,3967,28.95,1
2506,Kashyap-Murty Restaurant,Shivani Lanka,8,Pizza,10:00:00,22:00:00,4.0,4587,22.42,0
2507,Barad-Karnik Restaurant,Megha Lanka,11,Maharashtrian,10:00:00,22:00:00,3.9,719,21.47,0
2508,Wali and Sons Restaurant,Tristan Sengupta,27,Italian,08:00:00,22:00:00,4.7,4370,24.75,0
2509,Ranganathan Inc Restaurant,Champak Borra,22,Pizza,09:00:00,22:00:00,4.7,82,18.33,1
2510,Wason-Saha Restaurant,Yachana Mohan,3,Italian,08:00:00,22:00:00,3.0,2995,28.62,1
2511,"Behl, Taneja and Kala Restaurant",Jack Keer,32,Maharashtrian,10:00:00,23:00:00,3.7,2545,24.34,1
2512,Narasimhan-Goel Restaurant,Akshay Sanghvi,29,Maharashtrian,10:00:00,23:00:00,3.7,3502,27.65,0
2513,Narasimhan Ltd Restaurant,Varsha Bail,17,Biryani,08:00:00,22:00:00,4.7,2077,21.93,0
2514,Dayal Ltd Restaurant,Omkaar Master,8,North Indian,10:00:00,22:00:00,4.5,4232,16.84,0
2515,"Kurian, Sagar and Edwin Restaurant",Samar Gade,2,Cafe,10:00:00,23:00:00,4.1,842,21.74,1
2516,Chatterjee-Mani Restaurant,Ekapad Bose,49,South Indian,09:00:00,22:00:00,3.8,369,23.17,0
2517,Dara Inc Restaurant,Dominic Madan,47,Gujarati,09:00:00,23:00:00,3.2,4875,15.46,0
2518,Comar Group Restaurant,Jairaj Tella,22,Punjabi,08:00:00,23:00:00,3.2,4184,15.64,1
2519,"Shroff, Vaidya and Das Restaurant",Arunima Chacko,7,Italian,08:00:00,23:00:00,4.4,2740,16.2,0
2520,Chanda-Pandit Restaurant,Lipika Gulati,19,Pizza,10:00:00,23:00:00,4.0,1654,27.02,0
2521,"Krishna, Badami and Chadha Restaurant",Nicholas Dhingra,8,Punjabi,08:00:00,22:00:00,3.0,3584,17.73,1
2522,Dyal-Vig Restaurant,Varenya Panchal,29,Burger,10:00:00,23:00:00,4.2,4084,15.45,0
2523,Oak Group Restaurant,Hemang Vala,36,North Indian,09:00:00,22:00:00,5.0,1661,24.1,0
2524,Kala-Ganesh Restaurant,Veda Bhavsar,29,Street Food,09:00:00,23:00:00,4.8,3598,27.35,0
2525,"Karan, Talwar and Shankar Restaurant",Ekanta Pillay,23,Maharashtrian,08:00:00,23:30:00,3.5,1152,25.49,1
2526,Barman Inc Restaurant,Raghav Aggarwal,2,North Indian,08:00:00,23:00:00,3.8,3506,16.5,1
2527,"Pant, Badal and Pradhan Restaurant",Ojasvi Amble,41,Maharashtrian,08:00:00,22:00:00,4.6,434,21.7,1
2528,Sheth-Chada Restaurant,Gopal Verma,43,Biryani,08:00:00,23:00:00,3.1,2171,23.78,0
2529,"Dada, Deshpande and Solanki Restaurant",Harini Dar,46,Maharashtrian,10:00:00,23:30:00,4.3,2228,23.61,1
2530,"Bali, Nadig and Korpal Restaurant",Pavani Memon,16,Gujarati,10:00:00,22:00:00,3.6,1430,15.63,0
2531,Chhabra Inc Restaurant,Laksh Kuruvilla,38,Fast Food,10:00:00,23:30:00,4.6,3255,26.75,1
2532,Dua-Mand Restaurant,Nisha Borde,41,Italian,10:00:00,22:00:00,3.4,4855,21.59,0
2533,"Patla, Borde and Tara Restaurant",Charita Ray,27,Burger,10:00:00,23:30:00,4.5,856,21.16,1
2534,Bal LLC Restaurant,Qasim Chander,7,Chinese,08:00:00,23:00:00,3.6,422,22.28,1
2535,Vohra PLC Restaurant,Janani Comar,16,Italian,08:00:00,23:00:00,3.9,1747,26.05,1
2536,Lalla LLC Restaurant,Jatin Goswami,38,Maharashtrian,08:00:00,23:30:00,3.9,140,16.0,1
2537,"Kala, Brar and Kata Restaurant",Aradhana Mukhopadhyay,11,Street Food,09:00:00,23:30:00,3.3,1775,22.01,1
2538,"Buch, Mishra and Mishra Restaurant",Netra Baria,35,Desserts,08:00:00,22:00:00,3.2,469,27.62,0
2539,Salvi-Chander Restaurant,Amruta Ben,41,Cafe,10:00:00,23:30:00,3.5,4490,29.16,0
2540,Biswas Inc Restaurant,Hredhaan Sood,16,Pizza,10:00:00,23:30:00,4.5,4702,22.69,1
2541,Singh LLC Restaurant,Hredhaan Lalla,10,Street Food,08:00:00,22:00:00,5.0,203,25.96,1
2542,Kota Inc Restaurant,Om Goyal,43,Mughlai,08:00:00,22:00:00,4.9,3288,28.41,1
2543,"Chawla, Badal and Singhal Restaurant",Jonathan Gara,35,Chinese,08:00:00,22:00:00,3.9,2936,22.83,0
2544,"Upadhyay, Khare and Reddy Restaurant",Anjali Guha,37,Biryani,10:00:00,23:00:00,3.9,114,23.09,0
2545,Khanna-Bhargava Restaurant,Siddharth Rama,2,Fast Food,10:00:00,22:00:00,3.8,2643,22.1,0
2546,Wable LLC Restaurant,Laban Ravel,12,Desserts,08:00:00,23:00:00,4.1,2473,23.94,0
2547,"Sabharwal, Mani and Luthra Restaurant",Jeet Salvi,49,Gujarati,10:00:00,22:00:00,4.9,4205,28.36,1
2548,Tank-Agarwal Restaurant,Nidra Halder,11,Maharashtrian,10:00:00,23:00:00,4.1,4154,17.26,1
2549,"Kulkarni, Dave and Gour Restaurant",Yuvraj Deo,38,Gujarati,09:00:00,23:30:00,4.3,2208,15.65,1
2550,"Baria, Kashyap and Krish Restaurant",Ekbal Rana,15,Punjabi,08:00:00,23:00:00,4.8,744,26.85,1
2551,Kamdar LLC Restaurant,Aarnav Kade,8,Pizza,09:00:00,22:00:00,4.0,4540,24.63,0
2552,"Choudhry, Atwal and Sachdev Restaurant",Harita Jhaveri,32,Fast Food,10:00:00,23:30:00,4.1,1856,20.0,1
2553,Dhawan-Din Restaurant,Jyoti Nair,23,South Indian,09:00:00,23:30:00,4.6,3281,17.73,0
2554,Radhakrishnan-Venkataraman Restaurant,Sachi Jaggi,39,Street Food,09:00:00,23:30:00,4.3,3102,20.76,0
2555,"Dhingra, Jhaveri and Ramachandran Restaurant",Raghav Kibe,47,Fast Food,10:00:00,23:00:00,3.1,3731,22.68,0
2556,Suresh-Mahal Restaurant,Chandran Krishnan,5,Biryani,08:00:00,22:00:00,4.1,857,20.79,0
2557,Sant Group Restaurant,Darsh Bhasin,23,Maharashtrian,08:00:00,23:30:00,3.8,4465,23.2,0
2558,"Shanker, Viswanathan and Mann Restaurant",Odika Choudhry,33,Maharashtrian,08:00:00,23:00:00,4.1,4383,25.45,0
2559,Dhaliwal-Mander Restaurant,Peter Sandhu,40,North Indian,09:00:00,22:00:00,5.0,3257,22.19,1
2560,Solanki PLC Restaurant,Suhani Pall,39,Maharashtrian,08:00:00,23:00:00,3.0,539,16.34,0
2561,Kapur-Sengupta Restaurant,Anya Sood,14,Desserts,08:00:00,23:30:00,4.8,2053,20.37,0
2562,Madan-Dyal Restaurant,Thomas Sarma,14,Punjabi,09:00:00,22:00:00,3.5,3912,25.8,0
2563,Badal and Sons Restaurant,Leena Kanda,22,Chinese,08:00:00,22:00:00,4.8,2651,23.34,0
2564,"Upadhyay, Dhillon and Choudhary Restaurant",Kamala Vig,26,Pizza,10:00:00,22:00:00,4.8,2971,28.6,1
2565,Chaudhary-Magar Restaurant,Netra Bahri,49,Fast Food,09:00:00,22:00:00,3.5,817,21.43,0
2566,Chhabra and Sons Restaurant,Zayyan Konda,13,Punjabi,09:00:00,23:00:00,3.1,4666,21.25,0
2567,"Wagle, Goswami and Taneja Restaurant",Manthan Bahri,31,Cafe,10:00:00,23:00:00,4.8,555,26.59,0
2568,Saini-Om Restaurant,Vasana Hari,45,Fast Food,10:00:00,23:30:00,4.1,4497,24.46,0
2569,Chopra Ltd Restaurant,Pavani Krishnamurthy,26,Biryani,10:00:00,22:00:00,3.2,672,21.64,1
2570,"Magar, Iyengar and Ratti Restaurant",Gopal Rai,34,Desserts,08:00:00,22:00:00,4.7,1533,28.79,1
2571,Hayre-Konda Restaurant,Chakradev Nayar,17,Mughlai,09:00:00,23:30:00,4.3,2059,25.48,1
2572,Sinha-Khosla Restaurant,Waida Kari,45,Maharashtrian,10:00:00,23:00:00,3.6,4171,20.72,1
2573,Babu-Bose Restaurant,Laksh Kashyap,45,Street Food,08:00:00,23:00:00,3.7,2159,29.68,0
2574,Bassi-Jayaraman Restaurant,Nitara Warrior,8,South Indian,10:00:00,22:00:00,4.4,1499,15.88,1
2575,"Bora, Chauhan and Sastry Restaurant",Timothy Kala,24,Italian,10:00:00,23:00:00,4.8,384,20.27,0
2576,Prabhakar Inc Restaurant,Aahana Apte,31,South Indian,09:00:00,23:30:00,4.5,1880,27.49,1
2577,"Rege, Dara and Mand Restaurant",Shaurya Chander,14,Burger,09:00:00,22:00:00,3.8,1050,16.5,1
2578,Khalsa-Dani Restaurant,Zashil Yadav,21,Pizza,10:00:00,22:00:00,3.8,82,15.74,1
2579,"Khosla, Basu and Soni Restaurant",Oliver Ahuja,9,Fast Food,10:00:00,23:30:00,3.5,404,19.4,1
2580,Kalita-Sabharwal Restaurant,Harish Chakrabarti,25,Gujarati,09:00:00,23:30:00,4.7,3582,21.47,1
2581,"Karnik, Mall and Acharya Restaurant",Ikshita Parikh,4,Pizza,09:00:00,23:00:00,3.3,2565,19.72,1
2582,Gala-Bala Restaurant,Ansh Maharaj,32,Cafe,09:00:00,23:00:00,4.1,259,23.57,1
2583,Gera and Sons Restaurant,Chakradev Gola,50,Pizza,08:00:00,22:00:00,4.6,256,21.38,0
2584,Kadakia and Sons Restaurant,Chakrika Sharma,24,Fast Food,09:00:00,23:00:00,4.6,1529,26.56,1
2585,Sengupta and Sons Restaurant,Azad Dalal,45,Fast Food,08:00:00,22:00:00,3.8,2756,24.05,1
2586,"Jayaraman, Peri and Mistry Restaurant",Mitesh Bhatnagar,15,Street Food,08:00:00,22:00:00,4.4,3505,17.4,0
2587,Som Group Restaurant,Onveer Prasad,8,Chinese,08:00:00,23:00:00,3.4,3722,21.42,1
2588,Walia and Sons Restaurant,Ikbal Chad,45,Gujarati,09:00:00,23:00:00,3.8,2608,24.2,1
2589,Kakar Inc Restaurant,Ojasvi Chopra,2,South Indian,08:00:00,22:00:00,3.6,838,16.38,1
2590,Karnik-Ganesan Restaurant,Zinal Wali,35,Cafe,10:00:00,23:30:00,3.8,511,15.09,0
2591,"Narayan, Sethi and Dugar Restaurant",Saumya Sandal,7,Biryani,10:00:00,23:30:00,5.0,3961,25.66,0
2592,Saxena LLC Restaurant,Abha Kala,13,Desserts,08:00:00,22:00:00,4.2,2955,21.66,0
2593,"Bahri, Hayre and Ravi Restaurant",Keya Wason,18,Biryani,08:00:00,23:30:00,3.8,2175,27.79,1
2594,Chand-D’Alia Restaurant,Chatura Karpe,5,Chinese,10:00:00,22:00:00,4.8,458,18.06,1
2595,"Walla, Chowdhury and Srinivas Restaurant",Krishna Bera,15,Punjabi,09:00:00,23:00:00,3.5,2852,25.45,1
2596,"Gole, Yohannan and Kata Restaurant",Wridesh Bedi,49,Mughlai,08:00:00,23:00:00,4.1,1402,20.53,1
2597,"Borah, Khurana and Yohannan Restaurant",Harinakshi Vohra,33,Chinese,09:00:00,22:00:00,3.2,4586,25.42,0
2598,"Chander, Lad and Lal Restaurant",Laban Gokhale,33,Pizza,09:00:00,23:00:00,4.6,2218,15.71,1
2599,Sane Group Restaurant,Logan Kannan,17,Fast Food,10:00:00,23:00:00,3.6,3847,20.08,0
2600,"Chakraborty, Vasa and Divan Restaurant",Ekbal Sami,13,Desserts,08:00:00,22:00:00,3.3,1605,17.31,1
2601,"Buch, Nagy and Sharma Restaurant",Anya Nazareth,19,Cafe,10:00:00,23:30:00,4.5,4044,25.23,0
2602,Bali Inc Restaurant,Arjun Balasubramanian,29,Biryani,09:00:00,22:00:00,3.5,2424,24.68,0
2603,Naidu and Sons Restaurant,Fitan Gupta,32,Chinese,08:00:00,22:00:00,4.7,4567,23.08,0
2604,Chaudhari-Sarna Restaurant,Dakshesh Bal,5,Street Food,09:00:00,23:00:00,4.4,4467,15.91,0
2605,"Doctor, Pandit and Munshi Restaurant",Ishwar Thaman,39,Cafe,09:00:00,22:00:00,4.7,2108,19.93,0
2606,"Mann, Master and Lal Restaurant",Frederick Divan,3,Burger,10:00:00,22:00:00,3.6,4487,22.55,0
2607,"Zacharia, Sood and Mani Restaurant",Faraj Dora,18,Maharashtrian,08:00:00,23:00:00,4.7,2523,15.18,0
2608,Mani PLC Restaurant,Dipta Raghavan,33,South Indian,10:00:00,23:00:00,3.9,4158,19.3,0
2609,Baria-Tripathi Restaurant,Unni Bal,28,Pizza,08:00:00,23:00:00,3.5,2964,18.92,1
2610,Bawa Inc Restaurant,Yatan Purohit,4,Desserts,10:00:00,22:00:00,4.6,2982,25.33,1
2611,Om-Chakrabarti Restaurant,Zaitra Maharaj,39,Maharashtrian,08:00:00,23:00:00,4.4,4545,16.61,1
2612,"Doctor, Ravel and Purohit Restaurant",Warinder Sachar,16,Gujarati,10:00:00,22:00:00,3.3,3759,29.41,1
2613,Luthra PLC Restaurant,Ekanta Pingle,35,Punjabi,09:00:00,23:30:00,4.1,3506,29.82,0
2614,"Bawa, Pau and Mukherjee Restaurant",Keya Barman,49,Punjabi,10:00:00,22:00:00,3.6,2596,22.22,0
2615,"Baral, Singhal and Bera Restaurant",Sarthak Khosla,31,South Indian,09:00:00,23:00:00,4.4,2099,20.65,0
2616,Sharma-Pant Restaurant,Qasim Dass,6,Desserts,10:00:00,23:30:00,4.1,3143,25.66,0
2617,Bhat LLC Restaurant,Jason Ramanathan,18,Chinese,08:00:00,23:30:00,4.3,4872,21.74,0
2618,Wadhwa-Dash Restaurant,Advika Kuruvilla,16,Maharashtrian,08:00:00,22:00:00,5.0,4523,22.5,1
2619,"Goel, Som and Tara Restaurant",Zaitra Hari,11,Street Food,10:00:00,22:00:00,5.0,4255,28.0,0
2620,Guha-Wadhwa Restaurant,Mugdha Loyal,46,Maharashtrian,10:00:00,22:00:00,3.3,1012,15.67,0
2621,Dubey Ltd Restaurant,Lohit Ratta,1,Chinese,08:00:00,22:00:00,4.8,153,15.95,1
2622,"Merchant, Garde and Vig Restaurant",Nikita Mishra,30,Burger,09:00:00,22:00:00,3.1,264,22.62,1
2623,Bail and Sons Restaurant,Kalpit Pillay,46,Burger,08:00:00,22:00:00,4.1,2440,17.84,1
2624,"Wadhwa, Sankar and Kala Restaurant",Dayita Krishnamurthy,6,Fast Food,08:00:00,23:30:00,3.5,4550,19.34,1
2625,Shere Inc Restaurant,Bishakha Ramakrishnan,42,Italian,10:00:00,22:00:00,4.2,408,26.79,1
2626,Pant LLC Restaurant,Brijesh Grover,27,Cafe,10:00:00,23:30:00,3.3,2599,19.64,1
2627,Karnik-Pillay Restaurant,Rachit Memon,44,Cafe,08:00:00,22:00:00,3.0,158,21.86,1
2628,Bajaj Ltd Restaurant,Upma Purohit,12,North Indian,09:00:00,23:00:00,4.9,4839,20.69,0
2629,Sabharwal-Mammen Restaurant,Yochana Wali,22,North Indian,10:00:00,22:00:00,3.9,3214,21.33,0
2630,"Bajaj, Kara and Chopra Restaurant",Wyatt Tella,5,North Indian,10:00:00,23:00:00,4.8,2470,28.01,0
2631,"Gokhale, Majumdar and Narula Restaurant",Udyati Bhatia,46,Desserts,08:00:00,23:00:00,3.0,3681,23.12,0
2632,"Oak, Barad and Mann Restaurant",Bishakha Khare,26,Maharashtrian,10:00:00,23:00:00,4.5,3865,15.63,0
2633,Kalita and Sons Restaurant,Rishi Vora,24,Cafe,10:00:00,22:00:00,3.9,4511,18.03,0
2634,Murty-Das Restaurant,Tristan Dhaliwal,25,Mughlai,10:00:00,23:30:00,4.1,3339,17.39,1
2635,Chana Inc Restaurant,Unnati Dasgupta,1,Mughlai,08:00:00,23:30:00,3.9,4570,22.8,0
2636,"Bava, Issac and Khosla Restaurant",Rudra Tailor,31,Mughlai,10:00:00,23:30:00,4.3,615,20.46,1
2637,Desai Group Restaurant,Upkaar Baral,38,Burger,08:00:00,23:00:00,3.9,655,23.54,1
2638,Banerjee-Bose Restaurant,Yashasvi Taneja,2,Punjabi,10:00:00,22:00:00,3.3,732,16.99,1
2639,Ramachandran-Chandran Restaurant,Xiti Ray,30,Desserts,10:00:00,23:30:00,4.2,1550,20.7,1
2640,"Vohra, Anand and Anne Restaurant",Sathvik Bala,6,Mughlai,08:00:00,23:30:00,3.7,1160,29.11,1
2641,Chhabra LLC Restaurant,Isaac Datta,24,Pizza,10:00:00,23:00:00,4.9,984,21.91,1
2642,"Viswanathan, Arya and Konda Restaurant",Gauri Sodhi,19,Punjabi,08:00:00,23:30:00,4.5,4019,19.45,0
2643,"Tank, Lalla and Mander Restaurant",Ojasvi Aggarwal,5,South Indian,10:00:00,23:30:00,4.6,4537,17.17,0
2644,"Kala, Ramanathan and Pillai Restaurant",Krish Bhardwaj,39,Punjabi,10:00:00,23:00:00,4.9,3589,18.99,0
2645,Mukhopadhyay PLC Restaurant,Jatin Vora,10,Maharashtrian,09:00:00,23:00:00,4.0,629,21.74,1
2646,"Mangat, Chopra and Zacharia Restaurant",Upkaar Kashyap,47,Punjabi,09:00:00,23:00:00,4.8,882,27.35,1
2647,Wagle-Sood Restaurant,Avi Dewan,44,Fast Food,09:00:00,23:00:00,4.7,391,19.78,0
2648,Hayer-Garde Restaurant,Tanveer Tiwari,1,Desserts,10:00:00,22:00:00,3.3,3027,22.45,0
2649,Borah and Sons Restaurant,Anvi Nayak,46,Maharashtrian,08:00:00,23:30:00,3.1,3291,18.29,1
2650,Sahota-Bose Restaurant,Aadhya Bansal,27,Fast Food,08:00:00,23:00:00,3.3,1134,19.18,1
2651,"Menon, De and Venkatesh Restaurant",Brijesh Peri,12,Mughlai,08:00:00,23:30:00,4.2,2313,15.08,0
2652,"Bail, Nazareth and Khanna Restaurant",Megha Sangha,32,Mughlai,10:00:00,23:30:00,3.4,2164,25.76,0
2653,Batra-Venkataraman Restaurant,Jackson Dave,6,Chinese,09:00:00,22:00:00,3.8,4462,28.86,1
2654,Badami-Basak Restaurant,Christopher Venkatesh,1,Biryani,08:00:00,22:00:00,4.6,4627,24.62,0
2655,Patel Group Restaurant,Gaurang Bala,6,South Indian,10:00:00,23:00:00,4.9,1478,27.66,0
2656,Dube-Shah Restaurant,Ekani Kala,43,South Indian,09:00:00,22:00:00,3.9,377,26.16,0
2657,Gill and Sons Restaurant,Harini Parekh,29,North Indian,10:00:00,22:00:00,3.4,288,21.94,1
2658,Sani PLC Restaurant,Rajata Chopra,38,Pizza,10:00:00,22:00:00,3.0,3983,18.85,0
2659,Sundaram-Samra Restaurant,Shivansh Vohra,33,Maharashtrian,09:00:00,23:30:00,4.4,2420,18.41,0
2660,Mannan-Baria Restaurant,Wyatt Modi,37,Mughlai,09:00:00,23:00:00,4.2,4714,18.2,1
2661,"Ahluwalia, Wable and Sem Restaurant",Hema Misra,23,Chinese,10:00:00,23:00:00,3.6,3888,26.49,1
2662,Sood Ltd Restaurant,Nikita Batra,47,South Indian,10:00:00,23:30:00,4.0,1177,29.66,0
2663,Kaur Ltd Restaurant,Jeet Bera,20,Cafe,10:00:00,22:00:00,3.4,599,15.53,1
2664,Prabhakar Group Restaurant,Champak Tripathi,3,Chinese,09:00:00,23:30:00,4.3,3323,18.33,0
2665,Bhattacharyya-Mann Restaurant,Qabil Babu,5,Biryani,09:00:00,22:00:00,4.9,2968,21.57,0
2666,"Sethi, Kumer and Gandhi Restaurant",Osha Prashad,22,Desserts,08:00:00,23:00:00,4.1,3342,27.93,1
2667,"Minhas, Shan and Chakraborty Restaurant",Maanav Wason,3,Punjabi,09:00:00,23:00:00,3.4,4508,18.29,1
2668,Rajagopalan-Kothari Restaurant,Ganga Chauhan,20,Street Food,10:00:00,23:30:00,3.4,2507,29.52,1
2669,Bail-Tella Restaurant,Robert Gill,15,Burger,10:00:00,23:00:00,3.8,1149,23.1,1
2670,Chokshi and Sons Restaurant,Chaitaly Dhaliwal,22,North Indian,09:00:00,23:00:00,4.9,430,20.9,1
2671,Raval-Bhakta Restaurant,Arin Solanki,40,Pizza,09:00:00,22:00:00,3.7,3272,17.39,0
2672,Rao Ltd Restaurant,Tanvi Sahni,47,Desserts,08:00:00,23:30:00,3.1,2750,28.53,1
2673,Sathe and Sons Restaurant,Dayamai Kari,7,North Indian,09:00:00,23:30:00,4.4,245,24.99,0
2674,"Kannan, Nanda and Pathak Restaurant",Zinal Devi,15,South Indian,08:00:00,22:00:00,3.9,4177,29.12,0
2675,"Badal, Mane and Aggarwal Restaurant",Nikita Dalal,39,Gujarati,08:00:00,22:00:00,3.7,2436,25.56,1
2676,Saraf LLC Restaurant,Manan Ravi,44,Burger,08:00:00,23:30:00,4.4,1397,24.51,1
2677,"Parmer, Din and Saraf Restaurant",Girik Raja,46,Maharashtrian,09:00:00,22:00:00,3.6,2215,25.48,0
2678,"Radhakrishnan, Padmanabhan and Ray Restaurant",Tarak Aurora,44,Chinese,08:00:00,22:00:00,4.3,1512,21.57,1
2679,"Subramaniam, Sandhu and Chaudhari Restaurant",Ranveer Wadhwa,37,Pizza,08:00:00,22:00:00,3.3,3441,26.39,0
2680,Nayar-Dara Restaurant,Rehaan Loke,6,Pizza,08:00:00,23:00:00,3.4,1519,28.6,1
2681,Dixit-Khosla Restaurant,Yashodhara Magar,42,Gujarati,10:00:00,23:30:00,3.5,2803,15.48,1
2682,"Baria, Balan and Gala Restaurant",Udarsh Agarwal,3,Desserts,09:00:00,22:00:00,4.5,1586,27.67,1
2683,Varkey Group Restaurant,Lopa Bhatnagar,39,Mughlai,08:00:00,23:00:00,4.4,4852,25.11,0
2684,Dada Group Restaurant,Falan Bumb,15,Gujarati,08:00:00,22:00:00,3.0,3236,19.32,0
2685,"Hans, Natt and Bal Restaurant",Dominic Prashad,20,Cafe,10:00:00,22:00:00,3.4,4762,16.78,1
2686,"Bhalla, Mallick and Buch Restaurant",Elijah Nagy,23,Chinese,08:00:00,22:00:00,3.9,4169,24.17,1
2687,Setty Group Restaurant,Rohan Savant,5,South Indian,10:00:00,23:00:00,4.3,788,29.33,1
2688,"Sabharwal, Dhawan and Bedi Restaurant",Thomas Mammen,40,Maharashtrian,08:00:00,23:30:00,3.7,2015,28.64,1
2689,Badal-Tandon Restaurant,Saanvi Manda,10,North Indian,09:00:00,23:00:00,3.1,505,21.11,1
2690,Gaba-Bhardwaj Restaurant,Logan Rau,37,Maharashtrian,08:00:00,23:30:00,3.0,4699,21.43,0
2691,De-Devan Restaurant,Anirudh Chanda,5,Mughlai,09:00:00,23:30:00,3.9,2172,15.66,0
2692,"Swamy, Som and Rajagopalan Restaurant",Naveen Bhavsar,31,Mughlai,09:00:00,23:30:00,4.4,1804,24.93,1
2693,Bajaj-Ranganathan Restaurant,Ekalinga Hayer,20,Maharashtrian,10:00:00,23:00:00,4.7,188,15.04,1
2694,Jain Group Restaurant,Gaurav Deo,30,Burger,08:00:00,23:00:00,3.7,1805,17.41,1
2695,Parmar-Garg Restaurant,Hemani Rattan,1,South Indian,09:00:00,22:00:00,5.0,2584,18.83,1
2696,Sibal PLC Restaurant,Ucchal Anne,12,Fast Food,08:00:00,23:00:00,4.1,1525,23.73,0
2697,Gala Ltd Restaurant,Farhan Gade,43,Maharashtrian,10:00:00,22:00:00,3.4,1833,19.62,0
2698,Raghavan Inc Restaurant,Pahal Khanna,5,North Indian,10:00:00,22:00:00,4.1,3475,27.58,0
2699,"Nadkarni, Deo and Sibal Restaurant",Hemani Puri,23,Italian,08:00:00,23:30:00,4.5,4451,23.34,1
2700,Gupta and Sons Restaurant,Falan Minhas,33,Fast Food,08:00:00,22:00:00,3.3,975,16.33,1
2701,Lalla-Bawa Restaurant,Ekantika Batta,29,Italian,08:00:00,23:30:00,4.9,2326,28.45,1
2702,Randhawa LLC Restaurant,Girindra Sankar,30,Pizza,10:00:00,23:30:00,4.6,4468,21.77,0
2703,Mane-Bera Restaurant,Siya Jayaraman,6,Chinese,10:00:00,23:30:00,4.2,3489,19.68,1
2704,"Krishna, Chaudry and Rao Restaurant",Hritik Dhar,3,Italian,08:00:00,23:00:00,4.3,1487,26.96,0
2705,Tata-Varghese Restaurant,Rachit Borde,30,Pizza,09:00:00,23:30:00,3.4,2115,21.93,1
2706,Edwin Ltd Restaurant,Vyanjana Yadav,2,Punjabi,10:00:00,22:00:00,3.0,3664,16.72,1
2707,Chaudry Ltd Restaurant,Advika Venkataraman,11,Italian,10:00:00,23:30:00,3.0,1568,21.47,0
2708,Garg-Oak Restaurant,Raksha Kaur,7,Gujarati,10:00:00,23:30:00,4.3,573,20.29,0
2709,Kata-Zacharia Restaurant,Ishwar Varma,34,Maharashtrian,09:00:00,23:30:00,3.0,3018,23.48,1
2710,Nagar Group Restaurant,Hamsini Karnik,7,Cafe,08:00:00,23:30:00,3.9,4407,20.57,0
2711,"Sengupta, Bajaj and Tailor Restaurant",Neha Dani,47,Maharashtrian,09:00:00,23:30:00,4.5,3873,17.51,0
2712,Sridhar-Bhat Restaurant,Watika Keer,25,Mughlai,10:00:00,22:00:00,4.4,2802,28.76,1
2713,Vasa-Din Restaurant,Janya Agate,35,Cafe,10:00:00,23:30:00,4.7,570,23.21,1
2714,Zachariah-Dhawan Restaurant,Onveer Gole,39,Chinese,10:00:00,23:30:00,4.0,1432,27.06,1
2715,Palla LLC Restaurant,Gabriel Ramaswamy,22,Street Food,09:00:00,22:00:00,4.3,4229,17.07,1
2716,"Pau, Aurora and Nayak Restaurant",Henry Lanka,11,North Indian,08:00:00,22:00:00,4.1,2432,23.05,0
2717,Doctor-Bora Restaurant,Elijah Dewan,9,Gujarati,08:00:00,22:00:00,3.5,2292,19.18,1
2718,Rao-Shan Restaurant,Amrita Keer,42,Italian,10:00:00,22:00:00,4.8,4319,26.22,0
2719,Mani-Babu Restaurant,Jonathan Barad,27,Pizza,10:00:00,23:30:00,4.4,103,25.1,0
2720,Bandi-Karpe Restaurant,Zashil Tripathi,9,North Indian,10:00:00,22:00:00,5.0,2289,29.06,0
2721,De-Misra Restaurant,Yauvani Bhatti,15,Desserts,08:00:00,22:00:00,4.4,4099,20.39,0
2722,"Chad, Mander and Palan Restaurant",Yashica Shankar,45,Street Food,08:00:00,22:00:00,3.7,1608,15.62,0
2723,Sastry Inc Restaurant,Praneel Keer,33,South Indian,09:00:00,23:00:00,4.8,3355,18.8,0
2724,"Ratti, Sem and Ramakrishnan Restaurant",Rohan Zacharia,1,Gujarati,08:00:00,23:00:00,4.4,4893,18.46,1
2725,"Grover, Bal and Seth Restaurant",Lajita Brahmbhatt,30,Biryani,09:00:00,23:00:00,4.8,806,24.17,0
2726,"Bhatt, Shenoy and Talwar Restaurant",Leena Doctor,9,Cafe,08:00:00,23:30:00,3.0,1346,29.86,0
2727,"Sarin, Tiwari and Tank Restaurant",Kai Nagarajan,27,Gujarati,10:00:00,23:30:00,3.1,2465,20.67,0
2728,"Hayre, Tak and Barad Restaurant",Aadi Rastogi,11,Maharashtrian,10:00:00,23:30:00,3.4,258,18.96,1
2729,"Grewal, Khanna and Pillay Restaurant",Amruta Balan,5,Maharashtrian,09:00:00,23:00:00,3.3,4668,16.22,0
2730,"Patel, Ramakrishnan and Raj Restaurant",Tanmayi Barad,8,Burger,09:00:00,22:00:00,4.0,3025,21.09,1
2731,Dash and Sons Restaurant,Patrick Oommen,27,Desserts,09:00:00,23:00:00,4.9,352,20.75,1
2732,Loyal-Krishnamurthy Restaurant,Maya Sharma,10,South Indian,10:00:00,23:30:00,4.6,2985,20.43,1
2733,"Ramesh, Hayre and Dey Restaurant",Chaitaly Grewal,38,Fast Food,09:00:00,23:00:00,4.3,3632,29.48,1
2734,"Koshy, Deol and Walia Restaurant",Mahika Kapadia,13,Gujarati,09:00:00,23:30:00,4.5,1860,23.51,1
2735,Chauhan LLC Restaurant,Nitesh Lad,1,Fast Food,10:00:00,23:30:00,3.8,3736,17.85,0
2736,Narang and Sons Restaurant,Vasudha Gokhale,25,Chinese,09:00:00,22:00:00,3.2,1223,18.84,1
2737,Ramachandran-Ganesh Restaurant,Netra Kant,43,Chinese,10:00:00,23:00:00,4.9,4564,25.43,1
2738,"Kapadia, Oza and Wagle Restaurant",Harsh Kapoor,44,Chinese,08:00:00,23:30:00,4.0,4224,24.54,0
2739,"Cherian, Raman and Pingle Restaurant",Atharv Suri,35,Punjabi,09:00:00,23:30:00,4.9,823,26.1,1
2740,"Lall, Raju and Nair Restaurant",Ekani Sura,10,Gujarati,08:00:00,23:30:00,3.6,713,24.87,1
2741,"Mani, Lal and Kapur Restaurant",Rishi Mohan,17,Italian,08:00:00,23:30:00,3.7,1981,28.31,1
2742,"Dar, Vala and Borde Restaurant",Vasana Sule,30,Chinese,09:00:00,23:30:00,3.1,4375,18.54,0
2743,Batta and Sons Restaurant,Warinder Luthra,17,Italian,08:00:00,23:30:00,3.5,664,25.6,1
2744,Chadha LLC Restaurant,Meera Mohanty,43,Mughlai,09:00:00,23:00:00,3.1,2207,20.55,1
2745,Nanda LLC Restaurant,Hritik Narain,50,Punjabi,09:00:00,23:30:00,4.1,2220,22.49,1
2746,Jain-Chhabra Restaurant,Oscar Pau,26,Maharashtrian,10:00:00,23:30:00,4.6,2217,25.83,1
2747,"Kala, Saini and Soni Restaurant",Wazir Sandhu,13,Pizza,08:00:00,23:00:00,3.7,3888,29.87,1
2748,Nadig-Bath Restaurant,Amaira Doctor,26,Burger,10:00:00,23:30:00,4.6,3151,29.43,0
2749,"Chopra, Mander and Chahal Restaurant",Irya Goel,28,Italian,09:00:00,22:00:00,3.2,2831,19.28,0
2750,Rajagopal-Wadhwa Restaurant,Urvashi Bhasin,35,Punjabi,08:00:00,23:30:00,3.7,2529,22.62,1
2751,"Deep, Sridhar and Ahuja Restaurant",Jalsa Dayal,12,Cafe,09:00:00,23:30:00,3.3,3060,23.64,1
2752,Varkey PLC Restaurant,Neelima Gaba,20,Desserts,09:00:00,22:00:00,3.2,1982,15.2,1
2753,Narayanan PLC Restaurant,Omaja Bhardwaj,9,Italian,09:00:00,23:30:00,4.2,992,18.99,1
2754,Toor-Sagar Restaurant,Riya Mammen,8,Street Food,09:00:00,22:00:00,5.0,2189,24.76,0
2755,Ganesh-Devi Restaurant,Geetika Uppal,16,Cafe,08:00:00,23:00:00,4.6,2485,26.65,1
2756,Mammen-Nori Restaurant,Januja Nadig,14,Punjabi,08:00:00,23:00:00,4.1,1822,24.87,1
2757,"Mani, Gokhale and Thakkar Restaurant",Daksha Dani,15,South Indian,10:00:00,22:00:00,3.1,1019,22.44,1
2758,Sangha LLC Restaurant,Laban Ahuja,11,Chinese,08:00:00,22:00:00,3.7,4517,21.7,1
2759,Basak and Sons Restaurant,Kashish Karpe,21,Chinese,08:00:00,23:00:00,4.6,2308,26.09,0
2760,"Kata, Bora and Khalsa Restaurant",Jack Nanda,28,Street Food,10:00:00,23:00:00,3.5,4100,15.73,1
2761,Biswas-Joshi Restaurant,Ekiya Oak,13,Gujarati,08:00:00,23:30:00,4.9,227,25.37,1
2762,Bandi-Vig Restaurant,Pavani Gopal,22,Street Food,10:00:00,22:00:00,3.4,3663,21.94,0
2763,"Chaudhry, Mander and Mitter Restaurant",Zinal Vohra,37,Burger,09:00:00,23:30:00,3.6,1562,17.92,0
2764,"Rajagopal, Raju and Swaminathan Restaurant",Xalak Kapadia,8,Fast Food,08:00:00,23:30:00,4.7,2945,27.23,1
2765,Sen-Sastry Restaurant,Odika Doctor,35,South Indian,08:00:00,23:00:00,3.7,4272,24.87,0
2766,"Ahuja, Dayal and Peri Restaurant",Jyoti Mani,3,North Indian,08:00:00,23:00:00,4.7,1479,25.94,0
2767,Boase PLC Restaurant,Oscar Cherian,20,Chinese,09:00:00,23:00:00,4.3,1616,16.8,0
2768,"Deol, Gupta and Bhatnagar Restaurant",Ryan Dhar,39,Fast Food,08:00:00,23:30:00,4.4,1031,26.54,0
2769,"Amble, Mody and Chanda Restaurant",Krishna Anand,49,Burger,10:00:00,23:30:00,4.4,4069,29.9,0
2770,Venkatesh and Sons Restaurant,Adweta Suri,13,South Indian,08:00:00,23:00:00,4.2,2895,25.64,1
2771,Jani Ltd Restaurant,Hemani Bajwa,12,Street Food,10:00:00,22:00:00,4.2,1547,23.63,1
2772,"Gandhi, Sinha and Raval Restaurant",Tamanna Goel,16,Pizza,08:00:00,23:30:00,3.7,2905,27.41,0
2773,Palla Group Restaurant,Ekani Lad,16,Chinese,08:00:00,22:00:00,4.3,3646,18.4,0
2774,"Patil, Lata and Sule Restaurant",Ladli Dubey,34,Maharashtrian,10:00:00,22:00:00,3.0,2998,27.79,0
2775,"Bali, Nanda and Dhar Restaurant",Yasti Setty,23,Italian,08:00:00,22:00:00,3.8,733,22.61,0
2776,Khosla-Chaudry Restaurant,Chatresh Gopal,31,Burger,08:00:00,22:00:00,4.1,3781,15.68,0
2777,"Sarraf, Dara and Singh Restaurant",Dev Shankar,25,Maharashtrian,09:00:00,22:00:00,4.5,1317,27.45,0
2778,"Kale, Issac and Savant Restaurant",Quincy Balakrishnan,25,North Indian,08:00:00,22:00:00,4.0,1297,20.95,1
2779,Gopal-Gera Restaurant,Tanish Sabharwal,42,Desserts,10:00:00,22:00:00,4.8,4593,25.17,0
2780,Chaudhuri Ltd Restaurant,Eta Borra,46,South Indian,09:00:00,23:30:00,4.6,3581,28.85,1
2781,"Mitter, Keer and Dhawan Restaurant",Ojas Nair,35,Desserts,09:00:00,23:00:00,4.0,2676,21.64,1
2782,"Patla, Konda and Zachariah Restaurant",Ekaja Morar,9,Chinese,08:00:00,22:00:00,5.0,1271,17.12,0
2783,Sahni-Das Restaurant,Ubika Tailor,46,Mughlai,08:00:00,23:30:00,3.2,4996,19.38,0
2784,Edwin Group Restaurant,Yug Bahri,23,Mughlai,10:00:00,23:30:00,4.1,1528,17.68,1
2785,"Natarajan, Lal and Kulkarni Restaurant",Jackson Gole,26,North Indian,09:00:00,22:00:00,4.6,2785,18.17,0
2786,Sarna-Agate Restaurant,Owen Sarraf,25,Italian,10:00:00,23:30:00,4.0,2024,16.0,0
2787,Edwin Inc Restaurant,Yatin Sidhu,35,North Indian,09:00:00,23:00:00,4.4,4048,19.14,0
2788,"Tank, Chowdhury and Kala Restaurant",Eta Devi,1,Biryani,10:00:00,23:00:00,3.5,4598,29.25,0
2789,"Venkataraman, Kibe and De Restaurant",Ayaan Chaudhari,42,Mughlai,09:00:00,22:00:00,3.0,607,18.3,1
2790,Patla Group Restaurant,Raghav Ghose,12,Burger,10:00:00,22:00:00,4.0,2369,24.96,0
2791,Basu LLC Restaurant,Udyati Venkataraman,37,Desserts,10:00:00,23:00:00,4.3,3183,15.95,1
2792,"Toor, Sarma and Palla Restaurant",Kashish Varkey,31,North Indian,09:00:00,23:00:00,3.5,615,26.99,0
2793,Goyal-Khalsa Restaurant,Darsh Baria,24,South Indian,09:00:00,23:30:00,3.5,654,23.49,1
2794,Badal LLC Restaurant,Warinder Rama,22,Burger,09:00:00,22:00:00,4.1,768,23.64,1
2795,"Bumb, Nagi and Choudhary Restaurant",Ekalinga Palan,38,Italian,10:00:00,23:00:00,3.9,4088,20.37,0
2796,Kade Ltd Restaurant,Arin Dixit,4,Biryani,08:00:00,22:00:00,3.0,1402,21.52,0
2797,"Ganesh, Pall and Bajwa Restaurant",Chavvi Issac,43,North Indian,08:00:00,23:30:00,4.7,4084,16.44,0
2798,Malhotra-Vaidya Restaurant,Dakshesh Hegde,10,Fast Food,08:00:00,22:00:00,4.1,3542,28.59,1
2799,Sagar Group Restaurant,Shivansh Tata,30,Mughlai,10:00:00,23:30:00,3.9,317,23.5,1
2800,Contractor and Sons Restaurant,Chanakya Dora,14,South Indian,08:00:00,23:00:00,4.0,3983,18.47,0
2801,"Doshi, D’Alia and Johal Restaurant",Jacob Sharma,9,Biryani,10:00:00,23:00:00,4.3,251,21.91,1
2802,Shukla-Dewan Restaurant,Ishwar Chakraborty,45,Maharashtrian,10:00:00,23:30:00,4.2,4482,21.31,0
2803,Chowdhury Group Restaurant,Henry Dayal,41,Street Food,08:00:00,23:30:00,4.4,2549,18.05,0
2804,Barman Inc Restaurant,Sanya Deshpande,41,Cafe,09:00:00,23:00:00,3.6,272,29.31,1
2805,"Oza, Wadhwa and Sarma Restaurant",Rudra Kala,12,Italian,08:00:00,22:00:00,3.1,1011,23.79,1
2806,Memon PLC Restaurant,Raagini Rai,2,Cafe,09:00:00,23:00:00,4.6,2250,29.9,1
2807,Joshi-Yadav Restaurant,Praneel Shah,19,Biryani,08:00:00,23:30:00,3.1,1169,21.31,1
2808,"Mitra, Verma and Chawla Restaurant",Baghyawati Goda,26,Fast Food,09:00:00,23:30:00,4.3,3585,22.45,1
2809,Chana LLC Restaurant,Megha Vohra,37,Biryani,10:00:00,23:00:00,4.8,749,21.3,0
2810,Nazareth Inc Restaurant,Krish Doctor,25,Street Food,09:00:00,23:00:00,4.4,296,18.85,1
2811,"Mangat, Prashad and Dave Restaurant",Rishi Peri,3,North Indian,09:00:00,22:00:00,3.7,1827,22.05,0
2812,Rai-Bhatti Restaurant,Tanish Pai,38,Punjabi,09:00:00,23:00:00,4.1,1547,29.44,1
2813,Taneja Inc Restaurant,Veer Setty,6,South Indian,10:00:00,23:30:00,4.3,1145,23.54,1
2814,Dhar LLC Restaurant,Panini Parmer,15,Pizza,08:00:00,22:00:00,4.4,4882,21.99,0
2815,"Narain, Zacharia and Peri Restaurant",Damyanti De,12,Pizza,09:00:00,22:00:00,3.3,1339,21.94,0
2816,Bala LLC Restaurant,Nachiket Bal,28,Fast Food,08:00:00,22:00:00,4.7,2395,28.74,1
2817,Subramaniam Inc Restaurant,Jatin Pathak,40,Burger,09:00:00,23:00:00,3.8,3580,18.72,1
2818,"Edwin, Srinivas and Kashyap Restaurant",Arunima Bhasin,49,Fast Food,09:00:00,23:30:00,3.4,2128,26.78,1
2819,Bhat Group Restaurant,Raagini Sandhu,40,South Indian,09:00:00,23:30:00,4.9,4845,18.67,0
2820,"Bains, Sachar and Kari Restaurant",Jonathan Manda,46,Desserts,09:00:00,23:00:00,4.2,2355,18.4,1
2821,"Chhabra, Oommen and Nagarajan Restaurant",Nathan Amble,27,Fast Food,08:00:00,23:30:00,4.5,4618,17.57,0
2822,Mangal Inc Restaurant,Daniel Dash,4,Maharashtrian,09:00:00,23:30:00,3.8,4979,25.84,0
2823,Patil Group Restaurant,Siya Pillay,37,Gujarati,10:00:00,23:30:00,4.5,4299,23.74,1
2824,Morar-Bhattacharyya Restaurant,Saanvi Pall,7,Italian,08:00:00,22:00:00,4.9,4697,21.68,0
2825,Mane-Sandal Restaurant,Yatin Krishnamurthy,45,Chinese,08:00:00,23:00:00,4.5,3943,19.9,1
2826,Cherian-Devan Restaurant,Triya Saraf,13,Fast Food,10:00:00,23:30:00,4.6,3055,20.05,0
2827,Choudhry Inc Restaurant,Jagat Varkey,50,Chinese,08:00:00,22:00:00,3.0,2492,19.17,1
2828,Barad and Sons Restaurant,Nitara Karpe,20,Burger,08:00:00,22:00:00,4.4,1850,23.5,0
2829,Sengupta Group Restaurant,Gautam Suresh,10,Street Food,10:00:00,23:00:00,3.2,960,18.06,1
2830,Sampath PLC Restaurant,Agastya Varughese,22,Desserts,09:00:00,23:00:00,4.1,4893,20.87,1
2831,Peri Group Restaurant,Manbir Balasubramanian,38,Pizza,10:00:00,23:30:00,4.7,38,23.33,1
2832,"Chokshi, Oommen and Bhat Restaurant",Frado Hayre,6,Street Food,10:00:00,23:30:00,3.4,583,18.92,1
2833,"Basak, Rege and Sethi Restaurant",Yatin Bhagat,36,Fast Food,08:00:00,23:00:00,4.4,3268,20.82,0
2834,Karnik-Natarajan Restaurant,Champak Mani,5,Italian,10:00:00,23:30:00,3.7,1696,19.45,0
2835,Wali-Majumdar Restaurant,Charita Iyengar,13,Desserts,09:00:00,22:00:00,4.9,1131,15.5,0
2836,Gill-Comar Restaurant,Aryan Badal,13,Fast Food,09:00:00,23:00:00,3.4,3350,18.12,0
2837,"Saran, Gopal and Palla Restaurant",Sanya Sandhu,2,Fast Food,08:00:00,23:30:00,3.9,4766,21.24,1
2838,"Sanghvi, Kulkarni and Taneja Restaurant",Samarth Dara,35,Desserts,08:00:00,22:00:00,4.1,2590,25.66,0
2839,"Ahluwalia, Nath and Issac Restaurant",Neha Dugar,37,Desserts,09:00:00,23:00:00,4.5,430,17.29,0
2840,Kumar-Sarkar Restaurant,Rajeshri Dixit,42,Gujarati,09:00:00,23:00:00,4.8,547,21.99,0
2841,Pandit PLC Restaurant,Wridesh Devi,3,Fast Food,08:00:00,23:00:00,3.1,1890,23.05,1
2842,"Soman, Bahl and Balay Restaurant",Amaira Rau,4,Chinese,08:00:00,23:30:00,4.2,2316,21.33,1
2843,Sandal-Chaudhry Restaurant,Ganga Bakshi,12,Biryani,09:00:00,23:30:00,4.7,1326,17.98,0
2844,Dada Inc Restaurant,Vedika Sibal,34,Chinese,10:00:00,22:00:00,3.0,153,17.02,1
2845,Krishnan Inc Restaurant,Adweta Keer,37,South Indian,08:00:00,22:00:00,4.8,1901,15.33,0
2846,"Bir, Madan and Aggarwal Restaurant",Zaid Bhatti,17,Burger,09:00:00,23:00:00,3.1,1026,25.05,1
2847,Gera-Basak Restaurant,Yachana Barad,30,Pizza,08:00:00,23:00:00,4.7,1183,26.64,1
2848,"Mishra, Taneja and Rana Restaurant",Udarsh Bhattacharyya,49,Desserts,09:00:00,22:00:00,4.8,484,17.6,1
2849,Sheth PLC Restaurant,Jai Sachdeva,14,North Indian,08:00:00,22:00:00,4.8,4785,23.34,1
2850,Master-Chaudry Restaurant,Lavanya Chaudhary,32,Chinese,08:00:00,22:00:00,3.4,1099,15.7,1
2851,Kalita Group Restaurant,Chandran Sundaram,30,South Indian,10:00:00,23:30:00,4.6,154,16.36,0
2852,Lata-Kothari Restaurant,Owen Naidu,11,Gujarati,08:00:00,23:00:00,3.1,3078,15.88,1
2853,Goswami-Kade Restaurant,Ishaan Sehgal,17,Gujarati,10:00:00,23:00:00,4.5,852,27.48,1
2854,Bhavsar Ltd Restaurant,Noah Sankar,42,Gujarati,10:00:00,23:00:00,3.6,2153,21.21,0
2855,"Dewan, Bal and Kala Restaurant",Charan Varma,17,North Indian,09:00:00,23:00:00,4.3,1882,23.05,1
2856,Zachariah-Garg Restaurant,Gaurav Roy,10,Cafe,10:00:00,23:00:00,4.3,2801,22.59,0
2857,Dutt Ltd Restaurant,Aashi Chandran,12,Chinese,09:00:00,23:30:00,3.1,4811,26.73,1
2858,"Chacko, Keer and Pingle Restaurant",Manan Choudhury,25,Burger,10:00:00,23:00:00,4.4,4174,25.87,0
2859,Saxena Inc Restaurant,Yashoda Balasubramanian,16,Biryani,08:00:00,23:30:00,3.4,4717,26.54,0
2860,Rastogi LLC Restaurant,Lakshit Dyal,12,South Indian,08:00:00,22:00:00,3.2,406,16.79,1
2861,Seth LLC Restaurant,Ria Tripathi,33,North Indian,08:00:00,23:30:00,3.7,4548,21.24,0
2862,Sarma-Apte Restaurant,David Bal,43,Street Food,08:00:00,23:00:00,4.7,3990,19.37,0
2863,Zachariah-Batra Restaurant,Urvi Nagarajan,41,Street Food,08:00:00,23:30:00,3.3,868,23.82,1
2864,Chander-Gole Restaurant,Lajita Chada,45,Pizza,08:00:00,23:30:00,3.6,916,22.41,0
2865,Rau-Chand Restaurant,Nakul Vaidya,12,Chinese,09:00:00,23:00:00,4.5,2066,18.3,1
2866,Madan-Gandhi Restaurant,Yamini Dora,12,Chinese,08:00:00,23:00:00,4.7,1245,17.17,1
2867,Ramanathan-Sood Restaurant,Amara Bassi,12,Burger,10:00:00,23:00:00,4.4,2155,23.87,1
2868,"Pant, Karnik and Dalal Restaurant",Gaurang Sampath,13,Street Food,08:00:00,23:30:00,4.5,4440,27.25,0
2869,Pant Group Restaurant,Warda Kothari,19,Fast Food,09:00:00,23:00:00,4.8,171,19.57,1
2870,Sura LLC Restaurant,Gauri Purohit,33,Maharashtrian,10:00:00,23:00:00,3.0,3826,15.31,0
2871,Chhabra-Sharma Restaurant,Qabil Master,1,Desserts,09:00:00,23:30:00,4.4,4177,25.27,0
2872,"Bath, Sama and Mandal Restaurant",Leela Kothari,40,Cafe,09:00:00,22:00:00,4.6,3691,22.45,0
2873,"Lanka, Sanghvi and Bal Restaurant",Sneha Vaidya,26,Burger,10:00:00,23:30:00,3.4,4916,26.12,1
2874,Doshi-Bhattacharyya Restaurant,Advay Dua,15,Fast Food,08:00:00,23:00:00,4.8,3904,19.78,0
2875,"Nigam, Chaudry and Raju Restaurant",Nathaniel Parekh,11,Street Food,09:00:00,23:30:00,3.3,3447,16.21,1
2876,"Kibe, Ray and Maharaj Restaurant",Aadi Thakkar,23,Mughlai,08:00:00,22:00:00,4.6,1116,15.42,1
2877,"Kapadia, Lata and Warrior Restaurant",Yachana Kari,37,Punjabi,08:00:00,22:00:00,4.2,978,16.07,1
2878,"Barman, Sarin and Devan Restaurant",Megha Srinivasan,14,North Indian,08:00:00,23:30:00,3.6,4784,21.03,1
2879,Vyas Group Restaurant,Pavani Bains,16,Biryani,10:00:00,23:30:00,4.6,3367,17.59,1
2880,"Bhatnagar, Chakraborty and Mital Restaurant",Tanish Chowdhury,43,Cafe,08:00:00,22:00:00,3.9,642,20.03,1
2881,"Kothari, Parmar and Gade Restaurant",Nikita Chokshi,40,Mughlai,08:00:00,23:30:00,4.3,2802,16.46,0
2882,Kala Group Restaurant,Aadi Om,47,South Indian,08:00:00,23:30:00,4.1,351,15.65,0
2883,Kothari Inc Restaurant,Ekani Vaidya,46,Desserts,08:00:00,22:00:00,4.6,705,17.65,0
2884,Rattan LLC Restaurant,Noah Parsa,7,Desserts,08:00:00,22:00:00,3.7,2445,22.67,0
2885,Mittal-Tandon Restaurant,Adweta Dash,46,Pizza,10:00:00,22:00:00,4.7,4471,21.26,1
2886,"Chatterjee, Sanghvi and Nadkarni Restaurant",Reyansh Mann,26,Fast Food,08:00:00,22:00:00,4.5,918,22.96,1
2887,Bala-Saha Restaurant,Dev Singhal,36,Mughlai,08:00:00,23:00:00,3.6,2523,26.25,0
2888,"Sule, Bhattacharyya and Varty Restaurant",Aarna Yohannan,3,Cafe,09:00:00,22:00:00,4.1,4136,28.73,1
2889,"Barman, Agate and Rattan Restaurant",Maanav Chatterjee,29,Gujarati,10:00:00,23:00:00,3.5,2589,22.81,1
2890,Buch-Savant Restaurant,Odika Varughese,41,Burger,09:00:00,23:00:00,4.5,992,23.94,0
2891,Kara LLC Restaurant,Meera Puri,14,Fast Food,10:00:00,22:00:00,3.2,1174,25.72,1
2892,Sami-Yohannan Restaurant,Meghana Sarraf,10,Chinese,08:00:00,22:00:00,3.4,2523,25.35,0
2893,Toor-Raj Restaurant,Gautam Narang,19,Chinese,10:00:00,23:00:00,4.1,943,19.22,1
2894,Lal-Murthy Restaurant,Indrajit Dash,33,Street Food,10:00:00,23:30:00,4.7,757,22.07,1
2895,"Deshmukh, Gole and Bhardwaj Restaurant",Jalsa Koshy,10,Desserts,09:00:00,23:30:00,4.2,2294,23.63,0
2896,"Raj, Basu and Panchal Restaurant",Ekavir Som,42,Chinese,10:00:00,23:30:00,3.4,4521,15.3,0
2897,Sami Ltd Restaurant,Utkarsh Yogi,28,Burger,09:00:00,22:00:00,4.5,1397,25.59,0
2898,"Rana, Johal and Sama Restaurant",Yuvraj Roy,1,Pizza,08:00:00,23:30:00,3.3,2777,17.9,1
2899,"Dass, Chaudhry and Varma Restaurant",Falak Pradhan,13,Desserts,08:00:00,22:00:00,3.6,400,19.9,0
2900,"Bhalla, Raghavan and Sunder Restaurant",Chandran Bakshi,18,Italian,10:00:00,22:00:00,4.1,35,29.03,0
2901,"Mitra, Deshpande and Misra Restaurant",Praneel Batta,27,Desserts,10:00:00,22:00:00,4.3,4644,26.51,0
2902,Puri-Prashad Restaurant,Radhika Sankar,4,Biryani,09:00:00,23:30:00,4.4,1363,27.34,1
2903,Roy-Bedi Restaurant,Rajata Lala,16,Desserts,08:00:00,22:00:00,4.7,1714,28.23,1
2904,Atwal LLC Restaurant,Pallavi Patla,44,Cafe,08:00:00,22:00:00,4.6,3358,28.5,0
2905,Savant-Oak Restaurant,Shravya Morar,33,Pizza,10:00:00,22:00:00,4.8,4462,28.7,1
2906,Kant-Handa Restaurant,Pavani De,12,Burger,09:00:00,22:00:00,3.5,4543,19.57,0
2907,Pingle LLC Restaurant,Lakshmi De,1,South Indian,08:00:00,22:00:00,4.3,1304,18.02,0
2908,"Gour, Sahota and Nayar Restaurant",Chatura Chopra,46,Maharashtrian,08:00:00,22:00:00,4.3,4182,25.97,0
2909,Natt-Palan Restaurant,Chatresh Andra,23,Street Food,08:00:00,23:00:00,4.5,538,22.93,1
2910,"Sandal, Dyal and Grover Restaurant",Parth Doshi,46,Cafe,10:00:00,23:30:00,3.0,3970,22.4,0
2911,Golla-Seth Restaurant,Vanya Som,42,North Indian,09:00:00,23:30:00,4.4,4787,17.51,0
2912,Rattan-Desai Restaurant,Ekalinga Ramakrishnan,42,Desserts,09:00:00,22:00:00,4.5,1063,22.01,1
2913,Chawla Inc Restaurant,Avni Chaudhry,27,South Indian,09:00:00,23:30:00,4.4,2906,29.55,1
2914,Pradhan PLC Restaurant,Zansi Rama,38,Desserts,10:00:00,23:30:00,3.5,2468,20.25,1
2915,Ahuja PLC Restaurant,Hritik Som,12,Punjabi,10:00:00,22:00:00,5.0,1254,25.52,1
2916,"Varty, Randhawa and Srivastava Restaurant",Joshua Hayre,24,Punjabi,09:00:00,23:30:00,3.8,1419,24.17,1
2917,Ghose PLC Restaurant,Sachi Arya,37,Desserts,08:00:00,22:00:00,3.6,1692,19.62,0
2918,Sehgal-Deshmukh Restaurant,Adya Gala,22,Pizza,08:00:00,23:30:00,3.5,3584,24.42,0
2919,"Sandal, Borra and Din Restaurant",Nitesh Bera,49,Biryani,10:00:00,23:00:00,4.8,4765,27.92,0
2920,Wadhwa LLC Restaurant,Varenya Oommen,29,Fast Food,10:00:00,23:00:00,3.3,3395,21.35,1
2921,Sani LLC Restaurant,Chanakya Shenoy,5,Cafe,09:00:00,23:30:00,4.2,3988,15.32,0
2922,"Palla, Ganguly and Pillay Restaurant",Yoshita Gill,36,Cafe,10:00:00,23:00:00,3.6,4099,18.82,1
2923,Datta-Dasgupta Restaurant,Yahvi Nair,44,Maharashtrian,10:00:00,23:00:00,3.8,636,29.3,0
2924,Pathak-Loyal Restaurant,Azad Sanghvi,39,Cafe,10:00:00,23:00:00,3.2,3805,18.64,1
2925,Mody-Pillai Restaurant,Unni Nigam,34,Gujarati,09:00:00,22:00:00,3.8,4783,23.05,0
2926,"Dhingra, Hegde and Bose Restaurant",Logan Hari,25,Fast Food,10:00:00,23:30:00,3.1,2395,19.74,0
2927,Sem LLC Restaurant,Frado Seshadri,43,Gujarati,10:00:00,23:00:00,4.8,2696,29.47,0
2928,Rao-Jhaveri Restaurant,Chaaya Ganesan,3,Chinese,09:00:00,22:00:00,4.9,340,20.95,1
2929,Gara-Balasubramanian Restaurant,Ladli Gara,36,Maharashtrian,08:00:00,22:00:00,4.7,1487,19.06,1
2930,Soman LLC Restaurant,Darsh Bhavsar,23,Mughlai,08:00:00,22:00:00,3.0,4440,23.6,0
2931,"Ram, Koshy and Barman Restaurant",Falguni Hayer,43,Cafe,08:00:00,23:00:00,4.0,4450,23.27,1
2932,Raju PLC Restaurant,Ekta Thakur,17,Desserts,10:00:00,22:00:00,4.1,3427,29.76,0
2933,Loke PLC Restaurant,Ganga Karpe,1,Chinese,09:00:00,23:00:00,4.8,407,15.01,0
2934,Arora-Banik Restaurant,Yutika Biswas,44,Pizza,10:00:00,23:00:00,4.5,3323,16.53,1
2935,"Randhawa, Sastry and Som Restaurant",Yoshita Bhavsar,42,Italian,08:00:00,23:00:00,3.8,815,23.37,0
2936,Pai-Gera Restaurant,Aachal Kumar,29,Mughlai,10:00:00,23:00:00,3.9,4685,15.78,1
2937,"Parsa, Lal and Lala Restaurant",Chatresh Wali,47,Street Food,08:00:00,23:30:00,3.2,3887,17.43,0
2938,Warrior LLC Restaurant,Vaishnavi Kalla,2,South Indian,10:00:00,22:00:00,3.9,1026,15.71,1
2939,Chhabra-Aurora Restaurant,Wridesh Dasgupta,19,Fast Food,09:00:00,22:00:00,4.2,374,20.9,1
2940,Yadav Group Restaurant,Libni Sandal,43,Pizza,09:00:00,23:30:00,4.8,3303,27.28,1
2941,"Wable, Varkey and Dubey Restaurant",Damini Murty,11,Fast Food,08:00:00,23:00:00,3.3,1052,16.75,1
2942,Deol-Srinivas Restaurant,Anusha Sengupta,40,Maharashtrian,09:00:00,23:00:00,3.3,3505,26.52,0
2943,"Devan, Kulkarni and Puri Restaurant",Balhaar Chakraborty,12,South Indian,10:00:00,22:00:00,3.7,1785,28.98,1
2944,"Zachariah, Raj and Krishnan Restaurant",Amrita Deo,29,Cafe,08:00:00,23:00:00,4.0,3955,28.51,1
2945,Kara PLC Restaurant,Nicholas Verma,35,Fast Food,10:00:00,23:00:00,3.7,1845,24.01,1
2946,Khanna PLC Restaurant,Matthew Chowdhury,11,South Indian,08:00:00,23:30:00,3.5,70,22.34,0
2947,"Tata, Balan and Ramanathan Restaurant",Shivansh Gera,9,Fast Food,09:00:00,23:30:00,3.7,852,17.49,0
2948,"Varma, Bawa and Kala Restaurant",Madhav Dara,1,Punjabi,08:00:00,23:00:00,3.3,1534,29.2,0
2949,Dada Inc Restaurant,Victor Gill,46,Cafe,09:00:00,22:00:00,4.8,1192,24.5,1
2950,Babu Inc Restaurant,Triya Saraf,32,Chinese,09:00:00,23:00:00,4.1,4489,25.97,1
2951,Contractor-Bath Restaurant,Yashoda Srivastava,36,Pizza,10:00:00,23:30:00,3.6,2680,17.56,1
2952,"Raju, Dara and Apte Restaurant",Chakrika Gulati,11,Gujarati,09:00:00,22:00:00,4.4,2581,16.52,0
2953,Rajagopal-Chander Restaurant,David Keer,33,Pizza,09:00:00,23:00:00,4.2,3695,16.0,1
2954,"Mann, Nagar and Kohli Restaurant",Yashvi Batta,4,Mughlai,10:00:00,22:00:00,3.7,4929,16.39,1
2955,Majumdar-Sama Restaurant,Robert Murty,30,Fast Food,09:00:00,23:00:00,3.5,3019,24.58,1
2956,Rege-Mutti Restaurant,Bakhshi Aggarwal,50,Chinese,09:00:00,23:00:00,4.7,2443,16.68,1
2957,Badal Group Restaurant,Qabil Aggarwal,8,Pizza,10:00:00,23:00:00,4.4,4698,21.89,1
2958,Mallick-Narayan Restaurant,Raksha Borde,19,Desserts,10:00:00,22:00:00,3.1,1915,22.32,0
2959,Bahri-Batra Restaurant,Rachita Ramakrishnan,15,Italian,08:00:00,23:30:00,3.4,701,28.11,0
2960,Luthra-Chanda Restaurant,Agastya Ramaswamy,45,Italian,08:00:00,23:30:00,4.0,4942,29.71,1
2961,Mistry-Chadha Restaurant,Umang Manda,3,Mughlai,09:00:00,23:30:00,4.1,1454,27.18,0
2962,Sekhon PLC Restaurant,Harish Rastogi,23,Cafe,08:00:00,23:00:00,4.1,1628,15.14,1
2963,"Luthra, Singh and Barman Restaurant",Jhalak Hayer,12,Pizza,10:00:00,22:00:00,3.6,1021,21.68,1
2964,Saini-Jain Restaurant,Lohit Purohit,27,Pizza,10:00:00,22:00:00,4.9,1874,22.24,0
2965,"Ravel, Dutta and Rama Restaurant",Alexander Wable,7,Mughlai,10:00:00,22:00:00,3.7,3938,17.82,1
2966,Zacharia Group Restaurant,Urmi Wadhwa,25,Biryani,08:00:00,23:30:00,4.0,3123,29.0,1
2967,"Sundaram, Bora and Patla Restaurant",Kamala Sanghvi,38,Street Food,08:00:00,23:00:00,3.4,3264,17.05,1
2968,Patil Group Restaurant,Suhani Purohit,25,Gujarati,09:00:00,23:00:00,4.9,2817,15.79,0
2969,Khalsa and Sons Restaurant,Gagan Deo,45,North Indian,08:00:00,22:00:00,4.1,4559,20.1,0
2970,Parmer-Sha Restaurant,Lajita Aurora,37,North Indian,10:00:00,22:00:00,4.7,2808,17.46,0
2971,Brar-Ahluwalia Restaurant,Liam Bora,35,Maharashtrian,09:00:00,23:30:00,4.0,2375,17.55,1
2972,Patel-Nayak Restaurant,Jacob Sharma,25,Fast Food,10:00:00,23:30:00,4.6,2457,24.29,1
2973,Shan-Mannan Restaurant,Lakshit Sura,38,Pizza,09:00:00,22:00:00,4.1,3058,27.36,1
2974,Rajan-Goyal Restaurant,Gopal Dhillon,22,Gujarati,10:00:00,23:30:00,3.7,4279,16.9,0
2975,Chanda-Rau Restaurant,Rajata Lata,38,North Indian,08:00:00,22:00:00,3.1,4802,21.94,0
2976,Gaba and Sons Restaurant,Gaurika Vala,9,Fast Food,10:00:00,23:30:00,3.4,3721,28.48,1
2977,"Borde, Sengupta and Bera Restaurant",Jeevika Lata,1,Street Food,09:00:00,23:30:00,4.1,2171,28.88,0
2978,Cheema PLC Restaurant,Chaaya Pradhan,18,Cafe,08:00:00,23:00:00,4.0,1329,22.85,1
2979,Bath-Nagar Restaurant,Yashasvi Date,34,South Indian,08:00:00,22:00:00,4.5,263,18.15,1
2980,Dhaliwal and Sons Restaurant,Watika Acharya,49,Burger,10:00:00,22:00:00,4.6,4755,18.69,1
2981,"Badami, Bawa and Bhatnagar Restaurant",Theodore Oommen,35,South Indian,09:00:00,23:00:00,4.2,205,26.07,0
2982,Maharaj-Bera Restaurant,Onveer Kakar,7,Biryani,09:00:00,23:30:00,3.1,2605,17.22,1
2983,Mallick Group Restaurant,Yahvi Gaba,28,Maharashtrian,08:00:00,22:00:00,4.6,3081,16.34,1
2984,"Narang, Mammen and Ahluwalia Restaurant",Gaurav Sunder,48,Mughlai,10:00:00,22:00:00,4.5,3826,29.42,0
2985,"Varughese, Goswami and Dyal Restaurant",Sneha Khosla,50,Desserts,10:00:00,23:00:00,3.4,3252,15.3,0
2986,Deshpande Group Restaurant,Lopa Prakash,8,Maharashtrian,08:00:00,23:30:00,3.2,2056,29.38,0
2987,Subramaniam Inc Restaurant,Indali Bhargava,37,Biryani,09:00:00,22:00:00,4.3,2601,20.24,0
2988,D’Alia PLC Restaurant,Aarav Gokhale,47,Burger,08:00:00,23:30:00,3.1,4370,19.92,0
2989,Chopra-Chadha Restaurant,Quincy Sane,33,Punjabi,08:00:00,22:00:00,3.6,519,28.19,1
2990,Bassi Ltd Restaurant,Utkarsh Sastry,14,Punjabi,09:00:00,22:00:00,3.8,2831,28.99,1
2991,Deshpande and Sons Restaurant,Bachittar Shere,14,Burger,09:00:00,22:00:00,4.8,666,18.26,1
2992,Sani PLC Restaurant,Alexander Agrawal,33,Punjabi,10:00:00,23:00:00,4.1,1732,20.3,0
2993,Kunda-Chadha Restaurant,Falak Memon,46,North Indian,10:00:00,23:00:00,4.1,3544,16.36,1
2994,Dhaliwal PLC Restaurant,Odika Kala,29,Gujarati,08:00:00,22:00:00,4.3,3180,27.31,0
2995,Padmanabhan-Deep Restaurant,Arya Sodhi,38,Biryani,10:00:00,22:00:00,3.7,967,16.52,1
2996,Sachdev Ltd Restaurant,Yutika Dhaliwal,16,Burger,10:00:00,23:30:00,3.1,1117,27.57,0
2997,Jain-Mukhopadhyay Restaurant,Tanay Bobal,31,Biryani,08:00:00,23:00:00,3.1,1317,23.17,1
2998,Kuruvilla LLC Restaurant,Mitesh Pandey,50,Gujarati,09:00:00,23:00:00,3.0,2062,19.42,0
2999,"Rau, Kapadia and Goswami Restaurant",Upadhriti Minhas,25,Cafe,09:00:00,23:00:00,3.1,3396,16.15,0
3000,Parsa Group Restaurant,Wyatt Nazareth,40,Punjabi,09:00:00,23:00:00,4.3,1697,20.02,1
3001,Salvi PLC Restaurant,Nidra Mahajan,27,Desserts,09:00:00,22:00:00,5.0,1039,15.56,0
3002,"Saran, Barad and Sanghvi Restaurant",Rishi Kanda,9,Biryani,08:00:00,22:00:00,3.5,4006,21.3,1
3003,"Krishnamurthy, Mistry and Thakur Restaurant",Chavvi Goel,9,Street Food,10:00:00,22:00:00,3.5,2143,25.15,1
3004,Kari-Raja Restaurant,Nidra Devi,8,Mughlai,10:00:00,22:00:00,4.2,1751,28.9,1
3005,"Batta, Narayanan and Natt Restaurant",Sanaya Sawhney,37,Cafe,08:00:00,23:00:00,4.0,2150,25.43,0
3006,Bedi-Ramaswamy Restaurant,Saumya Nayak,37,Chinese,08:00:00,23:30:00,4.1,2299,29.08,1
3007,Buch-Patla Restaurant,Nathaniel Jha,49,Fast Food,09:00:00,23:00:00,3.2,1962,27.47,1
3008,"Goswami, Andra and Bandi Restaurant",Ekta Chhabra,35,Punjabi,09:00:00,22:00:00,4.7,1029,21.8,0
3009,Tak Ltd Restaurant,Ayaan Chaudry,2,Gujarati,09:00:00,23:30:00,4.9,1001,26.83,1
3010,Chaudhry Inc Restaurant,Turvi Tripathi,18,Cafe,10:00:00,22:00:00,3.4,1726,23.86,0
3011,Chandran-Bahl Restaurant,Falguni Merchant,33,Biryani,08:00:00,23:30:00,3.9,2962,29.43,0
3012,"Saxena, Ramachandran and Bhagat Restaurant",Om Bajwa,47,Italian,08:00:00,23:00:00,3.6,3910,21.74,1
3013,Prabhakar-Kaur Restaurant,Amrita Chacko,7,Italian,10:00:00,22:00:00,4.2,943,29.13,1
3014,"Goel, Acharya and Butala Restaurant",Qabil Sarma,13,Mughlai,10:00:00,23:00:00,4.9,1546,23.17,1
3015,Parikh-Bhargava Restaurant,Nakul Sahni,9,Pizza,09:00:00,22:00:00,4.9,2166,16.02,0
3016,"Bedi, Brar and Nagarajan Restaurant",Geetika Kala,15,Street Food,08:00:00,23:30:00,3.1,2937,21.75,0
3017,"Goswami, Palan and Lad Restaurant",Harinakshi Balay,1,Fast Food,09:00:00,22:00:00,3.0,4072,25.34,1
3018,Mandal-Bassi Restaurant,Harish Savant,7,Maharashtrian,08:00:00,22:00:00,3.5,1987,27.6,0
3019,"Halder, Dayal and Sheth Restaurant",Irya Pau,4,Maharashtrian,09:00:00,23:30:00,4.2,829,29.32,0
3020,"Bala, Kashyap and Bhatti Restaurant",Aditya Ramaswamy,10,Cafe,09:00:00,23:30:00,4.9,250,23.81,1
3021,Kalita-Modi Restaurant,Samar Dani,10,Punjabi,09:00:00,23:00:00,4.7,4724,21.1,0
3022,Mall LLC Restaurant,Azad Kala,12,Pizza,08:00:00,23:00:00,4.7,1200,17.78,0
3023,Bath-Toor Restaurant,Devansh Bora,17,Desserts,10:00:00,23:30:00,4.3,1432,21.29,0
3024,"Mital, Chandra and Kant Restaurant",Owen Parmer,35,Desserts,10:00:00,22:00:00,3.1,2522,20.74,1
3025,Kohli-Prakash Restaurant,Manan Bath,7,Punjabi,09:00:00,22:00:00,3.1,118,17.24,1
3026,Rama-Bobal Restaurant,Daniel Reddy,29,Punjabi,10:00:00,22:00:00,3.1,1260,26.69,0
3027,Arya-Bahl Restaurant,Priya Bhargava,39,Pizza,08:00:00,23:00:00,4.8,3412,25.82,0
3028,Ram Ltd Restaurant,Vansha Lall,37,Pizza,08:00:00,23:00:00,4.9,4799,15.47,1
3029,Khurana Group Restaurant,Jeremiah Kamdar,30,Biryani,10:00:00,23:00:00,3.1,804,22.42,0
3030,"Hari, Mani and Mohanty Restaurant",Umang Bail,22,Cafe,10:00:00,22:00:00,3.1,3799,18.24,1
3031,Ramaswamy Group Restaurant,Krishna Dugar,6,Italian,08:00:00,23:30:00,3.9,1332,16.4,0
3032,Narang-Anand Restaurant,Naveen Pall,35,Desserts,09:00:00,23:30:00,3.1,4192,22.09,0
3033,Bora Group Restaurant,Ladli Munshi,42,Burger,09:00:00,22:00:00,3.4,224,27.06,1
3034,De-Raman Restaurant,Bhavika Cherian,21,Desserts,10:00:00,23:00:00,4.5,936,29.98,0
3035,Yogi-Kumar Restaurant,Darsh Grover,37,Chinese,10:00:00,22:00:00,3.9,71,21.82,1
3036,"Doctor, Kanda and Kant Restaurant",Ganga Chandran,16,Burger,08:00:00,22:00:00,4.7,2490,19.4,0
3037,Aurora Ltd Restaurant,Balveer Sama,12,Pizza,08:00:00,22:00:00,4.3,146,17.16,0
3038,"Batra, Parekh and Konda Restaurant",Odika Uppal,14,Street Food,10:00:00,23:00:00,4.5,1182,29.32,0
3039,Kibe-Atwal Restaurant,Jackson Chakrabarti,38,Fast Food,09:00:00,23:30:00,4.6,3906,28.25,1
3040,Ramaswamy-Sawhney Restaurant,Laban Ahuja,40,North Indian,08:00:00,23:30:00,3.4,2912,19.74,0
3041,Natt-Shan Restaurant,Shravya Naik,9,Biryani,09:00:00,22:00:00,4.3,4957,27.28,0
3042,"Grewal, Chahal and Garg Restaurant",Devika Ganesh,44,Chinese,09:00:00,23:00:00,4.7,2961,23.77,1
3043,Batra-Kashyap Restaurant,Oni Gola,8,Burger,08:00:00,22:00:00,3.2,4730,25.01,1
3044,Dhaliwal Group Restaurant,Irya Verma,35,Maharashtrian,08:00:00,22:00:00,4.6,4447,28.21,1
3045,Brahmbhatt LLC Restaurant,Ubika Bakshi,47,Maharashtrian,10:00:00,23:00:00,3.5,4574,21.42,1
3046,"Date, Agarwal and Saxena Restaurant",Gavin Padmanabhan,9,Italian,09:00:00,23:00:00,5.0,99,22.5,1
3047,Kara Ltd Restaurant,Pratyush Gulati,20,Biryani,09:00:00,22:00:00,4.0,1910,21.57,0
3048,Ganguly-Chaudhary Restaurant,Ekansh Pandit,37,South Indian,10:00:00,22:00:00,4.0,4666,16.96,1
3049,"Dash, Vig and Suresh Restaurant",Jasmit Chandra,20,North Indian,08:00:00,23:00:00,4.1,4354,29.0,0
3050,Cherian-Choudhury Restaurant,Siddharth Wason,26,Maharashtrian,10:00:00,23:30:00,3.3,1636,26.78,0
3051,Natarajan-Bumb Restaurant,Ubika Singhal,18,Mughlai,09:00:00,23:30:00,3.9,3698,29.17,0
3052,Chandra Group Restaurant,Chandresh Nori,33,Chinese,08:00:00,22:00:00,4.1,4343,21.15,1
3053,Srinivas PLC Restaurant,Ekalinga Prashad,28,Chinese,08:00:00,23:30:00,4.7,1397,15.99,0
3054,"Dubey, Trivedi and Srinivasan Restaurant",Yashodhara Majumdar,13,Punjabi,10:00:00,23:00:00,4.4,1235,27.99,1
3055,Mukhopadhyay-Bera Restaurant,Yoshita Devi,22,North Indian,08:00:00,22:00:00,3.0,188,15.27,1
3056,Sood and Sons Restaurant,Chatura Goel,16,Cafe,09:00:00,23:30:00,4.4,3323,21.8,0
3057,"Kala, Menon and Yadav Restaurant",Veer Deshmukh,40,North Indian,08:00:00,23:30:00,4.0,4674,29.99,0
3058,"Dugal, Bhargava and Krishnan Restaurant",Arunima Mallick,17,South Indian,09:00:00,22:00:00,3.0,776,20.77,0
3059,Mallick-Kakar Restaurant,Imaran Bhatti,16,Chinese,10:00:00,23:00:00,3.4,3761,26.13,1
3060,Parsa-Hayre Restaurant,Jonathan Arya,48,Punjabi,10:00:00,22:00:00,3.8,4458,26.93,1
3061,Banik Ltd Restaurant,Chandresh Malhotra,20,Mughlai,08:00:00,23:30:00,3.9,2133,20.83,0
3062,"Dixit, Kanda and Deep Restaurant",Reva Tank,4,North Indian,10:00:00,23:30:00,4.0,1815,18.74,0
3063,Datta-Chauhan Restaurant,Kashish Hari,7,Punjabi,08:00:00,23:00:00,3.2,807,22.85,0
3064,De PLC Restaurant,Omisha Nayak,21,South Indian,10:00:00,23:30:00,4.1,3045,25.41,1
3065,Ray LLC Restaurant,Ronith Agate,33,Chinese,10:00:00,23:00:00,3.3,168,17.84,1
3066,"Bhandari, Padmanabhan and Kashyap Restaurant",Tanmayi Sharaf,43,North Indian,08:00:00,23:00:00,3.4,1979,19.17,1
3067,Rao-Char Restaurant,Kevin Bobal,2,Biryani,09:00:00,23:00:00,4.9,4994,23.96,1
3068,"Bajaj, Edwin and Chakraborty Restaurant",Ethan Singh,38,Street Food,10:00:00,23:00:00,4.7,3558,21.62,0
3069,Radhakrishnan-Baria Restaurant,Tejas Dar,7,North Indian,10:00:00,22:00:00,3.5,151,27.15,0
3070,Lall and Sons Restaurant,Ekalinga Ram,45,Mughlai,08:00:00,22:00:00,4.3,4225,21.7,1
3071,Gaba-Dora Restaurant,Samaksh Dani,1,Chinese,09:00:00,22:00:00,3.1,2859,22.51,0
3072,Sur-Atwal Restaurant,Jeevika Ravi,32,Fast Food,10:00:00,23:00:00,4.8,3850,18.41,1
3073,"Pillay, Sahni and Ramaswamy Restaurant",Banjeet Rajagopal,41,Italian,09:00:00,23:00:00,3.3,1840,20.17,1
3074,Ramesh and Sons Restaurant,Yauvani Ramesh,2,North Indian,09:00:00,22:00:00,3.3,795,29.89,0
3075,Pathak-Bhasin Restaurant,Bhavini Kumar,36,Punjabi,09:00:00,22:00:00,4.1,3449,29.07,0
3076,Bansal-Sastry Restaurant,Mahika Hegde,41,Pizza,09:00:00,23:30:00,3.0,3276,16.72,0
3077,"Mohan, Gulati and Kar Restaurant",Hemangini Anand,4,Biryani,10:00:00,22:00:00,3.4,2186,21.4,0
3078,Puri-Ganesh Restaurant,Ranveer Dayal,4,South Indian,08:00:00,23:30:00,3.5,1194,21.87,0
3079,Rajan and Sons Restaurant,Jacob Chakrabarti,6,Punjabi,10:00:00,22:00:00,3.4,1061,23.52,1
3080,Din-Kumer Restaurant,Nirja Devan,5,Pizza,08:00:00,22:00:00,3.1,2186,29.2,1
3081,"Oza, Nagi and Lata Restaurant",Harrison Varma,1,Biryani,10:00:00,23:00:00,3.9,2683,18.37,1
3082,"Baral, Walla and Tailor Restaurant",Nikita Divan,20,Burger,10:00:00,22:00:00,4.9,2522,24.83,0
3083,"Khatri, Mukhopadhyay and Chad Restaurant",Adya Kannan,29,Burger,08:00:00,23:30:00,3.6,226,16.61,0
3084,Nigam and Sons Restaurant,Baghyawati Sharma,22,Italian,08:00:00,23:00:00,4.0,1699,29.46,1
3085,Pau Ltd Restaurant,Janya Wali,32,Desserts,08:00:00,23:00:00,3.5,4593,29.42,0
3086,Kar and Sons Restaurant,Samaksh Banerjee,32,Burger,10:00:00,22:00:00,3.3,2623,26.35,0
3087,"Khosla, Brahmbhatt and Brar Restaurant",Xalak Ravi,30,Gujarati,08:00:00,23:00:00,3.9,51,22.64,1
3088,Prakash Ltd Restaurant,Kala Sibal,46,Cafe,09:00:00,23:00:00,4.9,3298,29.29,0
3089,"Ramakrishnan, Luthra and Tata Restaurant",Sudiksha Ratti,18,South Indian,10:00:00,23:00:00,4.8,3368,27.78,1
3090,"Loyal, Nayak and Iyengar Restaurant",Wriddhish Sarkar,33,Desserts,09:00:00,23:30:00,3.6,3846,27.45,0
3091,Sodhi-Madan Restaurant,Libni Thakkar,38,North Indian,10:00:00,22:00:00,3.7,319,21.19,0
3092,Bhatt-Sankar Restaurant,Avni Date,33,Fast Food,10:00:00,23:30:00,4.0,2488,29.6,0
3093,Goel LLC Restaurant,Kala Bains,16,Pizza,09:00:00,22:00:00,3.6,2536,25.89,1
3094,"Anand, Natarajan and Mohan Restaurant",Harita Goyal,36,Chinese,08:00:00,22:00:00,3.2,3565,27.65,1
3095,Dhar-Naidu Restaurant,Lakshmi Ranganathan,11,Pizza,09:00:00,23:30:00,4.6,160,29.55,1
3096,Sekhon-Gopal Restaurant,Wriddhish Arya,19,Gujarati,08:00:00,22:00:00,3.2,4059,26.61,0
3097,Majumdar-Deshpande Restaurant,Jhalak Dani,34,Chinese,09:00:00,22:00:00,3.0,3534,18.5,0
3098,Golla-Rajan Restaurant,Bhavika Ben,22,Gujarati,10:00:00,23:00:00,4.0,4138,27.09,0
3099,"Lanka, Hayre and Kota Restaurant",Ojasvi Dada,34,Mughlai,09:00:00,23:30:00,4.6,4417,15.35,1
3100,Nadig-More Restaurant,Daksh Sethi,26,Fast Food,08:00:00,23:00:00,4.7,845,29.89,0
3101,"Sachar, Kannan and Shankar Restaurant",Hemang Badami,6,Chinese,09:00:00,23:00:00,3.4,2305,16.23,0
3102,Walla Ltd Restaurant,Warhi Wali,16,Desserts,08:00:00,22:00:00,4.4,437,19.66,1
3103,Ganesh-Dhar Restaurant,Fariq Pillay,1,Desserts,08:00:00,23:00:00,3.3,4158,20.78,0
3104,"Sekhon, Chanda and Mand Restaurant",Naksh Kadakia,13,Chinese,08:00:00,23:30:00,3.4,4891,21.7,0
3105,Mammen-Goda Restaurant,Yashasvi Sharma,6,South Indian,09:00:00,22:00:00,4.9,1739,19.47,1
3106,Loke-Tara Restaurant,Isaiah Tank,8,Italian,08:00:00,23:30:00,4.0,830,23.85,1
3107,Gade Ltd Restaurant,Nirja Om,49,Gujarati,10:00:00,23:00:00,3.1,879,28.27,1
3108,"Divan, Kapadia and Saxena Restaurant",Sneha Deo,10,Cafe,09:00:00,23:30:00,4.4,437,25.83,1
3109,"Sani, Ratta and Naik Restaurant",Raghav Hayer,7,Maharashtrian,10:00:00,23:00:00,4.7,3842,27.32,1
3110,Aggarwal-Choudhury Restaurant,David Batra,24,Street Food,08:00:00,23:30:00,3.2,1707,29.37,1
3111,"Parikh, Dua and Sarna Restaurant",Aryan Pillai,15,Pizza,10:00:00,22:00:00,4.4,205,22.09,0
3112,Venkataraman-Bath Restaurant,Aryan Doshi,36,Mughlai,10:00:00,23:00:00,4.0,48,22.08,1
3113,Gokhale-Dave Restaurant,Dayamai Grewal,39,Cafe,08:00:00,23:30:00,3.5,937,29.18,0
3114,Sheth-Hayer Restaurant,Pavani Bala,28,North Indian,10:00:00,23:30:00,4.0,3870,29.64,0
3115,"Mitra, Karan and Dasgupta Restaurant",Mitali Wadhwa,9,Street Food,08:00:00,23:30:00,4.2,4837,24.51,1
3116,"Chadha, Talwar and Gala Restaurant",Rushil Dara,17,Biryani,09:00:00,22:00:00,4.1,3994,20.08,0
3117,Radhakrishnan PLC Restaurant,Indali Dube,3,Biryani,09:00:00,23:30:00,4.7,77,17.73,1
3118,"Raman, Goda and Bala Restaurant",Vedhika Koshy,36,North Indian,10:00:00,23:30:00,4.4,3021,26.77,1
3119,Datta-Prakash Restaurant,Tanay Keer,33,North Indian,08:00:00,22:00:00,4.3,2421,17.91,0
3120,Gara and Sons Restaurant,Utkarsh Gupta,14,Street Food,09:00:00,22:00:00,3.3,1015,20.86,0
3121,"Ghosh, Agarwal and Mani Restaurant",Urvi Kapadia,25,Maharashtrian,10:00:00,23:00:00,4.1,3754,18.89,1
3122,Kar-Dayal Restaurant,Pallavi Sane,2,Burger,09:00:00,23:30:00,4.4,563,21.55,0
3123,Tripathi LLC Restaurant,Upasna Ranganathan,16,Maharashtrian,09:00:00,23:30:00,4.5,1183,16.34,0
3124,Bawa PLC Restaurant,Chakradev Vaidya,48,South Indian,09:00:00,23:00:00,4.6,3201,16.09,1
3125,Ramachandran PLC Restaurant,Jai Tiwari,1,Italian,08:00:00,23:00:00,3.1,4301,26.5,0
3126,Iyengar Group Restaurant,Hardik Atwal,19,Desserts,08:00:00,23:30:00,4.5,941,24.3,0
3127,Dash-Dugal Restaurant,Harish Pandya,37,Chinese,09:00:00,23:30:00,4.7,4143,15.99,0
3128,"Kapadia, Goswami and Chakraborty Restaurant",Radhika Lala,1,Fast Food,08:00:00,23:30:00,3.9,631,27.21,1
3129,"Kuruvilla, Rau and Sridhar Restaurant",Ekta Savant,15,North Indian,08:00:00,22:00:00,3.7,603,20.66,1
3130,Deep-Dhillon Restaurant,Tarak Dua,49,Cafe,10:00:00,23:30:00,5.0,2402,21.06,0
3131,Edwin Ltd Restaurant,Hitesh Master,15,Gujarati,10:00:00,23:00:00,3.5,4525,16.36,0
3132,Dube-Pal Restaurant,Qarin Gokhale,21,North Indian,08:00:00,23:00:00,4.8,3465,18.89,0
3133,"Pandya, Ravel and Bhandari Restaurant",Qadim Nazareth,32,Mughlai,10:00:00,23:00:00,4.7,1021,19.8,0
3134,Prabhu Ltd Restaurant,Lopa Kibe,36,Pizza,09:00:00,23:30:00,4.5,930,17.05,0
3135,"Srinivas, Konda and Bhavsar Restaurant",Christopher Magar,29,Street Food,09:00:00,23:00:00,4.6,1117,18.51,1
3136,Swamy-Majumdar Restaurant,Warinder Ahuja,49,Maharashtrian,09:00:00,23:30:00,3.2,2987,18.89,1
3137,Murty-Karnik Restaurant,Jairaj Naik,41,North Indian,10:00:00,23:30:00,3.9,1880,26.02,0
3138,Arya Ltd Restaurant,Thomas Rajan,10,Fast Food,09:00:00,23:00:00,4.5,3049,26.58,1
3139,Rattan Ltd Restaurant,Yashoda Mangat,50,Biryani,09:00:00,22:00:00,3.1,549,21.62,0
3140,"Rastogi, Karnik and Solanki Restaurant",Libni Bhatnagar,30,Italian,08:00:00,23:30:00,3.9,2982,20.76,1
3141,Malhotra-Soni Restaurant,Janaki Nagar,49,Gujarati,09:00:00,23:30:00,5.0,1903,22.22,0
3142,Bora-Ghosh Restaurant,Jyoti Chadha,14,South Indian,09:00:00,23:00:00,3.6,1889,22.95,0
3143,Loyal-Bora Restaurant,Hema Narayan,29,Fast Food,08:00:00,23:00:00,4.0,2676,25.59,0
3144,Magar-Badal Restaurant,Keya Kakar,25,North Indian,08:00:00,23:30:00,3.3,2146,26.56,1
3145,"Nagi, Seshadri and Taneja Restaurant",Qasim Bhasin,44,Mughlai,09:00:00,22:00:00,4.8,1543,23.33,1
3146,Acharya-Devan Restaurant,Zehaan Ganguly,3,Biryani,09:00:00,23:00:00,3.5,104,21.68,1
3147,Dutt-Aurora Restaurant,Watika Char,44,Italian,08:00:00,23:00:00,4.9,1711,29.15,0
3148,Chakraborty and Sons Restaurant,Ethan Jaggi,47,Mughlai,09:00:00,23:00:00,3.8,1153,20.37,0
3149,"Kohli, Sani and Raval Restaurant",Sudiksha Ravi,14,Street Food,10:00:00,23:00:00,4.4,3912,24.11,1
3150,Virk Group Restaurant,Ethan Gala,43,Punjabi,08:00:00,23:00:00,4.0,4307,29.9,0
3151,Swaminathan-Sule Restaurant,Fariq Goyal,12,North Indian,10:00:00,23:00:00,4.6,1947,18.9,1
3152,Sarma Ltd Restaurant,Ayaan Sharma,2,Gujarati,10:00:00,23:30:00,4.5,3905,18.0,1
3153,Wali-Warrior Restaurant,Osha Pandey,48,South Indian,09:00:00,23:30:00,4.7,3534,29.27,0
3154,Johal Ltd Restaurant,Samaksh D’Alia,21,Italian,10:00:00,23:30:00,4.5,3390,21.75,1
3155,"Chand, Raja and Narasimhan Restaurant",Raghav Balasubramanian,33,Maharashtrian,09:00:00,23:00:00,4.4,2840,18.82,1
3156,"Natt, Gopal and Kaul Restaurant",Maanav Bath,5,Maharashtrian,10:00:00,22:00:00,3.5,4336,18.9,0
3157,Dara PLC Restaurant,Indira Bajwa,31,Italian,09:00:00,23:30:00,4.7,3750,25.93,0
3158,Sunder-Radhakrishnan Restaurant,Barkha Shan,4,Punjabi,08:00:00,22:00:00,4.9,1226,22.23,0
3159,Srinivasan-Amble Restaurant,Aarav Dey,49,South Indian,09:00:00,23:00:00,4.3,4034,21.39,0
3160,Shetty-Randhawa Restaurant,Dayamai Saran,32,South Indian,09:00:00,22:00:00,3.1,2432,17.36,1
3161,Rattan-Mishra Restaurant,Shivani More,8,Fast Food,09:00:00,23:30:00,3.8,4553,18.49,1
3162,Saini and Sons Restaurant,Idika Sandhu,12,South Indian,09:00:00,23:30:00,3.0,4808,27.85,0
3163,"Bandi, Kurian and Narayanan Restaurant",Arin Ray,12,North Indian,08:00:00,23:30:00,3.8,4678,26.92,0
3164,Pandit LLC Restaurant,Upma Issac,7,Street Food,09:00:00,22:00:00,4.4,2220,22.43,0
3165,Raju LLC Restaurant,Quincy Shetty,4,Burger,10:00:00,22:00:00,4.7,3711,21.97,0
3166,Brar-Choudhary Restaurant,Laksh Rai,14,Cafe,08:00:00,23:00:00,4.8,3670,28.31,0
3167,Nagi and Sons Restaurant,Kamala Shukla,22,Gujarati,08:00:00,22:00:00,3.6,1644,18.13,1
3168,"Anand, Gola and Pillai Restaurant",Imaran Edwin,30,Chinese,09:00:00,23:00:00,3.8,1853,27.79,1
3169,"Dyal, Shere and Sachdev Restaurant",Pooja Mistry,11,Maharashtrian,09:00:00,23:00:00,3.9,1999,28.74,0
3170,Brar LLC Restaurant,Gautami Ramaswamy,35,Italian,10:00:00,22:00:00,4.5,2683,18.9,0
3171,Manda-Sachdev Restaurant,Yug Misra,23,Maharashtrian,10:00:00,23:30:00,4.6,4525,19.88,0
3172,Lala-Master Restaurant,Damyanti Kurian,48,Maharashtrian,08:00:00,22:00:00,3.9,1314,29.87,1
3173,Mody PLC Restaurant,Meghana Konda,12,Mughlai,08:00:00,22:00:00,4.8,985,27.33,0
3174,"Kibe, Kuruvilla and Majumdar Restaurant",Bhavani Kara,23,Gujarati,08:00:00,23:00:00,4.9,4633,27.26,0
3175,"Madan, Rout and Lalla Restaurant",Onveer Dhingra,9,Desserts,09:00:00,23:30:00,3.8,3256,24.69,0
3176,Batta PLC Restaurant,Xiti Salvi,30,Desserts,08:00:00,23:30:00,4.3,2935,29.66,1
3177,Sood Ltd Restaurant,Anamika Chaudhry,17,Maharashtrian,10:00:00,23:30:00,4.2,211,21.79,0
3178,Dugar Inc Restaurant,Sanaya Dayal,33,Desserts,10:00:00,23:00:00,3.6,42,21.28,1
3179,Ghose Inc Restaurant,Caleb Srinivas,24,Cafe,09:00:00,22:00:00,3.3,4489,15.15,0
3180,Mitra-Venkataraman Restaurant,Reyansh Mangat,37,Desserts,08:00:00,23:30:00,3.1,1545,26.57,1
3181,"Sachar, Prabhakar and Nayar Restaurant",Kevin Dass,50,Desserts,09:00:00,22:00:00,4.2,2309,18.89,0
3182,Konda Inc Restaurant,Chasmum Mall,38,Italian,08:00:00,22:00:00,3.7,1596,18.71,0
3183,"Sant, Modi and Raj Restaurant",Manbir Kapoor,1,Chinese,08:00:00,23:00:00,3.1,1281,27.14,1
3184,"Bhagat, Bala and Dhaliwal Restaurant",Hredhaan Deshpande,23,Desserts,08:00:00,22:00:00,4.2,1873,29.84,1
3185,Jani Ltd Restaurant,Gauri Ramaswamy,22,Cafe,10:00:00,23:30:00,4.8,1871,27.83,1
3186,Wadhwa-Ramanathan Restaurant,Ganga Nazareth,45,Cafe,08:00:00,23:30:00,3.4,2031,17.89,0
3187,"Sinha, Agate and Sani Restaurant",Tejas Biswas,19,Desserts,08:00:00,23:00:00,4.8,4870,21.4,0
3188,Patel-Misra Restaurant,Aashi Narang,35,North Indian,09:00:00,23:30:00,4.5,4430,30.0,0
3189,Rama-Kant Restaurant,Elijah Kapoor,8,Chinese,09:00:00,23:00:00,3.2,4769,15.86,1
3190,"Prabhakar, Bava and Jayaraman Restaurant",Qadim Halder,49,Maharashtrian,09:00:00,23:00:00,4.8,4944,24.22,0
3191,Dugar-Deshmukh Restaurant,Yuvraj Hayer,8,Chinese,08:00:00,23:00:00,3.8,636,22.22,1
3192,Shankar-Master Restaurant,Alka Ray,38,Pizza,09:00:00,22:00:00,3.1,141,20.76,1
3193,Chokshi Inc Restaurant,Vincent Seshadri,42,South Indian,10:00:00,22:00:00,4.8,2820,24.33,0
3194,"Sagar, Thaman and Randhawa Restaurant",Bachittar Murthy,38,Chinese,08:00:00,23:00:00,3.9,1896,16.5,1
3195,"Dhaliwal, Mand and Raj Restaurant",Michael Chakraborty,15,Punjabi,09:00:00,22:00:00,4.9,2265,22.1,0
3196,"Sur, Sarma and Mangal Restaurant",Udyati Lall,43,Desserts,10:00:00,23:30:00,4.8,2083,20.75,0
3197,Barad LLC Restaurant,Eiravati Bhardwaj,45,North Indian,10:00:00,23:00:00,3.2,1892,15.4,0
3198,Kari PLC Restaurant,Champak Gade,43,Punjabi,10:00:00,23:00:00,3.6,1145,19.06,0
3199,Mand Group Restaurant,Hamsini Golla,11,Punjabi,08:00:00,22:00:00,3.7,1906,27.9,1
3200,Nayar-Dutta Restaurant,Sai Deol,1,Pizza,08:00:00,23:00:00,3.4,1163,16.51,0
3201,"Dua, Kaur and Andra Restaurant",Amol Desai,20,Italian,10:00:00,22:00:00,4.0,3637,22.28,1
3202,Rattan-Chokshi Restaurant,Samarth Anne,41,Chinese,09:00:00,23:00:00,4.2,1059,20.62,1
3203,Bains and Sons Restaurant,Zehaan Rege,9,Chinese,08:00:00,23:30:00,4.1,2103,24.42,1
3204,Sastry-Bir Restaurant,Priya Shan,45,Street Food,10:00:00,22:00:00,4.2,80,19.54,1
3205,Anne-Sarma Restaurant,Lucky Sridhar,32,North Indian,09:00:00,23:00:00,4.3,4726,17.97,0
3206,"Palan, Murty and Krish Restaurant",Oscar Mall,16,Cafe,08:00:00,23:30:00,4.2,4592,21.45,0
3207,"Prabhakar, Kade and Bhalla Restaurant",Oscar Kashyap,23,Desserts,10:00:00,22:00:00,3.3,3847,25.75,1
3208,"Kuruvilla, Sura and Garde Restaurant",Ayush Kalita,28,Fast Food,08:00:00,23:30:00,3.7,4144,26.78,1
3209,Deep-Batra Restaurant,Chaman Shanker,48,Mughlai,10:00:00,22:00:00,4.7,4455,17.58,1
3210,Babu Inc Restaurant,Nicholas Gade,45,Burger,10:00:00,23:00:00,3.3,1428,15.27,1
3211,"Deo, Master and Ben Restaurant",Dalbir Sarna,26,Biryani,08:00:00,23:30:00,4.2,1398,20.44,0
3212,"Sachdev, Lad and Shere Restaurant",Vamakshi Tandon,50,Gujarati,09:00:00,23:30:00,3.7,4817,20.88,0
3213,Lad-Sachdev Restaurant,Qadim Lalla,12,Chinese,09:00:00,22:00:00,4.5,4388,17.75,1
3214,Raju LLC Restaurant,Ridhi Dube,11,Cafe,09:00:00,23:00:00,3.3,3388,17.83,1
3215,"Singh, Divan and Nori Restaurant",Pranit Dugal,12,Gujarati,08:00:00,22:00:00,4.7,1408,26.89,0
3216,Baria-Oza Restaurant,Meera Walla,18,South Indian,09:00:00,23:30:00,4.1,4886,15.17,0
3217,Kumar-Tripathi Restaurant,Yug Sunder,39,Punjabi,10:00:00,23:00:00,3.8,3652,15.6,1
3218,Guha Group Restaurant,Quincy Chaudhry,26,North Indian,09:00:00,23:00:00,4.7,451,29.44,1
3219,Chad Inc Restaurant,Jagdish Wali,28,Italian,08:00:00,22:00:00,4.0,2355,24.71,0
3220,Varghese-Barman Restaurant,Hiral Sagar,46,Italian,10:00:00,22:00:00,3.1,711,23.62,0
3221,"Bedi, Borah and Sha Restaurant",Vedhika Manne,24,Cafe,08:00:00,23:30:00,4.2,1121,17.4,1
3222,"Banik, Kar and Dora Restaurant",Hemang Krishnamurthy,6,South Indian,10:00:00,22:00:00,3.8,67,25.42,1
3223,"Pant, Gokhale and Nadkarni Restaurant",Wakeeta Chaudry,2,Street Food,10:00:00,22:00:00,3.9,325,19.81,1
3224,Gill and Sons Restaurant,Lipika Kumar,26,South Indian,10:00:00,23:30:00,3.8,469,22.11,1
3225,Kannan PLC Restaurant,Qabil Gade,9,Burger,09:00:00,22:00:00,4.4,2919,15.15,1
3226,Patel LLC Restaurant,Maanas Chowdhury,15,Biryani,08:00:00,22:00:00,3.5,758,21.67,1
3227,Goda-Puri Restaurant,Abha Raja,43,Chinese,08:00:00,23:30:00,3.2,1643,26.8,0
3228,Hayer Ltd Restaurant,Rohan Jain,1,Gujarati,10:00:00,23:00:00,3.6,783,29.47,1
3229,Menon-Mittal Restaurant,Andrew Mody,9,Italian,10:00:00,22:00:00,3.8,2281,28.5,1
3230,"Venkataraman, Tata and Trivedi Restaurant",Advik Madan,8,Street Food,10:00:00,22:00:00,3.9,3820,22.05,1
3231,Bail-Ganesan Restaurant,Kavya Purohit,34,Pizza,09:00:00,23:00:00,4.8,279,21.33,0
3232,"Palla, Bora and Munshi Restaurant",Sara Taneja,17,Maharashtrian,09:00:00,22:00:00,4.2,388,27.28,1
3233,Gopal-Ranganathan Restaurant,Shaurya Dutta,5,Biryani,09:00:00,23:00:00,3.2,4529,21.62,0
3234,"Nadig, Sachdeva and Kaul Restaurant",Qasim Sethi,32,Maharashtrian,10:00:00,23:30:00,3.4,2475,25.46,0
3235,Som-Nagar Restaurant,Nathaniel Parmer,11,Fast Food,10:00:00,22:00:00,3.9,2204,26.57,0
3236,"Dube, Badal and Sahota Restaurant",Mohini Palla,50,Biryani,08:00:00,22:00:00,3.5,3529,26.71,0
3237,"Chacko, Dhar and Desai Restaurant",Jyoti Dugar,33,Desserts,09:00:00,23:30:00,3.5,4691,26.41,0
3238,Mangal Inc Restaurant,Ekantika Roy,11,Pizza,09:00:00,23:30:00,3.7,1866,20.68,0
3239,Basak and Sons Restaurant,Diya Ratti,27,Mughlai,10:00:00,22:00:00,3.6,3850,17.59,1
3240,Sarin and Sons Restaurant,Mitesh Rege,47,Punjabi,09:00:00,22:00:00,4.3,46,23.93,0
3241,Minhas Ltd Restaurant,Brijesh Sankar,33,Desserts,09:00:00,23:30:00,4.8,3966,26.13,1
3242,Borra-Nayak Restaurant,Yoshita Bala,12,South Indian,09:00:00,23:30:00,3.6,2651,26.7,0
3243,"Nori, Chatterjee and Hayer Restaurant",Hredhaan Kapoor,3,Maharashtrian,08:00:00,23:00:00,4.1,2165,25.08,0
3244,"Yohannan, Baria and Bassi Restaurant",Udarsh Dugar,20,Biryani,10:00:00,23:30:00,3.8,788,19.4,1
3245,Chacko and Sons Restaurant,Girindra Ghose,33,Street Food,10:00:00,23:00:00,3.6,3764,15.77,1
3246,Pradhan Ltd Restaurant,Yasti Chowdhury,6,Mughlai,09:00:00,23:30:00,4.9,2898,28.18,1
3247,"Pradhan, Yohannan and Dube Restaurant",Omisha Wason,27,Desserts,09:00:00,22:00:00,4.4,3196,26.33,1
3248,Ratti-Misra Restaurant,Hemang Choudhary,36,Street Food,08:00:00,23:00:00,4.3,733,22.79,0
3249,"Narain, Lala and Yogi Restaurant",Lopa More,4,Chinese,09:00:00,23:00:00,4.8,1387,23.65,0
3250,Deol-Acharya Restaurant,Lipika Goel,1,Cafe,10:00:00,23:00:00,3.7,3742,24.75,1
3251,"Thakkar, Tank and Sathe Restaurant",Yash Murthy,2,Fast Food,08:00:00,23:00:00,3.8,3529,15.5,0
3252,"Narang, Rama and Ratti Restaurant",Mohini Mukhopadhyay,15,Punjabi,08:00:00,23:00:00,3.5,3500,23.88,0
3253,"Dani, Saran and Dayal Restaurant",Chaman Gole,14,North Indian,09:00:00,23:00:00,4.3,1748,15.33,1
3254,Dhaliwal Ltd Restaurant,Maanav Gola,31,Punjabi,08:00:00,23:30:00,4.9,1519,26.02,1
3255,Hans and Sons Restaurant,Dalaja Bhatt,27,Street Food,09:00:00,23:30:00,4.3,685,24.21,1
3256,Mane and Sons Restaurant,Teerth Chowdhury,33,Gujarati,10:00:00,23:00:00,3.7,4135,26.4,0
3257,Sunder-Vaidya Restaurant,Gautam Sinha,25,Biryani,08:00:00,23:30:00,3.8,2515,25.2,0
3258,"Sekhon, Dube and Ray Restaurant",Gopal Dyal,45,Mughlai,10:00:00,23:30:00,4.7,4146,26.34,1
3259,"Issac, Choudhry and Bahri Restaurant",Theodore Sankaran,2,Punjabi,09:00:00,23:30:00,3.6,199,27.66,1
3260,Rout-Bail Restaurant,Aarnav Bhatia,37,Chinese,08:00:00,22:00:00,4.4,500,18.94,1
3261,Pall and Sons Restaurant,Gayathri Hari,49,Punjabi,08:00:00,23:30:00,4.7,3647,15.45,1
3262,"Randhawa, Gulati and Char Restaurant",Ekanta Batra,14,Chinese,08:00:00,22:00:00,3.8,1354,23.67,0
3263,Gola-Madan Restaurant,Wahab Agarwal,31,Italian,10:00:00,23:30:00,3.4,4189,27.59,0
3264,Edwin-Sahni Restaurant,David Bhasin,44,Maharashtrian,10:00:00,22:00:00,4.0,4622,17.31,1
3265,Rao-Walla Restaurant,Nihal Shankar,50,Italian,08:00:00,23:00:00,3.2,69,23.01,1
3266,Kohli-Karan Restaurant,Samuel Thaker,40,Fast Food,08:00:00,23:00:00,4.2,1312,15.45,0
3267,"Rajan, Jani and Kala Restaurant",Nikita Chacko,6,Gujarati,08:00:00,23:00:00,3.6,4947,25.38,0
3268,"Nayar, Comar and Rau Restaurant",Mitali Sha,19,Pizza,10:00:00,23:30:00,5.0,3703,15.4,1
3269,Kota Group Restaurant,Ikbal Acharya,39,Chinese,08:00:00,23:30:00,3.7,4432,21.59,0
3270,Gupta and Sons Restaurant,Sai Kara,24,Fast Food,10:00:00,23:30:00,3.3,2244,18.48,1
3271,"Dua, Chaudhary and Zachariah Restaurant",Ikshita Grover,43,Cafe,08:00:00,22:00:00,4.4,637,21.99,0
3272,Bhatnagar-Wadhwa Restaurant,Eshana Bahri,27,Biryani,10:00:00,22:00:00,3.8,3107,29.31,1
3273,Subramaniam-Tailor Restaurant,Girish Bassi,43,Italian,10:00:00,22:00:00,3.7,4342,23.7,0
3274,Prabhakar-Ganesh Restaurant,Harish Lata,7,Burger,10:00:00,23:00:00,4.8,4778,28.82,0
3275,Borde PLC Restaurant,Unni Saxena,42,Mughlai,08:00:00,23:00:00,3.0,3696,26.62,0
3276,Dada-Sharma Restaurant,Indira Saini,31,North Indian,10:00:00,22:00:00,3.8,2464,15.64,0
3277,"Walla, Koshy and Mistry Restaurant",Widisha Gokhale,14,North Indian,10:00:00,23:30:00,4.1,4260,24.61,0
3278,"Badal, Dora and Raman Restaurant",Jyoti Rastogi,30,Chinese,09:00:00,22:00:00,4.1,4940,29.19,0
3279,"Rajagopalan, Garde and Pandya Restaurant",Lakshit Naik,42,Desserts,09:00:00,23:00:00,4.7,2692,26.28,0
3280,Jayaraman-Morar Restaurant,Hemal Nanda,43,Desserts,08:00:00,23:00:00,3.3,4178,24.9,1
3281,Mahajan Ltd Restaurant,Aditya Saxena,37,Chinese,10:00:00,23:30:00,3.9,2277,16.33,1
3282,"Misra, Deshpande and Bajaj Restaurant",Amrita Soman,35,North Indian,09:00:00,23:30:00,4.4,4933,28.27,1
3283,Sabharwal Group Restaurant,Dev Sarma,8,Chinese,09:00:00,23:00:00,3.8,147,23.36,0
3284,"Randhawa, Sundaram and Bains Restaurant",Tanvi Mohanty,2,Italian,10:00:00,22:00:00,3.9,1455,29.91,1
3285,"Tank, Kumer and Pandey Restaurant",Nidra Majumdar,13,Gujarati,09:00:00,23:00:00,3.5,2691,27.05,1
3286,Upadhyay and Sons Restaurant,Isaiah Roy,41,Gujarati,08:00:00,23:30:00,3.5,4295,25.21,1
3287,Kibe-Mani Restaurant,Zilmil Oza,1,South Indian,08:00:00,22:00:00,4.5,2438,27.16,0
3288,Rastogi Ltd Restaurant,Lajita Master,20,Chinese,10:00:00,23:00:00,3.4,4907,15.28,0
3289,"Walla, Bala and Lanka Restaurant",Diya Anne,10,Italian,09:00:00,23:00:00,3.5,1516,23.27,1
3290,"Ganesan, Varma and Ramesh Restaurant",Eta Garg,37,Biryani,09:00:00,23:30:00,3.1,3106,24.74,1
3291,Balay and Sons Restaurant,Liam Shanker,1,Chinese,09:00:00,22:00:00,3.8,1109,27.67,1
3292,Ranganathan Group Restaurant,Darsh Badami,3,Pizza,09:00:00,22:00:00,4.4,3500,18.84,0
3293,"Gola, Madan and Warrior Restaurant",Jagrati Venkatesh,45,Mughlai,09:00:00,23:00:00,4.6,2300,25.2,0
3294,Kant Inc Restaurant,Benjamin Narayan,26,Desserts,10:00:00,23:00:00,4.7,4198,23.2,0
3295,Mody-Zachariah Restaurant,Urvi Lala,23,Desserts,10:00:00,23:30:00,3.9,4102,18.73,1
3296,"Cherian, Palan and Sagar Restaurant",Akshay Dixit,18,Punjabi,09:00:00,23:00:00,3.3,1638,29.41,0
3297,Prabhakar-Arya Restaurant,Aadi Kala,28,North Indian,09:00:00,23:00:00,4.6,4970,26.63,1
3298,Pai Ltd Restaurant,Neha Chaudry,19,Maharashtrian,08:00:00,22:00:00,3.7,2562,23.5,1
3299,"Parekh, Jani and Badal Restaurant",Lila Master,43,Street Food,08:00:00,22:00:00,4.5,2121,17.79,1
3300,Lal PLC Restaurant,Raksha Menon,12,Chinese,09:00:00,23:30:00,4.2,110,20.76,1
3301,Sen-Ben Restaurant,Anirudh Dani,5,Biryani,10:00:00,23:30:00,3.8,1569,28.39,1
3302,"Sodhi, Edwin and Sachdeva Restaurant",Azaan Chowdhury,40,Maharashtrian,10:00:00,23:30:00,4.6,4836,28.72,0
3303,"Jani, Sane and Pradhan Restaurant",Champak Kashyap,14,Pizza,10:00:00,23:30:00,4.0,3295,23.34,1
3304,Merchant-Mitter Restaurant,Karan Bassi,46,Biryani,09:00:00,23:30:00,3.4,3573,15.19,0
3305,Sule-Mahal Restaurant,Pahal Rattan,16,Fast Food,10:00:00,22:00:00,3.1,2080,28.43,0
3306,Gala-Mitra Restaurant,Krishna Dhar,7,Pizza,08:00:00,23:30:00,4.1,1573,29.64,0
3307,Dada LLC Restaurant,Rajata Sridhar,10,Chinese,09:00:00,22:00:00,3.1,564,19.34,0
3308,Murty Group Restaurant,Qarin Golla,42,Gujarati,10:00:00,23:00:00,4.9,1222,27.6,0
3309,Anand LLC Restaurant,Tanveer Menon,20,Punjabi,10:00:00,23:30:00,3.5,296,28.06,0
3310,Balan-Kuruvilla Restaurant,Damyanti Srinivasan,14,Fast Food,08:00:00,22:00:00,3.4,4729,22.44,0
3311,Mitter-Mani Restaurant,Kashish Kapoor,41,Desserts,10:00:00,23:00:00,3.3,4865,24.19,1
3312,"Sarkar, Narain and Garde Restaurant",Vincent Warrior,42,Pizza,10:00:00,23:00:00,3.6,1129,19.45,0
3313,Munshi Inc Restaurant,Finn Devan,22,Maharashtrian,10:00:00,23:30:00,3.3,4268,17.74,1
3314,Nath-Pall Restaurant,Harsh Ganesan,15,North Indian,10:00:00,23:00:00,5.0,3527,24.13,0
3315,"Bhalla, Aggarwal and Krish Restaurant",Joshua Goyal,40,Fast Food,10:00:00,23:30:00,3.8,4676,29.1,0
3316,Bir Ltd Restaurant,Warjas Dhar,42,Desserts,09:00:00,23:00:00,4.1,55,16.28,1
3317,"Sheth, Talwar and Dugar Restaurant",Anika Wason,16,Gujarati,08:00:00,23:00:00,4.2,3370,16.51,1
3318,"Koshy, Pal and Nagi Restaurant",Ekta Garg,37,Pizza,09:00:00,22:00:00,4.5,2398,27.74,0
3319,Mody and Sons Restaurant,Logan Munshi,20,Italian,09:00:00,23:00:00,3.5,1358,19.77,0
3320,Ravi Inc Restaurant,Vrinda Pillay,43,Italian,09:00:00,23:30:00,4.2,3335,16.45,0
3321,"Chad, Sen and Bhavsar Restaurant",Gayathri Ben,32,Biryani,09:00:00,22:00:00,4.3,620,22.44,1
3322,"Batta, Patil and Morar Restaurant",Aarna Sem,4,Italian,09:00:00,22:00:00,4.5,1489,29.49,0
3323,Mohanty-Luthra Restaurant,Victor Pau,45,Pizza,10:00:00,23:30:00,4.7,4915,25.83,0
3324,"Kala, Parikh and Dhaliwal Restaurant",Raksha Wadhwa,34,Biryani,08:00:00,22:00:00,3.9,1575,19.47,0
3325,"Merchant, Choudhury and Shenoy Restaurant",Ishani Mital,19,Desserts,09:00:00,23:00:00,4.7,2367,23.25,0
3326,"Sharaf, Iyengar and Lad Restaurant",Samar Bansal,50,Fast Food,09:00:00,23:00:00,3.1,4398,21.24,0
3327,Kashyap-Suresh Restaurant,Tristan Hayer,50,Italian,09:00:00,22:00:00,4.8,62,25.38,1
3328,Wagle and Sons Restaurant,Fiyaz Biswas,27,Pizza,08:00:00,23:30:00,3.1,3880,24.45,1
3329,"Iyer, Khatri and Verma Restaurant",Prisha Barad,6,Biryani,10:00:00,22:00:00,4.9,1383,27.96,1
3330,"Som, Toor and Warrior Restaurant",Ekansh Pandit,6,Fast Food,09:00:00,23:00:00,3.4,2115,15.56,0
3331,Srinivasan PLC Restaurant,Ronith Andra,36,Cafe,09:00:00,23:30:00,3.0,2857,23.17,0
3332,Saran-Gour Restaurant,Dev Munshi,47,Punjabi,08:00:00,23:00:00,4.8,3721,18.91,1
3333,Das Group Restaurant,Nilima Narain,43,Pizza,08:00:00,23:30:00,4.3,3283,15.7,1
3334,"Kala, Narang and Kara Restaurant",Yauvani Bedi,31,North Indian,08:00:00,23:00:00,3.0,2033,28.38,0
3335,Vala PLC Restaurant,Ishani Sandal,46,Fast Food,09:00:00,23:00:00,3.2,2283,29.77,0
3336,"Sridhar, Guha and Master Restaurant",Lakshmi Taneja,39,Street Food,10:00:00,23:30:00,3.3,687,27.06,0
3337,Srinivas Group Restaurant,Nicholas Rao,44,Italian,10:00:00,23:00:00,3.8,1333,26.51,0
3338,"Bhattacharyya, Mukherjee and Kapur Restaurant",Meghana Deshpande,16,Mughlai,09:00:00,23:30:00,4.1,2303,24.43,0
3339,"Kurian, Puri and Sani Restaurant",Harita Ben,43,Biryani,10:00:00,23:30:00,3.0,3229,19.83,1
3340,"Balakrishnan, Bansal and Choudhury Restaurant",Harini Srinivasan,6,Street Food,09:00:00,23:00:00,4.4,4937,18.1,0
3341,Badal PLC Restaurant,Harini Gade,47,Italian,09:00:00,23:30:00,3.8,1659,15.83,0
3342,Chada PLC Restaurant,Bina Mani,39,Biryani,09:00:00,23:00:00,4.7,4141,28.62,0
3343,Menon Group Restaurant,Yoshita Varughese,49,Cafe,09:00:00,23:00:00,3.1,4977,23.38,0
3344,Shankar-Prabhakar Restaurant,Onkar Prabhakar,39,Chinese,08:00:00,23:30:00,4.4,4930,25.49,0
3345,Narasimhan-Pall Restaurant,Zarna Choudhry,35,Desserts,10:00:00,23:30:00,4.3,2331,27.98,0
3346,"Behl, Gola and Dhar Restaurant",Ridhi Shere,6,Italian,10:00:00,22:00:00,4.6,3121,16.5,1
3347,"Yohannan, Borah and Devan Restaurant",Raghav Seth,35,Fast Food,10:00:00,23:00:00,4.1,2829,17.45,1
3348,Shere Inc Restaurant,Chandani Lala,16,Chinese,10:00:00,22:00:00,3.2,3323,15.49,1
3349,Chaudhary-Lata Restaurant,Pavani Taneja,44,Gujarati,08:00:00,22:00:00,3.0,1870,24.01,1
3350,Virk Group Restaurant,Fitan Gopal,44,North Indian,09:00:00,23:00:00,4.9,2996,25.67,1
3351,"Kalla, Balan and Kadakia Restaurant",Radha Yadav,31,Punjabi,10:00:00,22:00:00,4.7,1147,28.78,0
3352,Bumb PLC Restaurant,Vyanjana Yohannan,6,Biryani,08:00:00,23:00:00,3.8,621,27.34,1
3353,Maharaj LLC Restaurant,Arin Ganesan,47,Italian,10:00:00,23:00:00,3.8,4000,27.06,1
3354,Saxena Group Restaurant,Kamala Mutti,9,Desserts,09:00:00,22:00:00,3.5,4740,20.64,0
3355,Sandal Group Restaurant,Timothy Prakash,24,Italian,08:00:00,22:00:00,4.5,623,26.1,1
3356,Munshi Ltd Restaurant,Ucchal Arora,2,Chinese,09:00:00,23:00:00,4.6,3693,15.09,1
3357,"Nagar, Hayer and Date Restaurant",Anmol Dara,34,Burger,08:00:00,23:00:00,4.9,444,20.9,0
3358,Khosla PLC Restaurant,Advaith Kothari,26,Burger,08:00:00,23:00:00,4.7,3058,15.66,0
3359,"Dass, Som and Mohanty Restaurant",Divya Palla,42,Gujarati,09:00:00,23:00:00,4.7,4484,23.82,0
3360,Kohli Ltd Restaurant,Brijesh Bhargava,14,Maharashtrian,08:00:00,23:30:00,3.2,1370,15.88,0
3361,"Wali, Narang and Warrior Restaurant",Yadavi Das,41,North Indian,08:00:00,23:00:00,3.3,2168,20.08,0
3362,Mander LLC Restaurant,Krishna Mistry,50,Biryani,09:00:00,23:30:00,3.9,4914,20.5,0
3363,Shenoy and Sons Restaurant,Ekaraj Oza,37,Gujarati,08:00:00,23:00:00,3.1,4389,21.46,0
3364,"Wali, Taneja and Jha Restaurant",Neelima Dey,30,Pizza,09:00:00,23:00:00,4.3,2131,27.17,0
3365,Brar-Kalla Restaurant,Yashodhara Rattan,3,Pizza,09:00:00,23:30:00,4.1,4975,19.22,1
3366,"Korpal, Kadakia and Pandit Restaurant",Darpan Amble,22,Italian,10:00:00,22:00:00,3.2,153,24.46,0
3367,"Nath, Nagy and Sani Restaurant",Jeevika Manne,46,Mughlai,10:00:00,23:00:00,3.7,2890,22.94,1
3368,Koshy-Chadha Restaurant,Libni Prashad,19,Cafe,09:00:00,23:00:00,5.0,1305,28.0,1
3369,Sura PLC Restaurant,Ishanvi Palan,10,South Indian,09:00:00,23:30:00,4.0,2599,25.49,1
3370,Chaudhuri Group Restaurant,Yatin Ramaswamy,1,Italian,09:00:00,22:00:00,4.6,1163,19.64,1
3371,"Basak, Desai and Trivedi Restaurant",Urishilla Sunder,2,Biryani,08:00:00,23:00:00,3.9,1283,26.37,1
3372,Shan Inc Restaurant,Oviya Radhakrishnan,2,Chinese,08:00:00,23:00:00,4.6,535,20.49,1
3373,Agrawal-Oza Restaurant,Chakrika Goel,2,South Indian,09:00:00,22:00:00,4.4,575,21.62,0
3374,"Butala, Purohit and Kumer Restaurant",Ekapad Sachar,28,Biryani,08:00:00,23:00:00,3.8,2861,22.9,0
3375,Banerjee Inc Restaurant,Ekiya Jayaraman,24,Chinese,08:00:00,23:00:00,3.6,1733,18.68,1
3376,Wason-Mistry Restaurant,Alka Basak,20,Biryani,10:00:00,23:00:00,3.1,3095,29.53,1
3377,Dash-Barad Restaurant,Aarav Deshmukh,14,South Indian,10:00:00,23:00:00,4.4,3850,23.75,1
3378,Kala-Anand Restaurant,Luke Sur,47,Biryani,08:00:00,23:30:00,4.9,674,26.38,1
3379,Joshi-Sami Restaurant,Yashodhara Chaudry,28,Punjabi,09:00:00,23:30:00,3.8,1779,21.45,1
3380,Lad-Madan Restaurant,Jack Wadhwa,8,Mughlai,08:00:00,22:00:00,4.8,4994,22.42,1
3381,"Karpe, Nadig and Kakar Restaurant",Nisha Basu,26,Mughlai,08:00:00,23:00:00,4.4,422,26.58,0
3382,Tandon-Ratti Restaurant,Aarush Ghose,48,Punjabi,09:00:00,23:00:00,4.6,746,23.13,0
3383,Tiwari PLC Restaurant,Yashodhara Sha,1,Cafe,10:00:00,22:00:00,4.1,1363,15.38,1
3384,Nagarajan-Panchal Restaurant,Warjas Narasimhan,28,Biryani,08:00:00,22:00:00,3.4,1196,25.35,1
3385,"Setty, Deshpande and Swaminathan Restaurant",Sudiksha Lata,14,Cafe,10:00:00,22:00:00,3.4,3336,19.34,0
3386,Bail Ltd Restaurant,Jagdish Cherian,12,Desserts,10:00:00,22:00:00,3.6,1362,27.23,1
3387,Madan-Banerjee Restaurant,Dalaja Joshi,25,Maharashtrian,10:00:00,23:30:00,3.4,1374,21.59,0
3388,"Thakur, Virk and Bhattacharyya Restaurant",Samesh Singhal,40,Street Food,10:00:00,22:00:00,3.4,4402,28.01,0
3389,Parmer-Vala Restaurant,Vivaan Kala,3,Chinese,08:00:00,23:30:00,3.4,4732,16.41,0
3390,Mander-Soman Restaurant,Akshay Krishnamurthy,5,Burger,10:00:00,22:00:00,3.5,1455,22.74,1
3391,Kaul Ltd Restaurant,Advik Chowdhury,9,Italian,09:00:00,23:00:00,4.3,4973,23.86,0
3392,Hans-Vala Restaurant,Arin Grewal,39,North Indian,10:00:00,23:00:00,3.7,2650,27.93,1
3393,"Datta, Randhawa and Deol Restaurant",Aishani Ganesan,18,Punjabi,09:00:00,22:00:00,4.8,491,28.72,1
3394,Lala Inc Restaurant,Viraj Chada,21,Burger,10:00:00,23:30:00,4.2,588,18.03,0
3395,"Banerjee, Parekh and Seshadri Restaurant",Krish Amble,8,North Indian,08:00:00,23:30:00,4.7,2349,29.77,0
3396,Mammen-Bhatti Restaurant,Daksh Talwar,44,Chinese,08:00:00,23:00:00,5.0,1253,28.7,1
3397,"Magar, Chaudhry and Kale Restaurant",Anika Prabhu,29,Biryani,09:00:00,22:00:00,3.4,637,21.21,0
3398,Borra Inc Restaurant,Dayamai Chaudhary,26,Burger,09:00:00,23:30:00,4.0,3648,15.05,1
3399,"Dhawan, Dhawan and Malhotra Restaurant",Ayaan Soman,4,Italian,09:00:00,22:00:00,3.7,2585,17.54,1
3400,Ramakrishnan LLC Restaurant,Samarth Goswami,9,Gujarati,09:00:00,22:00:00,4.5,327,24.6,1
3401,Prakash Inc Restaurant,Chanchal Dhawan,47,North Indian,08:00:00,23:00:00,3.5,3578,22.1,1
3402,Mann Inc Restaurant,Tanish Gera,33,Chinese,09:00:00,23:00:00,3.8,3061,23.54,0
3403,Chaudhry-Chokshi Restaurant,Balendra Hans,28,Desserts,08:00:00,22:00:00,4.7,2027,25.6,0
3404,Raja-Vora Restaurant,Hardik Raj,33,Gujarati,09:00:00,23:30:00,4.7,3325,28.25,1
3405,Bedi Group Restaurant,Manthan Rastogi,27,Punjabi,08:00:00,23:00:00,4.1,2209,19.73,1
3406,Gara-Bhalla Restaurant,Bakhshi Balay,42,Maharashtrian,08:00:00,22:00:00,4.0,1802,29.71,1
3407,"Nayak, Khalsa and Raman Restaurant",Krishna Boase,48,Maharashtrian,10:00:00,23:30:00,3.6,4920,26.84,1
3408,"Patel, Hegde and Rout Restaurant",Advaith Nori,39,Street Food,10:00:00,23:30:00,3.9,4847,26.1,1
3409,Soni-Munshi Restaurant,Darpan Char,21,North Indian,09:00:00,23:30:00,4.4,1720,17.14,1
3410,Kohli-Deshpande Restaurant,Advik Bal,50,Desserts,09:00:00,23:00:00,3.4,1099,26.18,1
3411,Kalita-Shenoy Restaurant,Ranveer Banerjee,25,South Indian,08:00:00,22:00:00,3.3,4509,23.79,0
3412,"Seth, Garg and Dyal Restaurant",Ikbal Jayaraman,43,Desserts,08:00:00,23:00:00,4.2,4627,28.99,0
3413,"Rai, Barman and Upadhyay Restaurant",Faqid Ramakrishnan,17,North Indian,08:00:00,23:30:00,3.1,3709,21.55,0
3414,Dhar-Grewal Restaurant,Aryan Kulkarni,9,Street Food,08:00:00,23:30:00,4.9,2511,29.09,1
3415,Mammen-Reddy Restaurant,Warhi Choudhry,12,Desserts,10:00:00,22:00:00,3.7,3797,26.2,1
3416,"Ganesh, Biswas and Som Restaurant",Suhani Kunda,5,Desserts,10:00:00,23:30:00,4.1,1074,18.08,1
3417,Konda-Ray Restaurant,Maanav Kar,4,Pizza,10:00:00,23:30:00,4.9,2396,16.01,0
3418,Memon-Deep Restaurant,Jalsa Dhawan,25,Punjabi,08:00:00,23:30:00,3.4,2112,23.63,1
3419,Ranganathan Inc Restaurant,Hema Golla,26,Fast Food,09:00:00,23:30:00,5.0,4930,23.05,1
3420,Madan Inc Restaurant,Anay Magar,26,North Indian,10:00:00,23:00:00,4.0,3655,24.35,1
3421,Sehgal-Som Restaurant,Keya Bajaj,13,Street Food,10:00:00,23:30:00,3.5,50,27.84,1
3422,Goswami Group Restaurant,Diya Chandra,10,Italian,09:00:00,22:00:00,3.1,4468,15.89,0
3423,De Group Restaurant,Farhan Shroff,27,South Indian,09:00:00,23:00:00,3.3,830,21.28,1
3424,"Mital, Bajwa and Desai Restaurant",Hemani Parmer,21,Punjabi,09:00:00,23:30:00,4.0,2295,19.96,1
3425,"Zachariah, Panchal and Choudhury Restaurant",Balhaar Deep,21,Pizza,09:00:00,23:00:00,3.7,1430,18.82,1
3426,Cherian PLC Restaurant,Ekaja Yadav,18,North Indian,08:00:00,22:00:00,3.8,3676,20.06,1
3427,"Chand, Garde and Sani Restaurant",Bhavika Wason,34,Desserts,08:00:00,23:00:00,4.4,2947,16.07,1
3428,Kumer-Srinivas Restaurant,Yoshita Sama,23,Fast Food,09:00:00,22:00:00,3.3,2122,27.92,1
3429,Kala Group Restaurant,Daniel Andra,5,Cafe,10:00:00,23:30:00,4.2,2445,15.07,0
3430,"Vora, Luthra and Muni Restaurant",Aashi Bajwa,13,Mughlai,09:00:00,23:30:00,5.0,159,22.69,0
3431,"Kashyap, Sarma and Chakrabarti Restaurant",Bachittar Swaminathan,21,Desserts,09:00:00,22:00:00,4.5,3727,15.3,0
3432,De-Chada Restaurant,Charita Bassi,27,Italian,08:00:00,23:30:00,3.6,2213,17.31,0
3433,Raval PLC Restaurant,Maya Datta,33,Gujarati,09:00:00,22:00:00,3.3,2746,25.97,0
3434,Nanda and Sons Restaurant,Amruta Uppal,2,Maharashtrian,09:00:00,23:30:00,3.1,2224,25.02,0
3435,Madan-Sen Restaurant,Yamini Dugar,38,Cafe,09:00:00,23:30:00,3.1,4995,22.13,1
3436,Kapur PLC Restaurant,Eiravati Mahal,37,Street Food,09:00:00,22:00:00,4.7,2777,29.85,1
3437,Grover-Divan Restaurant,Om Bhatti,8,Italian,09:00:00,23:00:00,4.2,4334,15.2,1
3438,Iyengar Ltd Restaurant,Manbir Atwal,3,Biryani,08:00:00,23:00:00,4.5,3113,26.28,1
3439,Narasimhan-Agarwal Restaurant,Tejas Agate,20,Mughlai,08:00:00,23:30:00,3.6,1844,23.6,0
3440,Bail Inc Restaurant,Yuvraj Manne,22,Maharashtrian,10:00:00,23:30:00,3.1,3560,15.02,1
3441,"Rau, Setty and Khatri Restaurant",Aayush Aggarwal,18,Chinese,10:00:00,22:00:00,4.6,757,20.31,0
3442,"Verma, Chana and Dara Restaurant",Jagat Ravi,22,Mughlai,09:00:00,23:30:00,4.7,163,22.03,1
3443,Bajaj PLC Restaurant,Leena Doshi,10,North Indian,08:00:00,22:00:00,4.1,3624,24.97,1
3444,Dewan Ltd Restaurant,Saksham Shan,19,Mughlai,09:00:00,23:00:00,3.7,3012,29.34,0
3445,"Wali, Sharaf and Basu Restaurant",Aditya Nayar,43,Fast Food,08:00:00,23:30:00,4.8,2209,29.9,0
3446,Butala-Sandal Restaurant,Aarna Rama,13,North Indian,10:00:00,23:30:00,4.5,1077,27.59,1
3447,Baria Inc Restaurant,Yutika Malhotra,42,Mughlai,09:00:00,23:30:00,4.0,2284,16.59,1
3448,"Kanda, Krish and Saraf Restaurant",Gunbir Konda,11,Italian,10:00:00,22:00:00,3.3,3537,15.47,1
3449,Butala-Char Restaurant,Eesha Chanda,47,Mughlai,09:00:00,23:30:00,4.2,2313,17.49,1
3450,"Pingle, Lad and Narayan Restaurant",Dayamai Doctor,31,Fast Food,10:00:00,22:00:00,3.2,3652,17.89,0
3451,Gulati Ltd Restaurant,Advik Biswas,25,Burger,08:00:00,23:30:00,3.4,728,20.57,0
3452,Jani-Naik Restaurant,Arunima Sachar,30,Mughlai,10:00:00,22:00:00,3.6,1221,28.3,1
3453,Balan-Sekhon Restaurant,Keya Krishna,22,Maharashtrian,09:00:00,23:00:00,4.2,4883,27.54,1
3454,Mahajan-Ravel Restaurant,Riya Divan,10,Italian,08:00:00,23:00:00,4.4,1822,24.81,0
3455,"Bera, Chandran and Bhardwaj Restaurant",Amara Babu,29,Maharashtrian,10:00:00,23:30:00,3.1,1261,28.26,0
3456,Zacharia Inc Restaurant,Lakshit Kapadia,31,Gujarati,10:00:00,22:00:00,3.1,3529,19.75,1
3457,"Sekhon, Mani and Agarwal Restaurant",Mahika Dhaliwal,46,Mughlai,10:00:00,23:30:00,3.9,4543,19.21,1
3458,Wali LLC Restaurant,Watika Lala,29,Maharashtrian,09:00:00,23:30:00,3.5,3666,21.31,1
3459,"Nair, Deshpande and Sibal Restaurant",Jagrati Hans,21,Italian,10:00:00,23:30:00,3.2,4481,23.11,0
3460,Muni-Dutta Restaurant,Hemangini Sha,29,Punjabi,08:00:00,23:00:00,4.0,2909,23.75,1
3461,Anand LLC Restaurant,Nathaniel Chandra,32,Maharashtrian,08:00:00,23:30:00,4.2,3047,22.65,1
3462,"Dewan, Narula and Chhabra Restaurant",Omya Boase,11,Burger,10:00:00,22:00:00,4.0,4529,22.68,1
3463,"Goda, Narang and Pal Restaurant",Bhavini Rao,14,Mughlai,08:00:00,22:00:00,4.9,3943,20.98,0
3464,Balay Inc Restaurant,Oscar Kanda,16,Maharashtrian,09:00:00,23:30:00,3.2,958,29.03,0
3465,Lalla Group Restaurant,Arjun Bhagat,41,Desserts,09:00:00,23:30:00,3.2,4499,16.5,1
3466,Datta PLC Restaurant,Luke Shanker,42,Cafe,08:00:00,23:30:00,4.5,237,24.73,1
3467,Balan Inc Restaurant,Sai Datta,1,Street Food,09:00:00,23:00:00,4.4,4902,15.55,0
3468,"Sane, Biswas and Panchal Restaurant",Jeremiah Balan,4,Biryani,10:00:00,22:00:00,3.4,1222,23.84,0
3469,"Lalla, Walia and Prasad Restaurant",Widisha Sanghvi,25,Mughlai,10:00:00,22:00:00,3.4,4209,24.94,1
3470,Nair-Kapur Restaurant,Devika Raj,43,Fast Food,10:00:00,23:00:00,4.8,2007,25.71,0
3471,"Batra, Mody and Goel Restaurant",Ria Saini,27,Biryani,09:00:00,23:00:00,4.0,3409,27.93,0
3472,Mital Group Restaurant,Hredhaan Chakrabarti,13,Pizza,09:00:00,23:30:00,3.9,4008,21.63,0
3473,Khalsa-Amble Restaurant,Xalak Jayaraman,50,Chinese,10:00:00,22:00:00,3.2,2717,20.1,0
3474,"More, Swamy and Dixit Restaurant",Wahab Palla,44,Desserts,09:00:00,23:00:00,4.4,288,20.36,0
3475,"Sama, Chacko and Swaminathan Restaurant",Omkaar Gade,34,Biryani,10:00:00,23:30:00,4.4,1843,22.75,1
3476,Chaudhuri-Date Restaurant,Qadim Ramesh,17,North Indian,09:00:00,23:00:00,5.0,4422,18.14,0
3477,Aggarwal-Upadhyay Restaurant,Omya Ram,20,South Indian,09:00:00,23:00:00,4.9,858,26.29,0
3478,Ratta-Dua Restaurant,Anya Bose,42,Cafe,09:00:00,22:00:00,3.4,4408,29.86,0
3479,"Sathe, Rege and Sathe Restaurant",Chaaya Solanki,21,Gujarati,09:00:00,23:30:00,4.2,326,23.74,1
3480,Buch-Dutta Restaurant,Sarthak Pathak,29,Maharashtrian,09:00:00,23:30:00,3.1,1184,18.48,1
3481,Bansal Group Restaurant,Yashvi Mitter,50,Gujarati,09:00:00,23:00:00,3.9,2411,18.95,1
3482,"Subramanian, Mitra and Dhingra Restaurant",Wahab Munshi,37,Cafe,09:00:00,22:00:00,4.8,1919,27.29,1
3483,Kadakia-Mohanty Restaurant,Damyanti Saini,47,Desserts,09:00:00,23:00:00,4.6,563,21.48,0
3484,"Radhakrishnan, Dua and Choudhry Restaurant",Gabriel Nayar,40,Pizza,09:00:00,22:00:00,4.5,4165,24.93,0
3485,"Sant, Krishnan and Parekh Restaurant",Ishanvi Kunda,23,Maharashtrian,09:00:00,23:00:00,3.9,1332,24.02,0
3486,"Gera, Badal and Ratta Restaurant",Barkha Chakrabarti,43,Biryani,08:00:00,22:00:00,4.0,4603,26.61,0
3487,Chaudhuri Ltd Restaurant,Rohan Buch,46,North Indian,08:00:00,23:30:00,4.7,2735,23.39,1
3488,"Din, Sheth and Krish Restaurant",Pushti Kaur,42,Chinese,08:00:00,22:00:00,3.4,761,20.64,1
3489,Kar-Nazareth Restaurant,Xiti Thakkar,5,Mughlai,09:00:00,23:30:00,4.5,4423,18.71,1
3490,Bhattacharyya PLC Restaurant,Oni Yadav,25,North Indian,09:00:00,22:00:00,3.6,3168,27.7,1
3491,Ravel Group Restaurant,Andrew Palan,25,Chinese,10:00:00,22:00:00,3.7,4708,20.35,1
3492,Chaudhuri Inc Restaurant,Gavin Dyal,42,South Indian,10:00:00,23:00:00,3.5,961,21.37,1
3493,Mukhopadhyay-Hayre Restaurant,Fitan Grewal,1,Pizza,08:00:00,22:00:00,4.8,650,22.7,0
3494,Balan Inc Restaurant,Charan Mukhopadhyay,26,Maharashtrian,10:00:00,22:00:00,4.3,2368,28.37,0
3495,"Wable, Samra and Agrawal Restaurant",Watika Dhar,15,Cafe,09:00:00,23:00:00,4.3,3187,25.49,0
3496,Tiwari Group Restaurant,Dalbir Jain,46,Maharashtrian,09:00:00,23:30:00,3.4,4008,27.16,1
3497,Bhatia Ltd Restaurant,Henry Sekhon,2,Punjabi,08:00:00,23:30:00,4.6,1047,23.04,1
3498,"Bawa, Buch and Chakraborty Restaurant",Bachittar Arya,43,Gujarati,08:00:00,22:00:00,4.5,254,27.18,1
3499,Mishra Group Restaurant,Wridesh Chhabra,41,Pizza,10:00:00,22:00:00,4.2,4813,20.77,0
3500,"Taneja, Chaudhary and Shukla Restaurant",Chakradev Cheema,8,Mughlai,08:00:00,23:00:00,3.8,3785,16.85,1
3501,"Rama, Dugal and Pant Restaurant",Yashica Kuruvilla,27,Burger,09:00:00,22:00:00,3.0,2587,26.2,0
3502,Mane Ltd Restaurant,Falguni Patla,18,Chinese,08:00:00,22:00:00,4.6,1068,17.0,0
3503,Dara Inc Restaurant,Raksha Oak,18,Maharashtrian,10:00:00,23:30:00,3.1,1730,25.88,1
3504,Nazareth PLC Restaurant,Jagdish Bajaj,36,Italian,09:00:00,23:00:00,3.7,152,16.41,1
3505,Ganesan-Wadhwa Restaurant,Aarush Sinha,40,South Indian,09:00:00,22:00:00,4.3,2281,27.21,0
3506,Sidhu PLC Restaurant,Utkarsh Sidhu,18,Fast Food,08:00:00,23:30:00,3.3,2029,26.65,1
3507,Sagar Inc Restaurant,Ayaan Vala,5,Biryani,09:00:00,23:00:00,4.8,3577,28.23,0
3508,Singhal and Sons Restaurant,Samaksh Rajagopalan,25,Desserts,08:00:00,22:00:00,4.1,2037,22.34,0
3509,Srivastava-Swaminathan Restaurant,Rudra Sundaram,25,Italian,08:00:00,23:30:00,4.2,2942,26.03,1
3510,Karan-Baria Restaurant,Oni Cherian,40,Gujarati,09:00:00,23:00:00,4.2,1313,24.59,1
3511,Gopal LLC Restaurant,Jeevika Pandey,44,Biryani,09:00:00,23:00:00,4.6,2466,24.12,0
3512,Tella-Balay Restaurant,Omkaar Kurian,14,Street Food,10:00:00,23:00:00,3.0,1485,26.14,1
3513,"Memon, Hari and Deshmukh Restaurant",Megha Grewal,22,South Indian,10:00:00,23:30:00,5.0,2240,26.69,1
3514,Dara Group Restaurant,Leena Raja,36,Burger,09:00:00,22:00:00,3.4,4410,18.43,0
3515,"Pandey, Shah and Lad Restaurant",Urmi Bahri,20,Biryani,08:00:00,22:00:00,3.1,2978,19.14,0
3516,Savant-Parikh Restaurant,Rajeshri Dani,24,Gujarati,09:00:00,23:00:00,4.2,1641,17.23,0
3517,Patla Ltd Restaurant,Gaurav Nagy,8,Fast Food,10:00:00,23:30:00,3.9,4255,22.0,1
3518,D’Alia Group Restaurant,Maanav Rama,14,South Indian,08:00:00,23:30:00,3.0,134,23.75,1
3519,Agrawal Group Restaurant,Teerth Hora,16,Biryani,09:00:00,23:30:00,3.9,796,22.71,0
3520,Batra-Virk Restaurant,Naksh Manda,45,Mughlai,09:00:00,23:30:00,3.1,838,25.85,1
3521,Chowdhury PLC Restaurant,Laksh Mani,16,South Indian,09:00:00,22:00:00,4.2,2678,16.38,0
3522,"Master, Thakur and Bhatti Restaurant",Arjun Anne,17,Italian,09:00:00,23:00:00,4.1,1419,24.47,0
3523,Chhabra-Sandal Restaurant,Alexander Mutti,32,Cafe,10:00:00,22:00:00,4.1,817,15.68,1
3524,Batra and Sons Restaurant,Jyoti Bobal,41,Mughlai,09:00:00,23:00:00,3.6,2728,26.41,0
3525,Soni-Patla Restaurant,Bina Raval,27,Gujarati,10:00:00,23:30:00,4.7,1189,27.96,0
3526,"Konda, Kashyap and Narayan Restaurant",Dayita Chana,16,Street Food,10:00:00,22:00:00,3.7,2176,17.69,0
3527,Aggarwal LLC Restaurant,Jagat Majumdar,1,Burger,08:00:00,22:00:00,3.4,464,17.78,1
3528,Salvi-Lad Restaurant,Vritti Tiwari,22,Gujarati,10:00:00,23:00:00,4.8,174,25.13,0
3529,"Samra, Das and Nagarajan Restaurant",Yatin Nazareth,11,Fast Food,10:00:00,22:00:00,3.2,1276,15.41,1
3530,Choudhry-Devan Restaurant,Saumya Tailor,31,North Indian,08:00:00,23:00:00,3.2,2639,26.08,0
3531,Chaudhari-Desai Restaurant,Kashish Tank,2,South Indian,09:00:00,23:00:00,4.8,1705,27.73,0
3532,"Chaudhari, Om and Pathak Restaurant",Mohammed Puri,9,Chinese,08:00:00,23:00:00,3.1,2637,18.48,0
3533,"Bath, Shenoy and Dyal Restaurant",Leela Bahl,12,Gujarati,08:00:00,22:00:00,3.7,1165,24.83,0
3534,Merchant LLC Restaurant,Kala Mammen,43,Punjabi,10:00:00,22:00:00,4.7,952,26.37,1
3535,Shere-Sidhu Restaurant,Balhaar Parmar,35,Fast Food,08:00:00,22:00:00,4.2,1596,18.42,0
3536,Sathe Inc Restaurant,Triveni Jani,24,Chinese,10:00:00,23:00:00,4.9,976,26.95,0
3537,Tella Group Restaurant,Janaki Rajagopalan,16,Punjabi,10:00:00,23:00:00,3.7,3392,25.19,1
3538,Srivastava-Wali Restaurant,Vasana Bhat,9,Italian,09:00:00,22:00:00,4.0,2464,26.59,1
3539,Chaudhari Group Restaurant,Damyanti Kari,40,Biryani,09:00:00,22:00:00,3.3,4801,22.68,1
3540,"Babu, Grewal and Sathe Restaurant",Elijah Mitra,13,Fast Food,08:00:00,23:30:00,3.1,4798,29.26,0
3541,"Nair, Sharaf and Golla Restaurant",Chandresh Edwin,28,Cafe,09:00:00,23:30:00,4.3,2006,19.15,1
3542,"Gera, Natarajan and Lad Restaurant",Neha Divan,12,Maharashtrian,09:00:00,22:00:00,3.7,774,20.02,0
3543,Grewal-Varty Restaurant,Chakradev Sen,25,Burger,09:00:00,23:00:00,4.1,563,19.01,1
3544,Sangha-Krishna Restaurant,Advaith Sehgal,11,Pizza,08:00:00,23:30:00,4.0,3432,21.25,0
3545,"Purohit, Jhaveri and Dhawan Restaurant",Ekansh Jhaveri,18,Biryani,09:00:00,22:00:00,3.5,4784,25.47,0
3546,Joshi-Rattan Restaurant,Omisha Devi,19,Street Food,09:00:00,23:00:00,4.8,3246,21.51,1
3547,Dass-Kamdar Restaurant,Yamini Soman,43,Italian,09:00:00,22:00:00,4.1,3360,16.91,1
3548,"Ben, Ray and Balan Restaurant",Zansi Virk,48,Italian,08:00:00,23:00:00,3.4,3200,22.41,0
3549,Kaur-Goda Restaurant,Gaurika Prabhakar,20,South Indian,09:00:00,23:00:00,3.2,3769,27.95,1
3550,Lad Inc Restaurant,Atharv Vohra,13,Punjabi,10:00:00,23:30:00,4.9,2674,19.07,1
3551,"Dhillon, Som and Iyengar Restaurant",Fiyaz Narang,27,Mughlai,09:00:00,23:30:00,4.5,2038,25.03,0
3552,"Sengupta, Sanghvi and Kurian Restaurant",Dipta Handa,27,Cafe,08:00:00,23:00:00,4.5,1225,19.44,1
3553,"Nagy, Sabharwal and Seshadri Restaurant",Urvi Tella,38,Gujarati,08:00:00,23:30:00,4.2,4495,26.81,0
3554,"Sheth, Tata and Nori Restaurant",Aachal Dutt,27,South Indian,09:00:00,22:00:00,4.3,4116,16.25,1
3555,Bose-Bala Restaurant,Aashi Din,33,Gujarati,08:00:00,23:30:00,3.9,259,18.67,1
3556,Sood and Sons Restaurant,Kalpit Shah,14,Biryani,08:00:00,23:00:00,3.1,1380,26.63,0
3557,"Jhaveri, Gole and Bhasin Restaurant",Parth Din,7,Fast Food,10:00:00,23:30:00,3.8,3968,29.38,0
3558,Chauhan-Cherian Restaurant,Ucchal Prabhakar,36,Street Food,08:00:00,23:00:00,4.5,4720,18.12,0
3559,"Suri, Sandhu and Dara Restaurant",Hredhaan Sampath,8,Fast Food,09:00:00,22:00:00,4.2,2459,26.74,1
3560,Bhandari LLC Restaurant,Kamya Comar,26,Chinese,09:00:00,23:30:00,3.6,1200,26.23,0
3561,Loyal-Raval Restaurant,Bachittar Prasad,25,Desserts,10:00:00,23:00:00,3.7,3341,18.08,0
3562,Chawla Group Restaurant,Sarthak Gola,39,South Indian,09:00:00,22:00:00,4.5,4812,27.91,1
3563,Balan and Sons Restaurant,Akshay Chandran,1,Italian,09:00:00,23:30:00,3.5,674,29.9,0
3564,Gour-Rao Restaurant,Warhi Brahmbhatt,12,Gujarati,09:00:00,23:30:00,4.8,2413,23.51,0
3565,Sami PLC Restaurant,Ekbal Seshadri,40,Burger,09:00:00,23:30:00,3.1,4531,18.36,1
3566,Bahl-Kalita Restaurant,Mugdha Hari,15,Maharashtrian,08:00:00,22:00:00,3.2,3211,16.61,1
3567,Baral-Oommen Restaurant,Bachittar Manne,50,Maharashtrian,08:00:00,22:00:00,3.8,2042,23.52,1
3568,"Issac, Joshi and Goyal Restaurant",Tara Goswami,47,Maharashtrian,08:00:00,22:00:00,3.4,1917,19.08,1
3569,Mammen-Puri Restaurant,Isaiah Sastry,14,Biryani,10:00:00,23:00:00,4.7,1700,29.35,1
3570,Mallick Group Restaurant,Wyatt Ahluwalia,35,Cafe,08:00:00,23:00:00,3.1,4634,23.18,1
3571,"Kapadia, Bali and Rao Restaurant",Abha Bhat,6,Punjabi,08:00:00,22:00:00,4.7,4063,24.01,0
3572,Palla PLC Restaurant,Ikbal Kanda,5,Fast Food,10:00:00,22:00:00,3.2,105,29.63,0
3573,"Kar, Datta and Shere Restaurant",Wakeeta Gole,50,North Indian,08:00:00,23:00:00,4.3,1343,28.4,0
3574,"Chahal, Dutta and Dalal Restaurant",Tristan Pall,10,Mughlai,10:00:00,23:00:00,4.7,995,21.06,0
3575,"Batta, Misra and Sanghvi Restaurant",Jeremiah Sani,48,South Indian,10:00:00,23:30:00,3.1,2411,17.17,0
3576,"Saini, Sethi and Rana Restaurant",Onveer Setty,17,Mughlai,10:00:00,23:00:00,3.6,2159,28.32,0
3577,Modi LLC Restaurant,Vrinda Lanka,14,Pizza,08:00:00,22:00:00,3.9,3936,23.48,0
3578,"Prakash, Bajaj and Sethi Restaurant",Yashasvi Saran,32,Desserts,10:00:00,22:00:00,3.4,4472,20.73,0
3579,Agate-Sahota Restaurant,Januja Sachar,21,Cafe,09:00:00,22:00:00,4.7,727,26.86,0
3580,Gara Inc Restaurant,Harshil Garg,14,Street Food,08:00:00,23:30:00,3.2,2554,28.89,0
3581,"Batra, Gandhi and Grewal Restaurant",Kamya Mistry,9,Fast Food,09:00:00,23:30:00,4.7,1343,29.56,0
3582,Bali LLC Restaurant,Bakhshi Kar,19,South Indian,08:00:00,22:00:00,4.7,3783,27.77,1
3583,Dugar LLC Restaurant,Yug Jhaveri,21,Chinese,09:00:00,23:30:00,3.2,4997,18.2,1
3584,Ahuja and Sons Restaurant,Ishita Bhavsar,31,Desserts,10:00:00,23:00:00,4.0,2433,27.9,0
3585,Dube LLC Restaurant,Hemangini Bhargava,39,South Indian,08:00:00,23:30:00,4.6,672,15.56,1
3586,Kara LLC Restaurant,Falguni Bandi,20,Maharashtrian,08:00:00,23:30:00,5.0,1020,26.74,1
3587,Ravel PLC Restaurant,Sathvik Hari,11,Italian,10:00:00,22:00:00,3.2,2346,28.15,0
3588,Hans and Sons Restaurant,Yatin Ramesh,46,Italian,08:00:00,23:00:00,3.4,441,21.16,1
3589,Sandhu and Sons Restaurant,Avi Palan,43,Chinese,09:00:00,22:00:00,3.8,2094,27.21,1
3590,"Yohannan, Kashyap and Das Restaurant",Amruta Madan,11,Pizza,08:00:00,23:30:00,4.0,2574,28.4,0
3591,Edwin PLC Restaurant,Sachi Nath,9,Gujarati,09:00:00,23:00:00,4.0,552,29.01,1
3592,"Ramaswamy, Munshi and Desai Restaurant",Jacob Dhar,38,Mughlai,10:00:00,23:30:00,4.2,4284,22.89,1
3593,Taneja Group Restaurant,Faqid Srivastava,28,Burger,10:00:00,23:00:00,4.0,4917,18.31,0
3594,More-Prabhu Restaurant,Nathaniel Bhatti,2,Pizza,08:00:00,23:30:00,5.0,2811,21.49,1
3595,Rajagopalan and Sons Restaurant,Girik Jani,43,Street Food,09:00:00,22:00:00,3.7,4155,19.44,0
3596,Oommen-Chaudhari Restaurant,Pratyush Randhawa,12,Biryani,10:00:00,23:30:00,3.2,1298,20.85,0
3597,Borra-Karnik Restaurant,Vasatika Pradhan,49,Gujarati,09:00:00,23:00:00,3.7,2141,20.74,0
3598,Rattan and Sons Restaurant,Anusha Solanki,31,North Indian,10:00:00,22:00:00,3.2,2268,16.67,0
3599,Dora-Trivedi Restaurant,Zayan Rajagopal,1,Desserts,09:00:00,23:30:00,4.3,3468,27.92,1
3600,Dhar Ltd Restaurant,Pavani Dara,3,Cafe,10:00:00,23:30:00,3.9,860,28.15,0
3601,Karnik-Bala Restaurant,Nathan Walia,41,Desserts,09:00:00,23:00:00,4.1,503,25.08,0
3602,Murty-Devan Restaurant,Darsh Halder,32,Chinese,10:00:00,22:00:00,3.0,3359,17.53,0
3603,Cherian Inc Restaurant,Victor Narula,8,Pizza,10:00:00,22:00:00,3.3,1190,23.28,0
3604,Anne-Nadkarni Restaurant,Anika Kadakia,12,Mughlai,08:00:00,23:00:00,3.0,2295,22.07,0
3605,"Dewan, Chaudhry and Cheema Restaurant",Wazir Bawa,34,Italian,09:00:00,23:30:00,4.2,2454,15.48,1
3606,"Sathe, Sundaram and Shenoy Restaurant",Advika Shukla,6,North Indian,10:00:00,23:30:00,3.5,4978,27.04,0
3607,"Date, Prasad and Krishnamurthy Restaurant",Mitesh Chander,24,Street Food,08:00:00,23:30:00,3.2,2037,20.21,0
3608,"Keer, Kumar and Nagy Restaurant",Pranit Amble,50,Pizza,08:00:00,23:00:00,4.9,3649,28.91,0
3609,Subramanian-Tailor Restaurant,Raagini Tailor,50,Gujarati,10:00:00,23:30:00,3.3,82,26.87,1
3610,"Raja, Issac and Joshi Restaurant",Onkar Sani,19,South Indian,10:00:00,23:30:00,4.9,2964,29.35,0
3611,Chandran-Parmar Restaurant,Noah Oak,39,Cafe,09:00:00,23:30:00,3.5,1065,28.9,0
3612,Mann-Sant Restaurant,Dakshesh Venkatesh,5,North Indian,09:00:00,22:00:00,4.2,2718,18.64,0
3613,Thakur-Parmer Restaurant,Onveer Nagi,40,Pizza,08:00:00,23:30:00,4.5,803,28.95,1
3614,"Sarkar, Sridhar and Deshmukh Restaurant",Orinder Badami,19,Biryani,10:00:00,23:00:00,4.6,2377,25.99,0
3615,"Trivedi, Lata and Rao Restaurant",Jeremiah Ganguly,36,North Indian,08:00:00,22:00:00,4.3,4570,28.9,0
3616,Mody-Kalita Restaurant,Kashvi Buch,2,Burger,08:00:00,23:00:00,4.0,4601,24.64,0
3617,"Ramanathan, Ganguly and Dutt Restaurant",Qadim Palla,44,Italian,09:00:00,23:30:00,4.2,965,25.01,0
3618,Cherian PLC Restaurant,Ira Ravi,15,Desserts,10:00:00,23:30:00,4.5,3662,18.76,0
3619,Mital Group Restaurant,Nisha Gulati,47,Burger,10:00:00,23:30:00,3.0,2739,23.29,1
3620,"Krishnamurthy, Gole and Arya Restaurant",Omkaar Gaba,32,Cafe,09:00:00,23:30:00,4.1,190,23.17,1
3621,Mahal Inc Restaurant,Parth Apte,12,Maharashtrian,10:00:00,22:00:00,4.7,4957,29.47,0
3622,Sahni Group Restaurant,Sachi Baral,45,Fast Food,09:00:00,22:00:00,4.0,4470,21.44,1
3623,Rout Group Restaurant,Adweta Oommen,5,Punjabi,08:00:00,23:00:00,3.7,3785,18.61,1
3624,Patel Group Restaurant,Qasim Bhavsar,49,Fast Food,09:00:00,23:00:00,4.8,699,20.99,0
3625,Mane-Baral Restaurant,Vincent Borde,29,Burger,08:00:00,22:00:00,3.8,4608,16.04,0
3626,Chad PLC Restaurant,Yatan Prabhakar,9,Pizza,08:00:00,23:30:00,3.0,2316,17.92,1
3627,Yohannan PLC Restaurant,Krish Dyal,40,Maharashtrian,08:00:00,23:30:00,4.2,3278,19.44,1
3628,Sheth-Chander Restaurant,Tristan Raja,30,Cafe,09:00:00,22:00:00,3.6,94,22.97,0
3629,Batra Group Restaurant,Maanas Shenoy,16,Punjabi,08:00:00,23:00:00,3.3,2489,22.68,0
3630,Barad-Nagi Restaurant,Avni Ratta,18,South Indian,09:00:00,23:30:00,3.3,926,25.8,1
3631,Sahota Inc Restaurant,Rajata Dayal,16,Desserts,09:00:00,23:30:00,3.2,4399,20.07,1
3632,Manda-Kamdar Restaurant,Advaith Aurora,19,Desserts,10:00:00,22:00:00,3.8,4107,23.45,1
3633,"Nanda, Kari and Sheth Restaurant",Ryan Madan,1,Chinese,09:00:00,22:00:00,3.7,523,18.59,0
3634,Chana-Saxena Restaurant,Manan Kapoor,15,Gujarati,08:00:00,23:30:00,4.6,4933,19.37,0
3635,"Choudhry, Jha and Hora Restaurant",Ishwar Arora,15,Desserts,08:00:00,23:00:00,4.3,1161,22.88,0
3636,"Lad, Mandal and Chander Restaurant",Chandani Devan,3,Fast Food,08:00:00,22:00:00,4.2,3233,17.76,0
3637,Chaudhary Group Restaurant,Anya Mani,29,Chinese,08:00:00,23:00:00,3.6,1305,24.0,0
3638,Hegde Group Restaurant,Ucchal Singhal,2,Fast Food,08:00:00,23:00:00,3.9,1468,28.58,1
3639,"Rama, Virk and Pathak Restaurant",Osha Balay,44,Italian,10:00:00,22:00:00,4.8,3153,24.06,1
3640,Joshi-Krishnamurthy Restaurant,Pranit Bath,1,Burger,08:00:00,22:00:00,4.6,290,29.57,0
3641,Sangha-Boase Restaurant,Falak Oak,15,Maharashtrian,08:00:00,23:30:00,3.1,4375,26.7,1
3642,Vaidya PLC Restaurant,Anmol Chadha,1,Chinese,08:00:00,22:00:00,3.8,4812,15.73,0
3643,Gulati-Gera Restaurant,Qadim Barman,42,Italian,08:00:00,23:00:00,4.2,4029,24.06,0
3644,Mangat PLC Restaurant,Sai Morar,39,North Indian,08:00:00,22:00:00,4.3,1525,25.63,1
3645,Loke-Brahmbhatt Restaurant,Om Kanda,28,South Indian,09:00:00,22:00:00,3.4,2809,20.65,1
3646,Pai-Sangha Restaurant,Ronith Thaker,45,Biryani,08:00:00,23:30:00,4.5,2919,29.55,1
3647,Kumer-Sen Restaurant,Noah Parmer,1,Punjabi,09:00:00,23:30:00,5.0,1188,18.4,1
3648,Wason-Pingle Restaurant,Kritika Devan,50,Pizza,10:00:00,22:00:00,3.3,1939,16.24,1
3649,Barman-Mand Restaurant,Oscar Hora,42,Gujarati,09:00:00,23:00:00,4.8,4398,26.53,1
3650,"Saraf, Lata and Bhatnagar Restaurant",Aarush Nori,22,Burger,09:00:00,23:00:00,4.5,2027,21.66,0
3651,Tella LLC Restaurant,Vasatika Loyal,40,Fast Food,09:00:00,22:00:00,4.4,875,28.8,1
3652,Chand Group Restaurant,Wahab Nagi,32,Burger,09:00:00,23:30:00,3.9,498,20.17,1
3653,"Babu, Bali and Kannan Restaurant",Faras Lala,42,Street Food,09:00:00,22:00:00,3.3,4734,17.4,0
3654,"Sane, Bedi and Mody Restaurant",Nirja Chandra,45,Gujarati,09:00:00,23:00:00,4.1,3352,24.93,0
3655,Kapadia-Shah Restaurant,Anya Kala,10,Chinese,08:00:00,22:00:00,4.4,3221,22.18,1
3656,Behl-Randhawa Restaurant,Fitan Seth,2,Burger,10:00:00,23:00:00,4.3,1695,20.03,0
3657,"Panchal, Sagar and Kunda Restaurant",Unni Deep,10,Italian,10:00:00,23:00:00,3.2,2934,23.79,0
3658,"Rama, Kaur and Raval Restaurant",Jhalak Mishra,9,Burger,10:00:00,23:30:00,4.4,4219,20.51,0
3659,"Chahal, Venkataraman and Pradhan Restaurant",Darpan Dixit,32,South Indian,08:00:00,23:00:00,4.7,4986,19.67,0
3660,Soman-Ganesan Restaurant,Advay Varughese,3,North Indian,10:00:00,22:00:00,3.9,2777,26.59,0
3661,Natt-Baria Restaurant,Lekha Bahri,37,Cafe,10:00:00,23:30:00,4.8,1236,28.11,0
3662,Keer-Patla Restaurant,Priya Bandi,14,Chinese,09:00:00,23:00:00,3.7,4134,27.77,1
3663,Bansal-Kari Restaurant,Sachi Loke,40,Italian,08:00:00,23:00:00,4.5,4405,25.7,0
3664,Upadhyay-Korpal Restaurant,Avi Randhawa,32,Gujarati,10:00:00,22:00:00,4.6,4090,21.19,0
3665,Sarraf-Kakar Restaurant,Nidhi Sinha,22,Street Food,08:00:00,23:30:00,3.3,792,16.48,1
3666,"Dara, Deshmukh and Goswami Restaurant",Osha Roy,43,Desserts,08:00:00,23:00:00,4.6,1360,25.5,1
3667,Mand-Bumb Restaurant,Yauvani Seth,19,Chinese,09:00:00,23:00:00,4.7,1824,28.07,1
3668,"Tripathi, Sankar and Narasimhan Restaurant",Yadavi Narayan,5,Cafe,08:00:00,23:00:00,3.4,2310,19.74,1
3669,"Batra, Ram and Sinha Restaurant",Oeshi Jayaraman,15,Cafe,08:00:00,23:00:00,4.9,3013,25.09,1
3670,Gara-Varma Restaurant,Mugdha Bajwa,49,Burger,10:00:00,23:00:00,5.0,2151,22.93,1
3671,"Murty, Naidu and Bains Restaurant",Lakshit Dewan,38,Burger,08:00:00,22:00:00,3.6,4752,19.32,1
3672,Shah Inc Restaurant,Pahal Brahmbhatt,8,North Indian,09:00:00,23:00:00,4.3,2599,15.09,1
3673,"Ratti, Savant and Balan Restaurant",Mahika Jha,38,Chinese,10:00:00,23:00:00,3.7,4393,28.93,0
3674,Bhat Inc Restaurant,Nicholas Aurora,10,Desserts,10:00:00,22:00:00,4.7,1055,26.26,1
3675,Handa-Goel Restaurant,Nathaniel Swaminathan,46,Biryani,08:00:00,23:30:00,4.9,2637,25.53,1
3676,Dube Group Restaurant,Samar Kaul,38,Cafe,08:00:00,23:00:00,4.4,2226,28.0,0
3677,Chana-Shankar Restaurant,Pallavi Morar,9,Maharashtrian,08:00:00,23:00:00,3.9,3061,28.52,0
3678,"Lala, Garg and Ravel Restaurant",Nakul Balan,10,Cafe,08:00:00,23:00:00,4.8,3800,23.25,0
3679,Wason Ltd Restaurant,Gagan Khanna,19,Street Food,09:00:00,23:00:00,4.4,3818,27.87,0
3680,Mittal-Bahl Restaurant,Barkha Parmer,24,South Indian,10:00:00,23:00:00,4.4,445,21.88,0
3681,"Sahota, Sengupta and Bala Restaurant",Praneel Bhatt,15,Gujarati,10:00:00,23:30:00,3.3,2417,21.79,0
3682,"Oak, Yohannan and Sarna Restaurant",Aarnav Pillai,50,Italian,08:00:00,23:00:00,4.3,1298,25.4,1
3683,Wali-Gaba Restaurant,Vincent Vala,21,South Indian,10:00:00,23:00:00,4.0,3667,15.18,0
3684,"Mall, Korpal and Bhagat Restaurant",Faqid Shukla,27,Gujarati,08:00:00,23:30:00,3.3,4281,21.4,0
3685,"Yohannan, Choudhury and Sachdeva Restaurant",Yadavi Ahluwalia,8,South Indian,08:00:00,22:00:00,3.1,421,28.37,1
3686,Puri-Madan Restaurant,Ishaan Oza,33,Street Food,09:00:00,22:00:00,3.8,2093,26.6,0
3687,"Wable, Ben and Chauhan Restaurant",Zayyan Dhar,14,Cafe,08:00:00,23:00:00,4.7,4740,20.72,0
3688,"Vaidya, Chander and Narasimhan Restaurant",Ryan Sen,45,Mughlai,10:00:00,23:00:00,4.0,722,25.46,1
3689,Contractor Group Restaurant,Nachiket Sachar,1,Desserts,09:00:00,23:30:00,4.4,4989,28.76,1
3690,"Misra, Basak and Sehgal Restaurant",Samar Balasubramanian,39,Chinese,08:00:00,23:30:00,5.0,3454,19.2,0
3691,"Zacharia, Balay and Vasa Restaurant",Suhani Dutta,8,Desserts,08:00:00,22:00:00,3.5,3047,26.45,0
3692,Doctor-Wadhwa Restaurant,Oeshi Ghosh,37,Street Food,08:00:00,23:00:00,3.1,27,16.16,1
3693,"Minhas, Mistry and Vyas Restaurant",Ayushman Bahl,19,Burger,08:00:00,23:00:00,3.7,4366,25.73,0
3694,Din-Varty Restaurant,Qarin Sibal,35,Street Food,08:00:00,22:00:00,4.9,4194,23.66,0
3695,"Majumdar, Chakrabarti and Borra Restaurant",Aarnav Sampath,19,Fast Food,10:00:00,22:00:00,3.1,523,19.08,0
3696,"Chowdhury, Rajan and Choudhary Restaurant",Urmi Ravi,23,Burger,09:00:00,23:30:00,3.7,1769,27.5,0
3697,Deo-Aurora Restaurant,Kiaan Badal,34,Gujarati,10:00:00,22:00:00,3.5,1799,22.16,1
3698,Dar Group Restaurant,Parth Sama,21,Pizza,10:00:00,22:00:00,3.4,118,16.55,1
3699,Lalla LLC Restaurant,Tejas Nanda,34,Street Food,09:00:00,23:00:00,3.6,921,22.31,1
3700,"Raj, Gour and Kulkarni Restaurant",Vedhika Ahuja,36,Fast Food,08:00:00,22:00:00,4.9,324,17.32,1
3701,Gokhale Inc Restaurant,Luke Misra,43,South Indian,09:00:00,23:30:00,4.1,4597,24.69,0
3702,Prakash and Sons Restaurant,Anirudh Chana,31,Punjabi,08:00:00,23:00:00,3.2,3016,22.74,1
3703,Kapoor Group Restaurant,Yuvraj Andra,28,Cafe,10:00:00,23:00:00,3.2,4679,23.57,1
3704,Lata PLC Restaurant,Nidhi Bhargava,29,Pizza,10:00:00,23:30:00,4.4,1674,24.96,0
3705,Puri Ltd Restaurant,Aadi Deo,27,South Indian,09:00:00,22:00:00,4.4,250,19.99,0
3706,Kibe-Prashad Restaurant,Kiaan Morar,24,Italian,09:00:00,23:00:00,4.3,568,23.82,1
3707,Pandey LLC Restaurant,Pavani Kumer,21,Biryani,10:00:00,22:00:00,4.1,2042,20.47,0
3708,"Buch, Walia and Sarraf Restaurant",Arya Babu,16,Maharashtrian,10:00:00,23:30:00,4.5,4191,17.45,0
3709,Ratta Ltd Restaurant,Yashvi Din,25,Burger,10:00:00,22:00:00,3.2,3968,20.03,0
3710,Pandey Ltd Restaurant,Wishi Kothari,5,Gujarati,09:00:00,23:30:00,4.6,3504,21.42,1
3711,"Pingle, Malhotra and Ratta Restaurant",Max Hora,39,Desserts,08:00:00,22:00:00,4.6,1678,15.1,1
3712,Kashyap Group Restaurant,Lakshmi Rau,14,Chinese,09:00:00,22:00:00,4.0,3167,21.45,0
3713,Wadhwa-Reddy Restaurant,Ethan Dayal,17,Pizza,08:00:00,23:30:00,3.7,521,17.47,0
3714,Mukherjee-Sundaram Restaurant,Krishna Bedi,34,Pizza,09:00:00,23:00:00,3.2,1974,15.07,1
3715,Grewal-Vohra Restaurant,Qarin Gandhi,13,Street Food,08:00:00,23:30:00,4.8,3885,16.88,0
3716,Dave-Apte Restaurant,Omaja Rao,41,Biryani,08:00:00,23:30:00,4.7,1387,29.25,1
3717,Setty PLC Restaurant,Peter Gulati,31,Biryani,10:00:00,22:00:00,3.2,4126,19.39,1
3718,Purohit-Dubey Restaurant,Tanveer Nagi,9,Punjabi,10:00:00,23:00:00,4.3,3214,17.98,0
3719,"Sood, Ratta and Varma Restaurant",Warhi Seshadri,1,Biryani,08:00:00,22:00:00,3.1,1179,25.74,1
3720,"Grover, Pradhan and Saraf Restaurant",Charvi Dara,10,Italian,09:00:00,23:30:00,3.6,1794,28.33,0
3721,Kumar PLC Restaurant,Chandran Virk,23,Punjabi,10:00:00,23:00:00,4.7,3682,29.78,0
3722,Koshy-Chandran Restaurant,Ryan Wable,49,Maharashtrian,10:00:00,23:00:00,4.9,4768,23.74,1
3723,"Gupta, Chad and Dubey Restaurant",Neha Anne,7,Burger,09:00:00,23:30:00,4.2,2886,26.58,1
3724,Agrawal Inc Restaurant,Chameli Bawa,50,Biryani,09:00:00,23:00:00,3.1,3113,22.86,0
3725,"Shukla, Rastogi and Din Restaurant",Dalaja Karan,13,Fast Food,09:00:00,22:00:00,3.0,3023,17.29,1
3726,Mane Ltd Restaurant,Teerth Mital,9,Gujarati,09:00:00,23:30:00,4.4,1627,26.7,0
3727,Badal and Sons Restaurant,Ekanta Doshi,45,Chinese,08:00:00,22:00:00,4.2,2136,18.66,0
3728,"Singhal, Deo and Bali Restaurant",Falak Rajagopal,30,North Indian,09:00:00,23:30:00,3.6,2012,21.32,0
3729,Dutta-Deshmukh Restaurant,Advay Narayan,22,Biryani,10:00:00,23:30:00,3.2,2713,15.56,0
3730,"Dora, Bhakta and Venkataraman Restaurant",Vivaan Nayar,3,South Indian,09:00:00,23:30:00,4.7,1260,21.29,0
3731,Balasubramanian PLC Restaurant,Pooja Sangha,33,North Indian,08:00:00,23:00:00,3.7,4704,25.77,1
3732,"Chaudry, Lal and Rattan Restaurant",Bahadurjit Pingle,30,Street Food,09:00:00,23:30:00,3.9,4577,28.78,0
3733,Walla-Deep Restaurant,Frederick Som,15,Pizza,09:00:00,23:30:00,4.0,1715,20.37,0
3734,"Patla, Korpal and Agate Restaurant",Nilima Rege,39,Chinese,08:00:00,23:00:00,4.1,3886,23.55,1
3735,Vora Group Restaurant,Varsha Dua,25,Italian,10:00:00,23:30:00,4.8,3193,27.8,0
3736,"Mannan, Ahuja and Mukherjee Restaurant",Damyanti Swaminathan,10,North Indian,08:00:00,22:00:00,4.9,4073,25.39,1
3737,Dara-Gade Restaurant,Umang Bora,28,Pizza,08:00:00,23:30:00,3.3,3238,23.08,1
3738,"Hari, Subramaniam and Mutti Restaurant",Gunbir Arya,38,Street Food,08:00:00,23:30:00,4.0,1072,19.35,0
3739,Taneja Group Restaurant,Ronith Gara,3,Punjabi,10:00:00,23:30:00,4.3,190,23.19,0
3740,Taneja LLC Restaurant,Upkaar Saini,6,Fast Food,10:00:00,23:30:00,3.8,163,19.79,0
3741,Gola Inc Restaurant,Gauri Bobal,36,Cafe,09:00:00,23:00:00,3.4,1193,22.43,0
3742,"Issac, Varty and Sule Restaurant",Shivansh Sharaf,26,Gujarati,08:00:00,23:30:00,3.1,1643,29.83,1
3743,Gupta LLC Restaurant,Chaaya Mukherjee,27,Desserts,10:00:00,22:00:00,3.8,1664,27.18,0
3744,Sen-Mangat Restaurant,Anika Tak,4,North Indian,10:00:00,22:00:00,4.2,4331,27.31,0
3745,Bal-Sawhney Restaurant,Kabir Kar,5,Mughlai,09:00:00,23:30:00,3.2,49,27.14,1
3746,Bhatti-Ahluwalia Restaurant,Odika Nagy,35,North Indian,08:00:00,23:30:00,4.3,1909,20.04,1
3747,Bora Group Restaurant,Ishanvi Chakraborty,5,Pizza,10:00:00,23:30:00,4.5,434,24.32,0
3748,Khare-Ganesan Restaurant,Farhan Loyal,4,Street Food,09:00:00,23:30:00,3.4,3653,21.26,0
3749,Rajagopal-Hans Restaurant,Balhaar Borah,16,Cafe,09:00:00,23:00:00,3.3,222,22.68,0
3750,"Pandya, Upadhyay and Agarwal Restaurant",Hiral Brar,9,Chinese,10:00:00,23:30:00,3.9,567,20.23,1
3751,"Chandran, Nagi and Seth Restaurant",Anika Ramanathan,50,Biryani,10:00:00,23:00:00,4.5,50,28.08,0
3752,"Pau, Kothari and Dada Restaurant",Champak Swamy,5,Desserts,08:00:00,22:00:00,5.0,4513,29.2,0
3753,Agate-Bedi Restaurant,Advay Korpal,1,Desserts,10:00:00,23:00:00,4.0,1681,24.07,1
3754,Mukhopadhyay LLC Restaurant,Jacob Zacharia,9,South Indian,10:00:00,23:30:00,5.0,2546,17.1,1
3755,Badami-Kothari Restaurant,Pranav Bumb,39,Italian,09:00:00,23:00:00,4.5,2936,24.71,0
3756,"Bajwa, Kadakia and Raja Restaurant",Naveen Baral,26,Cafe,09:00:00,23:00:00,4.0,825,22.64,1
3757,Varkey LLC Restaurant,Arya Bail,26,Desserts,08:00:00,23:30:00,4.1,1795,21.14,0
3758,"Saxena, Walla and Zachariah Restaurant",Max Ramanathan,28,Mughlai,10:00:00,23:30:00,4.3,221,16.32,1
3759,Dugar-Nigam Restaurant,Lavanya Mandal,50,Cafe,10:00:00,22:00:00,3.9,3309,17.58,0
3760,"Sarkar, Jhaveri and Jani Restaurant",Hema Sahni,12,Burger,09:00:00,23:00:00,3.9,4237,15.17,0
3761,Iyengar Inc Restaurant,Upadhriti Mital,29,Gujarati,09:00:00,22:00:00,4.9,2681,17.54,0
3762,Bail-Thakur Restaurant,Rachana Sura,30,Fast Food,10:00:00,23:30:00,3.5,2624,23.48,0
3763,Tiwari Ltd Restaurant,Brijesh Ganguly,9,Pizza,09:00:00,23:30:00,4.0,3828,17.28,1
3764,Dalal PLC Restaurant,Baghyawati Kapadia,39,Desserts,09:00:00,23:00:00,3.6,4517,27.58,1
3765,Chanda and Sons Restaurant,Madhavi Radhakrishnan,48,Mughlai,08:00:00,23:00:00,3.1,613,28.78,1
3766,Char LLC Restaurant,Hamsini Batta,8,Cafe,09:00:00,22:00:00,4.8,3194,19.94,0
3767,Gaba-Rastogi Restaurant,Quincy Dar,37,South Indian,08:00:00,23:30:00,4.9,2907,28.01,1
3768,Rau Inc Restaurant,Suhani Dutt,6,Mughlai,10:00:00,23:00:00,3.2,955,27.62,1
3769,Badami LLC Restaurant,Upma Amble,34,Burger,08:00:00,22:00:00,4.7,2977,26.61,0
3770,Sood-Mahajan Restaurant,Arya Minhas,46,Maharashtrian,08:00:00,23:00:00,3.5,1502,22.84,1
3771,Bhandari-Wali Restaurant,Ronith Buch,36,Desserts,09:00:00,23:00:00,4.3,427,24.4,0
3772,Bhatt-Mann Restaurant,Ethan Nori,50,Chinese,10:00:00,22:00:00,3.0,852,25.97,0
3773,"Kohli, Magar and Sama Restaurant",Lila Reddy,22,Gujarati,08:00:00,22:00:00,4.3,3226,27.53,0
3774,Reddy and Sons Restaurant,Eta Prashad,32,Fast Food,08:00:00,23:30:00,4.5,208,21.02,1
3775,Patla and Sons Restaurant,Lakshit Rajagopalan,10,Chinese,08:00:00,22:00:00,4.7,3362,24.07,0
3776,Warrior LLC Restaurant,Kai Prakash,41,Mughlai,08:00:00,23:00:00,3.3,362,15.2,1
3777,Sen-Ahuja Restaurant,Lipika Varughese,41,Italian,08:00:00,22:00:00,4.6,1435,28.57,1
3778,Bava-Narayanan Restaurant,Maya Khalsa,9,Fast Food,10:00:00,23:30:00,3.9,1979,22.04,1
3779,Randhawa Group Restaurant,Radha Anand,2,Punjabi,09:00:00,23:00:00,4.8,773,27.1,1
3780,Basu-Dayal Restaurant,Pushti Lata,20,Burger,10:00:00,23:30:00,3.7,3362,25.17,1
3781,Dara Inc Restaurant,Caleb Dani,17,North Indian,10:00:00,23:00:00,4.1,4058,26.83,1
3782,Bhargava Ltd Restaurant,Ayush Dhar,42,Fast Food,09:00:00,23:00:00,3.4,2725,25.87,1
3783,Deshmukh-Bajaj Restaurant,Harinakshi Dugar,25,Gujarati,09:00:00,23:30:00,5.0,3451,20.31,0
3784,"Iyengar, Sharma and Prabhakar Restaurant",Jeevika Kashyap,43,Punjabi,09:00:00,23:30:00,3.4,2450,23.42,0
3785,Grover Group Restaurant,Chandran Walla,43,Street Food,09:00:00,23:30:00,4.1,3534,24.45,1
3786,Bassi-Deol Restaurant,Ikshita Tailor,32,Italian,09:00:00,23:00:00,4.7,4260,19.7,0
3787,Nagy-Kurian Restaurant,Laksh Bassi,2,Desserts,10:00:00,23:00:00,3.9,4316,22.06,1
3788,Mangal-Manda Restaurant,Forum Kar,16,Chinese,10:00:00,23:00:00,4.5,4614,18.28,1
3789,"Chana, Dash and Babu Restaurant",Lopa Pall,20,Italian,10:00:00,23:00:00,5.0,2782,28.0,0
3790,"Palla, Wagle and Kakar Restaurant",Barkha Narayanan,23,North Indian,10:00:00,23:00:00,3.6,508,20.42,0
3791,Ravi-Dugar Restaurant,Kamala Dixit,39,Chinese,10:00:00,23:00:00,3.8,1373,25.99,0
3792,Tak PLC Restaurant,Charles Murty,4,Biryani,08:00:00,23:00:00,3.3,4963,26.38,0
3793,"Reddy, Rai and Arora Restaurant",Nilima Chauhan,45,Biryani,09:00:00,22:00:00,4.8,4034,28.6,1
3794,Dewan-Mukherjee Restaurant,Azaan Sem,18,Gujarati,09:00:00,23:30:00,4.3,59,18.63,0
3795,Minhas Group Restaurant,Oviya Ravi,5,Burger,08:00:00,23:00:00,4.1,2896,16.65,0
3796,Deep and Sons Restaurant,Dev Pau,44,Chinese,10:00:00,23:30:00,4.3,2476,29.89,0
3797,"Patla, Bala and Bobal Restaurant",Rushil Agrawal,43,Chinese,10:00:00,22:00:00,3.6,2833,18.4,0
3798,Sastry and Sons Restaurant,Pallavi Taneja,9,Street Food,09:00:00,23:30:00,3.5,1924,27.37,1
3799,Mutti Group Restaurant,Idika Vyas,40,Desserts,09:00:00,22:00:00,3.2,843,16.68,0
3800,Bhatia-Prakash Restaurant,Praneel Kumer,43,Pizza,10:00:00,22:00:00,3.5,1386,21.02,0
3801,Borde-Kadakia Restaurant,Eta Mohanty,30,Desserts,09:00:00,22:00:00,4.1,3135,28.59,1
3802,Lanka-Bhalla Restaurant,Aishani Pau,8,Punjabi,08:00:00,23:30:00,3.7,1850,22.93,1
3803,Chatterjee Ltd Restaurant,Unni Bhagat,23,Fast Food,09:00:00,22:00:00,3.5,3553,29.65,0
3804,Sharma-Dasgupta Restaurant,Mitali Saran,38,Italian,09:00:00,22:00:00,3.2,2513,20.16,1
3805,"Mital, Ravel and Kala Restaurant",Ganga Rama,21,Cafe,10:00:00,22:00:00,4.4,276,28.86,1
3806,Keer and Sons Restaurant,Warda Lalla,9,Biryani,08:00:00,23:30:00,4.7,3425,21.83,0
3807,"Sharma, Randhawa and Amble Restaurant",Upadhriti Bawa,29,Fast Food,09:00:00,22:00:00,5.0,1170,27.69,1
3808,Kibe Ltd Restaurant,Urvi Chakrabarti,31,Pizza,09:00:00,23:30:00,4.4,1386,26.42,1
3809,"Lanka, Konda and Ahuja Restaurant",Quincy Gade,7,Chinese,09:00:00,22:00:00,4.0,4326,16.78,1
3810,Parsa Group Restaurant,Wyatt Kalla,26,Chinese,08:00:00,23:30:00,4.2,505,21.36,0
3811,Dhawan Ltd Restaurant,Simon Deol,6,Maharashtrian,09:00:00,22:00:00,3.0,1944,28.84,1
3812,Ravel LLC Restaurant,Balveer Grewal,5,Burger,10:00:00,23:00:00,4.9,2565,20.03,1
3813,"Deol, Nagy and Khatri Restaurant",Megha Sharma,47,Maharashtrian,10:00:00,23:30:00,3.3,1044,28.72,1
3814,Grover-Kuruvilla Restaurant,Reva Solanki,29,Italian,10:00:00,22:00:00,4.9,1783,19.21,0
3815,Dutta and Sons Restaurant,Lohit Batra,50,Mughlai,10:00:00,23:30:00,4.9,2547,22.53,0
3816,Khare Ltd Restaurant,Anthony Chandra,43,Fast Food,10:00:00,22:00:00,3.1,3045,24.12,0
3817,Acharya-Bhattacharyya Restaurant,Ranbir Kari,26,Fast Food,09:00:00,22:00:00,4.7,1205,23.29,0
3818,Varty LLC Restaurant,Lakshit Kala,7,Italian,09:00:00,22:00:00,3.9,3059,21.62,1
3819,Talwar-Bobal Restaurant,Aditya Subramanian,12,Maharashtrian,10:00:00,22:00:00,3.2,2733,19.39,0
3820,Nagi-Chad Restaurant,Amruta Oommen,48,Fast Food,10:00:00,23:00:00,3.4,716,22.82,0
3821,Ramachandran Inc Restaurant,Ekiya Sarin,42,Fast Food,08:00:00,23:00:00,4.8,3071,18.38,0
3822,"Boase, Jaggi and Kant Restaurant",Ayushman Aggarwal,3,Gujarati,10:00:00,22:00:00,4.3,4814,22.26,0
3823,"Ramaswamy, Mane and Korpal Restaurant",Mohammed Gour,44,Gujarati,08:00:00,23:00:00,3.0,1224,25.25,0
3824,Dora-Dave Restaurant,Shivani Sibal,44,Street Food,09:00:00,23:30:00,3.3,2803,27.13,1
3825,Kamdar-Jani Restaurant,Oeshi Toor,14,Desserts,08:00:00,23:30:00,3.2,3520,17.12,0
3826,"Bandi, Rao and Ratti Restaurant",Vanya Bala,48,North Indian,10:00:00,23:30:00,4.0,1294,17.35,0
3827,Aggarwal-Johal Restaurant,Charles Khanna,26,Maharashtrian,08:00:00,23:00:00,3.9,3792,21.53,1
3828,Banerjee-Nayak Restaurant,Omkaar Thakur,8,Cafe,08:00:00,23:00:00,3.3,4229,25.24,1
3829,Deshmukh-Mani Restaurant,Baljiwan Solanki,1,Biryani,10:00:00,23:00:00,3.7,4893,26.11,0
3830,"Mishra, Bera and Deo Restaurant",Anamika Badami,24,Desserts,08:00:00,22:00:00,3.5,2623,15.77,0
3831,"Saraf, Solanki and Peri Restaurant",Priya Setty,1,Chinese,10:00:00,23:00:00,4.5,4285,18.66,1
3832,Devi-Prabhu Restaurant,Qushi Dutta,36,Maharashtrian,08:00:00,22:00:00,4.5,2556,24.57,0
3833,Baral and Sons Restaurant,Rayaan Trivedi,11,Maharashtrian,09:00:00,23:30:00,3.8,3268,15.71,0
3834,"Parikh, Raval and Lala Restaurant",Ekavir Mandal,18,North Indian,10:00:00,23:30:00,4.6,2257,21.12,1
3835,"Sem, Loke and Murty Restaurant",Sathvik Chawla,44,Pizza,09:00:00,23:30:00,3.1,1217,18.6,1
3836,"Kalla, Sundaram and Mall Restaurant",Aarini Toor,35,Mughlai,08:00:00,22:00:00,3.2,2015,27.45,0
3837,Banerjee-Murty Restaurant,Akshay Manda,29,Chinese,08:00:00,22:00:00,4.7,2588,16.5,0
3838,"Johal, Dhar and Saha Restaurant",Chaman Kalita,18,Burger,08:00:00,22:00:00,4.1,1328,17.23,0
3839,Deep Ltd Restaurant,Aarini Raj,16,Mughlai,10:00:00,23:30:00,3.3,1953,17.61,0
3840,De Inc Restaurant,Falan Chawla,44,Punjabi,08:00:00,23:30:00,3.8,1015,25.85,1
3841,Mani-Nori Restaurant,Zayan Babu,15,Burger,08:00:00,22:00:00,4.1,724,24.73,1
3842,Bora and Sons Restaurant,Rajeshri Gade,16,Punjabi,09:00:00,23:30:00,3.0,4200,23.89,1
3843,Hans PLC Restaurant,Widisha Mital,42,Biryani,09:00:00,23:00:00,3.4,370,15.35,0
3844,Edwin LLC Restaurant,Triya Thaman,6,Fast Food,10:00:00,23:30:00,3.2,432,29.5,0
3845,"Swamy, Bhatt and Varghese Restaurant",Kabir Jayaraman,30,South Indian,09:00:00,22:00:00,3.5,3011,28.07,0
3846,Vora-Subramanian Restaurant,Forum Mannan,42,Gujarati,10:00:00,23:30:00,3.6,1497,18.25,0
3847,Rama PLC Restaurant,Leena Bose,34,Pizza,08:00:00,22:00:00,4.8,4805,26.3,1
3848,"Iyengar, Kumer and Pingle Restaurant",Damini Sibal,42,Fast Food,09:00:00,23:00:00,4.9,3463,24.08,0
3849,"Yadav, Madan and Raman Restaurant",Ekta Varma,40,Burger,09:00:00,23:00:00,3.8,961,24.0,1
3850,Sawhney-Luthra Restaurant,Reyansh Khurana,28,Biryani,08:00:00,22:00:00,3.9,972,25.32,1
3851,Saxena and Sons Restaurant,Megha Dar,49,Chinese,09:00:00,22:00:00,4.2,3303,16.6,1
3852,Bhargava PLC Restaurant,Omisha Chacko,49,Desserts,09:00:00,23:00:00,4.1,226,20.58,1
3853,Rattan-Deo Restaurant,Hardik Sahota,14,Biryani,08:00:00,22:00:00,4.1,4318,22.17,1
3854,Parekh-Nagar Restaurant,Yashawini Ray,3,Chinese,10:00:00,22:00:00,3.4,2384,25.01,0
3855,Narayanan-Tata Restaurant,Ekantika Narang,20,Fast Food,09:00:00,23:00:00,3.4,3495,18.07,0
3856,Tak-Pandey Restaurant,Orinder Kumar,1,Fast Food,10:00:00,22:00:00,3.1,3764,21.24,0
3857,Sankar-Maharaj Restaurant,Abhimanyu Ben,44,Fast Food,08:00:00,23:30:00,4.3,3088,17.78,0
3858,Viswanathan-Sekhon Restaurant,Oeshi Wali,8,Maharashtrian,09:00:00,23:30:00,4.5,1717,28.31,1
3859,Manne Ltd Restaurant,Ishanvi Bora,17,Biryani,08:00:00,23:00:00,3.8,3109,23.08,1
3860,Raja-Pandit Restaurant,Ekta Chhabra,38,Mughlai,09:00:00,22:00:00,3.4,4535,23.38,0
3861,Gill LLC Restaurant,Abha Biswas,1,North Indian,09:00:00,23:30:00,3.4,4962,28.81,0
3862,"Sodhi, Minhas and Ahluwalia Restaurant",Saksham Jaggi,26,Punjabi,08:00:00,23:30:00,4.7,2842,23.65,0
3863,"Ray, Warrior and Sandhu Restaurant",Yauvani Kaul,48,Chinese,10:00:00,23:30:00,3.2,1393,22.24,0
3864,Singhal-Barman Restaurant,Sneha Bahri,25,Pizza,10:00:00,22:00:00,3.6,377,28.62,0
3865,Rege and Sons Restaurant,Chanchal Loyal,25,Punjabi,10:00:00,22:00:00,4.2,691,23.15,0
3866,Kala PLC Restaurant,Darsh Ghose,9,Mughlai,08:00:00,23:00:00,4.0,4268,17.89,0
3867,Natarajan Ltd Restaurant,Udant Balasubramanian,35,South Indian,09:00:00,23:30:00,4.2,3300,24.78,1
3868,"Mall, Biswas and Kala Restaurant",Advik Sant,22,Gujarati,09:00:00,23:30:00,4.2,4285,24.84,1
3869,"Bhatti, Soni and Sundaram Restaurant",Krishna Mahajan,19,Maharashtrian,10:00:00,23:00:00,4.2,485,19.74,0
3870,Dua-Luthra Restaurant,Shaurya Patil,7,Biryani,08:00:00,22:00:00,3.6,3372,26.86,1
3871,Madan-Vyas Restaurant,Chanchal Nadkarni,23,Mughlai,10:00:00,22:00:00,4.1,4398,24.94,0
3872,Shetty and Sons Restaurant,Krishna Swamy,28,South Indian,09:00:00,22:00:00,4.3,2587,21.1,0
3873,Upadhyay-Atwal Restaurant,Wishi Kapoor,7,Burger,08:00:00,22:00:00,3.3,3796,29.72,1
3874,"Krishnamurthy, Bahl and Nayar Restaurant",Logan Sankaran,23,Biryani,08:00:00,23:30:00,4.7,3414,16.55,1
3875,Ganguly Ltd Restaurant,Anamika Din,39,Burger,08:00:00,23:00:00,4.8,4174,16.07,0
3876,"Basu, Kaul and Chana Restaurant",Logan Natarajan,34,Desserts,10:00:00,23:30:00,4.2,4777,28.31,0
3877,"Mand, Badal and Sidhu Restaurant",Devika Dube,26,Mughlai,08:00:00,23:30:00,3.1,1717,24.65,0
3878,Karan Inc Restaurant,Tripti Sinha,32,South Indian,09:00:00,23:00:00,3.7,1426,16.72,0
3879,Walia-Sarkar Restaurant,Janani Pau,45,Italian,09:00:00,22:00:00,4.6,2003,16.15,1
3880,More Inc Restaurant,Amara Virk,18,Maharashtrian,08:00:00,22:00:00,3.6,4952,27.52,0
3881,"Dutt, Jaggi and Aggarwal Restaurant",Ekaja Venkatesh,31,Gujarati,08:00:00,23:30:00,3.7,2443,20.57,1
3882,Varkey-Malhotra Restaurant,Osha Dutt,33,Italian,09:00:00,23:30:00,3.8,1940,25.2,0
3883,Kannan and Sons Restaurant,Azaan Patel,10,Biryani,09:00:00,23:30:00,3.4,1282,17.18,1
3884,"Puri, Mammen and Gandhi Restaurant",Osha Srivastava,50,Street Food,09:00:00,22:00:00,3.9,2250,16.05,0
3885,Varty-Kadakia Restaurant,Sachi Hans,21,Mughlai,08:00:00,23:30:00,4.5,2101,27.48,1
3886,"Agate, Rajagopalan and Rau Restaurant",Tanay Chadha,12,Street Food,08:00:00,23:30:00,5.0,1559,21.09,0
3887,Chanda-Wagle Restaurant,Upadhriti Zachariah,8,Punjabi,10:00:00,23:00:00,3.5,4920,18.92,1
3888,"Doctor, Menon and Din Restaurant",Janaki Oak,7,Desserts,08:00:00,23:30:00,4.5,2081,19.78,0
3889,"Muni, Sachdeva and Bajaj Restaurant",Michael Keer,21,Burger,08:00:00,22:00:00,4.2,91,28.42,1
3890,Sharma Ltd Restaurant,Thomas Som,39,Burger,10:00:00,23:30:00,4.5,397,24.76,1
3891,Seshadri PLC Restaurant,Max Garg,45,Gujarati,09:00:00,23:00:00,4.8,4765,23.08,0
3892,Sinha Ltd Restaurant,Balendra Sangha,41,Fast Food,10:00:00,22:00:00,4.1,4979,27.99,0
3893,Mahajan-Sem Restaurant,Avni Shukla,30,Biryani,10:00:00,22:00:00,3.7,781,21.28,0
3894,Naidu-Lad Restaurant,Sai Salvi,5,Street Food,08:00:00,22:00:00,4.9,3874,17.88,1
3895,Murthy-Murthy Restaurant,Faras Zachariah,29,North Indian,09:00:00,23:30:00,3.3,3942,24.85,1
3896,"Baral, Sethi and Kade Restaurant",Yoshita Bhatti,1,Punjabi,08:00:00,23:00:00,3.3,1426,24.7,1
3897,Bhattacharyya-Nagi Restaurant,Dalbir Mittal,7,Punjabi,10:00:00,23:30:00,4.8,1900,27.16,0
3898,Uppal-Ramakrishnan Restaurant,Nidhi Kade,27,Gujarati,08:00:00,22:00:00,4.5,3574,19.69,0
3899,"Lall, Vala and Savant Restaurant",Samesh Vohra,7,Street Food,10:00:00,22:00:00,4.3,2559,19.35,0
3900,Dugal Inc Restaurant,Mohini Buch,19,Cafe,10:00:00,23:00:00,3.3,272,17.36,1
3901,Khanna PLC Restaurant,Ikbal Gole,16,Cafe,09:00:00,22:00:00,4.4,2540,21.59,1
3902,Bala Ltd Restaurant,Gaurang Chaudhry,45,Street Food,08:00:00,22:00:00,4.3,4236,21.39,0
3903,Zacharia PLC Restaurant,Guneet Vaidya,22,Burger,09:00:00,22:00:00,4.2,4738,19.28,1
3904,Bala Ltd Restaurant,Abhimanyu Ratti,32,Pizza,08:00:00,23:30:00,4.1,552,28.46,1
3905,Bansal-Dani Restaurant,Suhani Deo,3,Pizza,09:00:00,23:30:00,3.3,2680,29.85,0
3906,Srivastava and Sons Restaurant,Lila Kashyap,33,Street Food,08:00:00,23:00:00,4.7,598,15.41,0
3907,Maharaj Ltd Restaurant,Daksha Sha,21,Burger,09:00:00,23:30:00,3.5,4754,23.9,0
3908,Kibe Ltd Restaurant,Chaitanya Salvi,3,Gujarati,08:00:00,22:00:00,4.0,3146,21.49,1
3909,Narang-Sharma Restaurant,Zilmil Kar,39,Chinese,08:00:00,23:30:00,3.7,1918,23.06,0
3910,Nigam LLC Restaurant,Agastya Sur,37,Fast Food,08:00:00,22:00:00,4.3,4458,26.74,0
3911,Keer-Chaudhuri Restaurant,Tejas Chaudhry,39,Gujarati,08:00:00,23:30:00,4.6,2523,16.9,0
3912,Narayan-Oak Restaurant,Eesha Sarraf,19,North Indian,09:00:00,23:00:00,4.3,4217,26.17,1
3913,"Bali, Parmar and Datta Restaurant",Vanya Kapadia,27,Italian,08:00:00,23:00:00,4.3,4433,24.07,0
3914,"Mahal, Mammen and Lall Restaurant",Deepa Pillai,17,Italian,09:00:00,23:00:00,3.2,4335,20.72,1
3915,"Yogi, Kadakia and Cheema Restaurant",Deepa Bhatt,47,North Indian,10:00:00,23:00:00,4.6,2985,27.18,0
3916,Subramanian-Behl Restaurant,Michael Karan,19,Italian,10:00:00,23:30:00,3.4,1114,23.32,1
3917,"Naidu, Bawa and Issac Restaurant",Sachi Comar,2,Biryani,09:00:00,22:00:00,3.7,197,23.66,1
3918,Ramaswamy-Walla Restaurant,Baljiwan Sarma,11,Cafe,10:00:00,23:30:00,4.8,4304,27.1,1
3919,Sekhon-Yogi Restaurant,Lucky Kata,39,Fast Food,09:00:00,23:30:00,4.7,2057,23.54,1
3920,"Mittal, Loke and Parikh Restaurant",Yauvani Manne,19,Pizza,08:00:00,23:00:00,4.2,3872,21.07,0
3921,Sabharwal-Solanki Restaurant,Aryan Kata,17,Biryani,08:00:00,23:30:00,4.0,57,15.56,1
3922,Sane-Misra Restaurant,Dominic Sankaran,18,Chinese,10:00:00,23:30:00,4.9,1758,29.02,1
3923,Desai PLC Restaurant,Varsha Kamdar,48,Punjabi,10:00:00,23:30:00,3.8,3110,22.75,1
3924,Toor-Joshi Restaurant,Isha Tara,28,Biryani,10:00:00,23:30:00,4.2,2135,21.85,1
3925,Sethi-Dyal Restaurant,Reva Kaur,45,South Indian,09:00:00,23:30:00,4.7,202,28.08,1
3926,Upadhyay Group Restaurant,Baljiwan Deshpande,38,North Indian,08:00:00,23:00:00,4.2,692,16.21,0
3927,"Chakrabarti, Narula and Pillay Restaurant",Nihal Karan,34,Fast Food,10:00:00,23:00:00,3.2,3232,22.21,1
3928,Gill LLC Restaurant,Keya Pradhan,27,Burger,10:00:00,23:00:00,3.0,2794,16.15,1
3929,Palan Ltd Restaurant,Yug Sant,2,Gujarati,08:00:00,23:00:00,4.0,2416,18.91,0
3930,Bajwa-Shukla Restaurant,Charita Manne,14,Fast Food,10:00:00,22:00:00,4.9,3034,24.16,1
3931,Sinha-Kumar Restaurant,Patrick Das,37,Mughlai,09:00:00,22:00:00,4.8,2299,19.86,0
3932,Parikh-Mander Restaurant,Vidhi Loyal,42,Pizza,09:00:00,23:00:00,4.7,4743,26.86,0
3933,"Contractor, Samra and Bhatt Restaurant",Aarush Nayar,32,Pizza,09:00:00,22:00:00,3.3,2185,28.52,1
3934,Edwin and Sons Restaurant,Yochana Chandra,5,Biryani,10:00:00,23:30:00,4.2,2732,27.02,0
3935,Bora-Mangat Restaurant,Vedant Mital,20,North Indian,08:00:00,23:00:00,3.1,1991,23.08,1
3936,Srinivasan-Raju Restaurant,Aadhya Jani,28,Punjabi,08:00:00,23:00:00,4.7,2484,22.71,0
3937,"Sur, Sengupta and Mani Restaurant",Kabir Dass,41,Burger,08:00:00,23:30:00,4.3,4713,18.67,1
3938,"Ravel, Mani and Khurana Restaurant",Ayush Doshi,36,Desserts,08:00:00,23:30:00,3.8,2666,22.68,0
3939,Pall-Balan Restaurant,Rachit Dada,2,Punjabi,08:00:00,22:00:00,4.5,1177,21.59,1
3940,"Gulati, Sagar and Purohit Restaurant",Tripti Dasgupta,39,Pizza,08:00:00,23:30:00,4.3,32,26.39,1
3941,"Purohit, Sagar and Sachdev Restaurant",Faras Agarwal,10,Street Food,10:00:00,23:00:00,3.9,4314,20.64,1
3942,Munshi Ltd Restaurant,Wridesh Mall,4,Street Food,08:00:00,23:00:00,3.7,1221,15.77,0
3943,Balay and Sons Restaurant,Kiaan Kannan,48,Burger,08:00:00,23:00:00,3.6,2324,18.17,1
3944,Baral-Bora Restaurant,Raksha Sampath,26,Mughlai,10:00:00,23:00:00,4.5,2023,18.49,0
3945,"Kant, Sama and Sura Restaurant",Amol Chandra,44,Chinese,08:00:00,22:00:00,3.7,3474,16.33,0
3946,Sethi-Bora Restaurant,Mason Modi,29,Street Food,08:00:00,22:00:00,4.8,2489,19.2,1
3947,Raval-Dara Restaurant,Chaaya Bala,30,Biryani,09:00:00,22:00:00,4.4,1133,20.82,1
3948,"Gala, Kakar and Korpal Restaurant",Dev Shankar,29,Mughlai,09:00:00,23:30:00,3.1,4560,28.72,1
3949,Rana-Patel Restaurant,Damyanti Dey,32,Fast Food,09:00:00,23:00:00,4.2,2369,24.75,1
3950,Ben-Choudhary Restaurant,Yatin Suri,33,Punjabi,09:00:00,22:00:00,4.2,1578,21.69,1
3951,Raghavan and Sons Restaurant,Ishanvi Raj,17,Street Food,08:00:00,22:00:00,4.0,3835,21.3,1
3952,"Natt, Parekh and Dugar Restaurant",Vedika Sarna,19,North Indian,09:00:00,22:00:00,3.0,3952,21.32,1
3953,Lall-Chanda Restaurant,Chakradev Bal,6,Fast Food,10:00:00,23:00:00,3.7,2461,16.32,1
3954,Naik Inc Restaurant,Gaurika Oza,49,Biryani,08:00:00,23:30:00,4.6,506,24.33,0
3955,Joshi LLC Restaurant,Aadhya Rastogi,3,Gujarati,10:00:00,22:00:00,4.1,2295,26.08,1
3956,Dhaliwal-Gole Restaurant,Aadi Mital,24,Burger,09:00:00,23:30:00,4.0,2003,26.17,1
3957,Khosla-Kaur Restaurant,Zayyan Patel,22,Italian,10:00:00,23:00:00,4.3,3482,20.48,1
3958,Radhakrishnan-Chacko Restaurant,Vasatika Master,12,Street Food,08:00:00,23:30:00,3.3,3391,21.45,0
3959,"Hora, Dixit and Parmar Restaurant",Ishwar Lad,41,Gujarati,10:00:00,22:00:00,4.7,321,18.9,0
3960,"Shankar, Vora and Varughese Restaurant",Edhitha Kala,37,Punjabi,08:00:00,22:00:00,3.1,2031,27.22,1
3961,Desai Ltd Restaurant,Bimala Atwal,27,South Indian,08:00:00,23:30:00,4.4,4917,22.53,1
3962,"Nagy, Mangal and Kohli Restaurant",Warhi Saran,21,South Indian,08:00:00,23:30:00,3.2,2627,22.54,1
3963,Chandran-Varkey Restaurant,Charles Wadhwa,18,Burger,09:00:00,22:00:00,3.6,2530,22.06,1
3964,Thakkar-Behl Restaurant,Harish Wason,6,Mughlai,10:00:00,23:30:00,3.8,4008,25.03,1
3965,Kohli-Chada Restaurant,Samuel Chad,47,Biryani,10:00:00,23:30:00,3.8,3160,23.21,0
3966,Chanda-Bhattacharyya Restaurant,Veer Sant,46,Maharashtrian,08:00:00,23:30:00,3.7,1110,20.53,1
3967,Warrior-Sachar Restaurant,Hemang Aurora,39,Maharashtrian,09:00:00,22:00:00,4.1,575,19.14,0
3968,Brahmbhatt-Shan Restaurant,Chakradev Ravi,45,Italian,10:00:00,22:00:00,3.0,1498,23.61,0
3969,"Vohra, Nagarajan and Sampath Restaurant",Kabir Narayanan,32,Burger,09:00:00,22:00:00,3.6,3961,25.21,1
3970,Bera-Ray Restaurant,Luke Sangha,12,Street Food,08:00:00,22:00:00,3.5,2924,16.01,0
3971,"Hora, Konda and Bora Restaurant",Adya Gola,35,Burger,09:00:00,22:00:00,3.6,2539,21.77,0
3972,"Hayre, Arora and Raval Restaurant",Chatresh Goyal,14,Mughlai,10:00:00,22:00:00,3.5,4118,20.09,1
3973,Bhagat and Sons Restaurant,Gautami Nayak,30,Fast Food,09:00:00,22:00:00,3.0,2701,24.09,1
3974,"Bahl, Narain and Devi Restaurant",Bhavya Chandran,7,North Indian,10:00:00,23:30:00,3.3,1870,26.75,1
3975,Mann and Sons Restaurant,Netra Rege,42,Italian,09:00:00,22:00:00,4.1,3348,21.2,1
3976,Bansal-Chauhan Restaurant,Faqid Kunda,31,Fast Food,08:00:00,22:00:00,3.2,1687,28.78,0
3977,Dhar-Bahl Restaurant,Neelima Samra,33,Gujarati,08:00:00,22:00:00,3.3,4231,20.61,1
3978,Jha Ltd Restaurant,Kabir Deshmukh,27,Cafe,09:00:00,23:30:00,4.6,2881,18.15,1
3979,Mall Inc Restaurant,Ekaja Kata,41,Chinese,10:00:00,22:00:00,4.0,4954,19.92,0
3980,"De, Gour and Goda Restaurant",Kashish Purohit,37,Mughlai,09:00:00,23:30:00,4.8,642,28.75,1
3981,Bala Inc Restaurant,Faqid Comar,22,Pizza,10:00:00,22:00:00,3.8,2847,26.37,0
3982,Kunda PLC Restaurant,Shaurya Kapoor,14,Mughlai,08:00:00,22:00:00,4.2,2568,22.99,0
3983,"Chaudhuri, Hans and Kari Restaurant",Januja Golla,36,Street Food,10:00:00,22:00:00,4.5,1626,29.41,0
3984,"Radhakrishnan, Dada and Kala Restaurant",Yagnesh Kumar,17,Desserts,09:00:00,22:00:00,3.5,4990,29.73,0
3985,Sabharwal-Mander Restaurant,Jonathan Kalita,20,Street Food,08:00:00,22:00:00,4.4,3050,23.61,0
3986,Grewal-Tella Restaurant,Chanchal Misra,49,Desserts,08:00:00,23:30:00,4.5,852,17.6,1
3987,"Savant, Sangha and Ahluwalia Restaurant",Aishani Vala,10,Biryani,08:00:00,23:00:00,3.2,733,19.44,1
3988,Sanghvi-Hans Restaurant,Owen Bhagat,6,Italian,08:00:00,22:00:00,3.7,2939,20.44,0
3989,"Parikh, Kota and Sarkar Restaurant",Urvashi Kibe,5,Pizza,08:00:00,22:00:00,3.4,2537,19.45,1
3990,Patel-Goel Restaurant,Vincent Parekh,29,Mughlai,08:00:00,23:30:00,4.4,408,24.25,1
3991,Chanda-Natt Restaurant,Leela Raval,24,Maharashtrian,10:00:00,23:00:00,4.3,2582,19.8,1
3992,Natarajan-Bhatti Restaurant,Vinaya Ramakrishnan,48,Desserts,10:00:00,23:00:00,3.5,2522,19.88,1
3993,Pingle and Sons Restaurant,Omaja Saha,8,Cafe,10:00:00,23:30:00,4.9,4915,23.87,0
3994,Cheema-Lata Restaurant,Kala Kanda,27,Maharashtrian,10:00:00,23:00:00,3.7,471,21.25,0
3995,Ravel PLC Restaurant,Nathaniel Mani,40,Street Food,10:00:00,22:00:00,3.0,877,28.77,1
3996,Madan-Ramesh Restaurant,Eesha Kaul,42,Burger,10:00:00,23:30:00,3.2,502,28.43,0
3997,Joshi-Reddy Restaurant,Harinakshi Krish,11,Gujarati,09:00:00,22:00:00,4.6,1031,21.07,0
3998,Mann and Sons Restaurant,Wakeeta Dora,27,Desserts,10:00:00,22:00:00,3.3,705,24.49,1
3999,Chauhan-Nigam Restaurant,Finn Dugar,23,Street Food,10:00:00,23:00:00,3.3,3141,27.53,1
4000,"Shankar, Sahota and Hegde Restaurant",Ekiya Madan,10,North Indian,10:00:00,22:00:00,4.3,4087,23.59,0
4001,Mangat Group Restaurant,Xiti Sanghvi,48,North Indian,08:00:00,23:00:00,4.1,1159,24.93,1
4002,Bal Group Restaurant,Maya Yohannan,32,Chinese,08:00:00,23:30:00,4.3,422,25.55,0
4003,Minhas PLC Restaurant,Warjas Brahmbhatt,10,North Indian,08:00:00,23:30:00,4.3,2209,23.38,1
4004,Char-Pandya Restaurant,Xiti Chacko,48,Chinese,09:00:00,22:00:00,4.1,1020,17.17,1
4005,Ramesh PLC Restaurant,Triya Chakrabarti,6,Fast Food,09:00:00,22:00:00,4.8,386,19.97,0
4006,Konda Inc Restaurant,Sathvik Som,46,Street Food,08:00:00,23:30:00,4.9,3292,15.24,1
4007,Raghavan Inc Restaurant,Ojas Agrawal,3,Fast Food,10:00:00,22:00:00,3.3,1510,18.93,1
4008,Mahal PLC Restaurant,Vasatika Bahl,23,Desserts,09:00:00,23:00:00,3.5,3289,25.39,1
4009,"Dey, Raju and Maharaj Restaurant",Jacob Deep,3,Punjabi,10:00:00,22:00:00,3.5,703,24.52,1
4010,Mangal Group Restaurant,Chameli Sathe,28,Burger,10:00:00,23:00:00,3.4,788,28.51,1
4011,Gour-Naik Restaurant,Maanas Gala,41,Desserts,09:00:00,23:00:00,4.6,1826,22.72,1
4012,Minhas-Padmanabhan Restaurant,Samesh Halder,34,Mughlai,10:00:00,23:00:00,4.5,3140,20.21,0
4013,"Chopra, Sharma and Dewan Restaurant",Advay Kale,5,Italian,09:00:00,23:30:00,4.9,3433,24.71,0
4014,Lala-Tiwari Restaurant,Imaran Golla,38,North Indian,08:00:00,22:00:00,4.6,1605,23.34,0
4015,"Sachdev, Rajagopal and Master Restaurant",Gaurang Rout,18,Biryani,10:00:00,23:00:00,4.3,3683,28.54,0
4016,Bal-Sabharwal Restaurant,Tejas Narasimhan,49,Maharashtrian,10:00:00,22:00:00,3.4,156,18.11,0
4017,Choudhry Inc Restaurant,Lopa Chokshi,49,Punjabi,10:00:00,23:00:00,4.7,4288,23.8,1
4018,Palla PLC Restaurant,Ishaan Rattan,47,Italian,10:00:00,22:00:00,4.9,4685,19.35,0
4019,"Koshy, Magar and Bandi Restaurant",Robert Kara,38,Punjabi,08:00:00,23:00:00,3.9,4635,25.97,1
4020,Magar LLC Restaurant,Vamakshi Saini,15,Fast Food,09:00:00,22:00:00,4.1,4841,20.38,0
4021,Jha-Mahal Restaurant,Baghyawati Bath,48,Burger,09:00:00,22:00:00,4.3,4643,19.97,0
4022,"Lanka, Chakrabarti and Bhatia Restaurant",Radha Tak,9,Gujarati,10:00:00,23:00:00,4.0,4579,18.84,1
4023,"Kalita, Barad and Borah Restaurant",Gavin Chawla,41,Mughlai,10:00:00,23:00:00,4.7,2737,20.7,0
4024,Anne-Mandal Restaurant,Aryan Batta,38,Street Food,08:00:00,23:00:00,4.5,4401,24.95,0
4025,Edwin-Barad Restaurant,Omisha Sahni,34,Street Food,08:00:00,23:30:00,4.1,33,26.4,0
4026,Raval PLC Restaurant,Elijah Baral,34,Italian,08:00:00,22:00:00,3.7,361,21.55,1
4027,Manne and Sons Restaurant,Sai Kuruvilla,28,Mughlai,10:00:00,23:00:00,4.4,3480,22.27,1
4028,"Narayan, Mittal and Lal Restaurant",Darpan Kadakia,41,Biryani,10:00:00,22:00:00,4.2,3290,19.18,0
4029,Hora-Borde Restaurant,Darsh Sridhar,31,Fast Food,10:00:00,23:00:00,4.1,4729,22.12,0
4030,"Char, Sunder and Chaudhry Restaurant",Lavanya Bhargava,6,Italian,09:00:00,23:30:00,3.4,3932,19.84,1
4031,Naik Group Restaurant,Gabriel Tandon,44,Cafe,10:00:00,23:00:00,4.2,1319,28.86,1
4032,Jani and Sons Restaurant,Dayamai Babu,18,Mughlai,10:00:00,23:00:00,4.9,732,29.5,0
4033,Mitter Group Restaurant,Neel Verma,46,Gujarati,09:00:00,23:30:00,3.8,1301,21.43,1
4034,"Chakrabarti, Mann and Chanda Restaurant",Kevin Walla,49,South Indian,10:00:00,23:30:00,3.2,4058,21.37,1
4035,Mistry-Nadig Restaurant,Vedhika Borde,15,Fast Food,10:00:00,23:00:00,3.7,2627,16.08,1
4036,"Kala, Sarin and Soni Restaurant",Vritti Rai,50,Gujarati,09:00:00,23:00:00,4.8,3323,21.61,1
4037,Sangha-Guha Restaurant,William Buch,16,Street Food,10:00:00,22:00:00,4.8,428,23.49,0
4038,Tata LLC Restaurant,Ladli Das,23,Punjabi,10:00:00,22:00:00,3.1,923,20.94,0
4039,"Mangat, Gara and Krish Restaurant",Jagat Pall,3,South Indian,10:00:00,23:00:00,4.2,1291,17.59,1
4040,Bava-Borra Restaurant,Fitan Nayak,10,Chinese,10:00:00,23:00:00,4.5,1781,19.58,0
4041,Narula Inc Restaurant,Rachita Goyal,31,Burger,09:00:00,23:30:00,3.1,4279,26.49,1
4042,Bhavsar-Ray Restaurant,Hemangini Nazareth,42,Punjabi,08:00:00,22:00:00,4.6,4166,29.56,1
4043,Naidu and Sons Restaurant,Devika Borde,1,Cafe,08:00:00,22:00:00,4.8,4554,15.08,1
4044,Dewan Ltd Restaurant,Barkha Sur,15,Biryani,10:00:00,22:00:00,3.7,4337,20.99,1
4045,"Bhattacharyya, Shukla and Majumdar Restaurant",Pooja Ramakrishnan,7,Street Food,09:00:00,23:00:00,3.5,3434,28.21,1
4046,"Mandal, Toor and Kant Restaurant",Azaan Pingle,16,Maharashtrian,08:00:00,23:00:00,3.1,3603,22.27,1
4047,Oak Group Restaurant,Ijaya Ratti,48,Desserts,09:00:00,23:30:00,4.4,4081,17.04,1
4048,Pau LLC Restaurant,Madhav Gour,48,Italian,09:00:00,23:30:00,4.7,2468,24.36,0
4049,Chadha-Shah Restaurant,Madhavi Raval,7,Maharashtrian,10:00:00,22:00:00,4.4,2879,21.13,0
4050,Pathak Group Restaurant,Atharv Lad,33,Pizza,10:00:00,22:00:00,3.3,720,28.19,1
4051,Anand-Soni Restaurant,Brijesh Butala,21,Punjabi,10:00:00,23:30:00,3.4,2034,27.91,1
4052,Maharaj-Choudhry Restaurant,Abdul Radhakrishnan,30,Pizza,09:00:00,23:30:00,3.3,1320,20.79,1
4053,"Sama, Gole and Lad Restaurant",Yauvani Saxena,17,Italian,10:00:00,23:00:00,3.8,4214,19.0,1
4054,Ahluwalia Inc Restaurant,Nilima Bhargava,1,Biryani,10:00:00,23:30:00,4.6,203,27.47,1
4055,"Magar, Chaudhry and Sunder Restaurant",Lohit Amble,6,Gujarati,10:00:00,23:30:00,4.1,839,24.11,0
4056,Reddy-Ganguly Restaurant,Yachana Choudhry,30,Biryani,09:00:00,23:00:00,3.1,4710,25.16,1
4057,Panchal Ltd Restaurant,Logan Karnik,20,South Indian,09:00:00,23:30:00,4.6,2797,18.09,0
4058,Divan and Sons Restaurant,Mohammed Mander,28,Street Food,09:00:00,23:30:00,4.1,4279,26.39,0
4059,Wason LLC Restaurant,Eta Dugal,34,Cafe,10:00:00,23:00:00,4.3,3918,19.08,1
4060,"Hans, Parmar and Mishra Restaurant",Aarav Mahajan,28,Pizza,09:00:00,23:00:00,4.2,320,22.22,1
4061,Barad Ltd Restaurant,Sneha D’Alia,21,Fast Food,10:00:00,23:30:00,3.5,1742,24.58,1
4062,Pradhan Inc Restaurant,Yatin Palan,15,Cafe,09:00:00,23:30:00,3.9,4055,16.53,1
4063,"Balan, Murthy and Hari Restaurant",Saanvi Dhingra,37,Chinese,08:00:00,23:30:00,3.0,4789,18.98,0
4064,Wali PLC Restaurant,Abhimanyu Sarkar,32,Burger,10:00:00,22:00:00,3.6,942,20.19,1
4065,Dalal-Parsa Restaurant,Banjeet Shetty,38,Biryani,09:00:00,22:00:00,5.0,411,16.65,1
4066,"Khosla, Balakrishnan and Datta Restaurant",Elijah Bajwa,42,Fast Food,09:00:00,23:00:00,4.7,2377,24.22,1
4067,Chaudry-Mani Restaurant,Xavier Mitra,16,Gujarati,08:00:00,23:30:00,3.5,4415,22.26,0
4068,Natarajan and Sons Restaurant,Adweta Mani,23,Pizza,09:00:00,23:30:00,3.7,2105,16.56,1
4069,Rout-Sha Restaurant,Kabir Bansal,18,Gujarati,10:00:00,23:30:00,4.0,800,20.9,1
4070,Chada Ltd Restaurant,Arin Rajan,42,Pizza,09:00:00,22:00:00,4.2,2592,17.27,0
4071,Padmanabhan Group Restaurant,Utkarsh Shetty,35,Pizza,09:00:00,23:00:00,4.1,4788,26.79,1
4072,"D’Alia, Dhingra and Chatterjee Restaurant",Sai Krishna,32,Punjabi,10:00:00,23:00:00,4.7,2986,28.92,0
4073,Rau PLC Restaurant,Eiravati Narula,42,Burger,09:00:00,22:00:00,3.3,4369,26.6,1
4074,"Naidu, Padmanabhan and Tailor Restaurant",Damini Bail,41,Gujarati,08:00:00,22:00:00,3.8,1972,18.2,1
4075,"Mall, Grover and Acharya Restaurant",Qushi Bawa,29,North Indian,09:00:00,22:00:00,3.9,2081,21.01,1
4076,"Misra, Parmer and Dua Restaurant",Alexander Purohit,41,Punjabi,08:00:00,23:00:00,4.5,4056,25.04,1
4077,Bava Group Restaurant,Osha Sharaf,47,Cafe,10:00:00,22:00:00,4.9,1039,23.34,1
4078,Kaur Group Restaurant,Kamya Sawhney,37,Pizza,08:00:00,23:30:00,4.4,4110,29.08,1
4079,Butala Group Restaurant,Maanas Sawhney,46,Cafe,09:00:00,22:00:00,3.2,228,17.86,1
4080,Chander-Kapoor Restaurant,Ekapad Mistry,7,North Indian,08:00:00,23:00:00,3.7,275,24.89,0
4081,"Bhardwaj, Dey and Parmar Restaurant",Anmol Vala,49,South Indian,09:00:00,23:30:00,3.1,3159,21.9,1
4082,Hayer-Srinivas Restaurant,Naveen Rao,37,North Indian,09:00:00,23:30:00,3.9,4913,17.67,1
4083,Luthra-Mitra Restaurant,Wishi Gole,21,Gujarati,08:00:00,23:00:00,4.8,1298,16.65,1
4084,Andra-Wali Restaurant,Qarin Khosla,38,Cafe,08:00:00,23:30:00,4.1,4815,21.36,1
4085,"Dhaliwal, Krishna and Ghosh Restaurant",Charvi Vala,44,Italian,09:00:00,22:00:00,4.6,4007,30.0,1
4086,Balay LLC Restaurant,Suhani Date,44,Cafe,09:00:00,23:30:00,4.1,3358,15.68,0
4087,Choudhry-Narayanan Restaurant,Yatin Rao,30,Chinese,08:00:00,23:30:00,4.1,2232,26.69,0
4088,"Chokshi, Narang and Warrior Restaurant",Divya Shanker,15,Cafe,09:00:00,22:00:00,4.5,79,16.12,0
4089,Balakrishnan-Rajagopalan Restaurant,Wishi Radhakrishnan,4,Maharashtrian,09:00:00,23:00:00,3.3,2557,29.63,0
4090,Gaba LLC Restaurant,Jyoti Sethi,28,Burger,10:00:00,22:00:00,3.6,4671,21.21,0
4091,Khare and Sons Restaurant,Maanas Nigam,45,Fast Food,10:00:00,22:00:00,3.4,110,24.96,1
4092,"Manne, Parmer and Golla Restaurant",Fitan Nagy,44,Punjabi,08:00:00,23:00:00,4.5,3599,27.65,0
4093,"Yogi, Dewan and Vohra Restaurant",Upkaar Batra,25,Desserts,08:00:00,23:30:00,3.3,2827,17.72,1
4094,Bahri-Dey Restaurant,Manya Gour,16,Street Food,10:00:00,23:00:00,4.6,2186,25.61,0
4095,"Chana, Savant and Dugar Restaurant",Vedika Merchant,10,Street Food,10:00:00,23:30:00,3.8,4798,16.56,0
4096,Dewan and Sons Restaurant,Chasmum Chahal,44,Chinese,08:00:00,22:00:00,3.2,1383,19.83,0
4097,Shetty-Goel Restaurant,Jagrati Khosla,25,South Indian,08:00:00,23:30:00,4.0,4497,23.51,0
4098,"Goda, Ravi and Raja Restaurant",Vaishnavi Ahluwalia,22,Cafe,10:00:00,23:00:00,3.8,2628,21.77,1
4099,Kant-Date Restaurant,Bachittar Kale,41,Gujarati,09:00:00,23:00:00,4.8,1779,17.71,1
4100,Kashyap PLC Restaurant,Xiti Bath,18,Fast Food,08:00:00,22:00:00,4.0,4380,24.99,1
4101,Wali-Parmar Restaurant,Qasim Dora,6,Italian,09:00:00,23:00:00,3.4,169,25.31,0
4102,Sahota Inc Restaurant,Hitesh Khatri,4,Italian,10:00:00,23:30:00,4.3,841,25.35,0
4103,"Kohli, Kakar and Prakash Restaurant",Vrishti Sur,29,Desserts,10:00:00,23:00:00,4.0,836,23.06,1
4104,Bhatia Inc Restaurant,Anthony Gour,32,South Indian,09:00:00,23:00:00,4.3,1378,15.42,0
4105,"Om, Sani and Chaudhary Restaurant",Madhav Gour,17,Gujarati,10:00:00,22:00:00,3.4,2671,19.0,0
4106,Puri-Mand Restaurant,Devansh Varkey,7,South Indian,08:00:00,23:00:00,3.3,1716,28.67,0
4107,"Pillay, Pandya and More Restaurant",Shivani Dhar,13,North Indian,10:00:00,23:00:00,4.8,3254,28.8,1
4108,Acharya LLC Restaurant,Teerth Deshpande,31,North Indian,10:00:00,23:30:00,3.0,3475,24.92,1
4109,"Kaur, Butala and Rajan Restaurant",Udyati Warrior,28,South Indian,10:00:00,22:00:00,4.6,3110,17.17,1
4110,Mane LLC Restaurant,Bimala Sastry,1,Biryani,09:00:00,23:30:00,4.0,558,24.55,0
4111,"Mani, Konda and Sawhney Restaurant",Jagat Merchant,7,Biryani,08:00:00,22:00:00,3.6,4308,27.68,1
4112,Hayre-Chawla Restaurant,Siya Tara,36,North Indian,10:00:00,23:00:00,3.2,3214,27.21,0
4113,Salvi-Sangha Restaurant,Dalbir Padmanabhan,3,Italian,10:00:00,22:00:00,3.8,2456,24.82,1
4114,Sinha Ltd Restaurant,Ekalinga Dass,17,Maharashtrian,09:00:00,23:00:00,3.6,4843,24.19,1
4115,Dutta PLC Restaurant,Ekani Sood,3,Pizza,10:00:00,23:30:00,4.5,187,20.8,1
4116,"Bhakta, Ray and Borah Restaurant",Nachiket Deo,37,North Indian,10:00:00,23:30:00,4.4,4005,24.68,0
4117,Biswas Ltd Restaurant,Mahika Sridhar,20,Chinese,09:00:00,23:30:00,5.0,4903,21.76,0
4118,"Sathe, Bajwa and Raju Restaurant",Prisha Jayaraman,8,Mughlai,08:00:00,23:30:00,4.7,4596,23.61,0
4119,Korpal-Deshmukh Restaurant,Rushil Sunder,26,Mughlai,08:00:00,23:30:00,3.8,108,21.94,0
4120,Zacharia LLC Restaurant,Ekbal Devi,8,Pizza,08:00:00,22:00:00,4.2,3280,25.93,1
4121,Varughese-Mane Restaurant,Oeshi Kannan,11,Burger,08:00:00,22:00:00,3.3,3488,23.57,0
4122,Chacko-Chacko Restaurant,Max Muni,36,Punjabi,10:00:00,23:00:00,3.7,2283,22.72,0
4123,Bains Inc Restaurant,Yash Setty,39,Italian,08:00:00,23:00:00,4.1,4144,27.41,0
4124,Korpal-Yogi Restaurant,Yagnesh Bora,44,Desserts,10:00:00,23:30:00,3.2,3364,20.43,0
4125,Dhar LLC Restaurant,Hemangini Thakkar,21,Desserts,08:00:00,23:00:00,3.6,2098,20.66,0
4126,Rai-Joshi Restaurant,Varenya Wason,50,Punjabi,10:00:00,23:00:00,3.2,1354,26.02,1
4127,"Kuruvilla, Chauhan and Swaminathan Restaurant",Watika Sachar,4,Street Food,08:00:00,22:00:00,4.8,2023,17.84,1
4128,Bora-Om Restaurant,Liam Barman,24,Mughlai,10:00:00,23:30:00,4.4,4658,23.67,0
4129,Chaudhari LLC Restaurant,Lipika Pandit,22,Cafe,10:00:00,23:00:00,3.2,4058,16.22,1
4130,Sangha Group Restaurant,Qarin Sankar,45,North Indian,08:00:00,22:00:00,3.7,4118,21.78,0
4131,Kannan-Pillay Restaurant,Maanas Sura,37,Fast Food,08:00:00,22:00:00,3.5,3149,15.07,0
4132,Mammen LLC Restaurant,Thomas Kothari,26,Fast Food,10:00:00,22:00:00,4.5,4568,23.86,0
4133,Pau-Ramanathan Restaurant,Libni Singh,16,Biryani,09:00:00,23:30:00,3.5,4585,21.8,1
4134,Lad-Wadhwa Restaurant,Yasti Memon,30,Biryani,10:00:00,23:00:00,4.7,96,20.82,0
4135,"Sandhu, Dutta and Gala Restaurant",Bhavna Pillai,20,Pizza,10:00:00,23:30:00,4.9,3747,25.14,0
4136,Bains LLC Restaurant,Lakshit Murty,6,Gujarati,09:00:00,22:00:00,3.1,1869,17.66,1
4137,Sachdev PLC Restaurant,Omya Narain,48,Desserts,10:00:00,23:30:00,3.9,4114,28.44,1
4138,Walla-Nath Restaurant,Luke Bhagat,22,South Indian,08:00:00,23:00:00,4.1,4389,27.88,1
4139,Date-Sem Restaurant,Waida Gola,45,Desserts,09:00:00,23:30:00,4.6,979,23.12,1
4140,"Kashyap, Nagarajan and Bains Restaurant",Tanveer Kurian,25,North Indian,09:00:00,23:00:00,3.3,441,21.83,1
4141,"Luthra, Devi and Bora Restaurant",Imaran Mitra,38,Punjabi,09:00:00,23:00:00,3.8,981,16.58,0
4142,Prabhu-Agrawal Restaurant,Manan Hayre,31,Maharashtrian,09:00:00,23:00:00,3.6,3702,20.43,1
4143,Tak-Shenoy Restaurant,Bhavini Pai,27,Pizza,09:00:00,22:00:00,4.0,3754,17.28,1
4144,Sheth-Devan Restaurant,Jackson Venkatesh,44,Maharashtrian,08:00:00,23:00:00,4.0,2218,29.15,0
4145,Ben-Shanker Restaurant,Samar Karpe,49,Italian,10:00:00,22:00:00,4.2,2132,29.35,1
4146,"Wagle, Desai and Chander Restaurant",Sneha Dhawan,34,Desserts,09:00:00,23:30:00,3.8,3574,20.68,0
4147,Hans Group Restaurant,Daksh Madan,42,Punjabi,09:00:00,22:00:00,3.4,1103,28.97,1
4148,Bhatt-Rana Restaurant,Mugdha Saxena,3,Maharashtrian,09:00:00,23:00:00,4.8,3616,23.94,1
4149,Rana and Sons Restaurant,Theodore Dey,3,Cafe,10:00:00,22:00:00,4.1,3348,17.16,0
4150,"Sandhu, Iyer and Agrawal Restaurant",Ekalinga Devi,32,Biryani,10:00:00,22:00:00,4.8,3657,16.05,0
4151,Bala Inc Restaurant,Yahvi Loyal,4,Biryani,08:00:00,23:00:00,3.2,4557,23.96,0
4152,Rama LLC Restaurant,Samarth Kala,12,Gujarati,08:00:00,23:00:00,4.1,1395,19.31,0
4153,Seth-Raj Restaurant,Yashodhara Ganesan,15,Italian,10:00:00,22:00:00,3.1,1192,18.24,0
4154,"Zachariah, Ravi and Tara Restaurant",Samuel Raj,17,Fast Food,09:00:00,22:00:00,4.6,245,27.52,1
4155,Nayak Ltd Restaurant,Bhavika Saran,37,Fast Food,10:00:00,22:00:00,4.4,38,20.98,1
4156,"Deol, Bajwa and Prabhakar Restaurant",Ati Ben,42,Chinese,08:00:00,23:00:00,3.9,3229,19.85,0
4157,Guha and Sons Restaurant,Kala Chander,39,Fast Food,08:00:00,22:00:00,4.0,2006,22.24,0
4158,"Kale, Prasad and Bedi Restaurant",Faras Chokshi,3,Cafe,09:00:00,23:00:00,3.5,4572,20.04,1
4159,Manne-Raman Restaurant,Vaishnavi Pai,50,Pizza,08:00:00,22:00:00,3.2,4760,24.48,0
4160,"Bhasin, Zachariah and Bava Restaurant",Yashodhara Banik,17,Chinese,09:00:00,23:00:00,4.9,1192,22.94,0
4161,Kumer-Bir Restaurant,Baghyawati Bhat,21,Italian,09:00:00,23:00:00,4.5,2499,29.56,1
4162,Khurana-Bhatt Restaurant,Nidra Rajan,22,Cafe,08:00:00,23:00:00,4.1,3495,23.26,1
4163,"Oak, Borra and Kala Restaurant",Rayaan Vig,35,Burger,08:00:00,23:30:00,3.4,1893,25.83,0
4164,"Chauhan, Maharaj and Varma Restaurant",Vansha Mukherjee,11,South Indian,08:00:00,22:00:00,4.8,300,28.53,0
4165,Nagarajan-Pandey Restaurant,Ronith Basak,40,Punjabi,09:00:00,23:30:00,3.8,3417,28.84,0
4166,"Arora, Chauhan and Rau Restaurant",Lakshmi Manda,35,Cafe,09:00:00,23:30:00,4.0,3985,17.39,1
4167,Choudhary-Sur Restaurant,Adweta Banik,13,Desserts,10:00:00,22:00:00,3.5,1310,27.08,1
4168,Barad and Sons Restaurant,Harshil Ravel,27,Chinese,10:00:00,22:00:00,3.9,4750,20.88,1
4169,"Vyas, Jayaraman and Sule Restaurant",Rajata Chander,8,Burger,08:00:00,22:00:00,3.4,1517,23.13,0
4170,Pau PLC Restaurant,Panini Varughese,31,North Indian,08:00:00,23:00:00,3.2,358,17.68,1
4171,Chowdhury-Chada Restaurant,Lekha Sarna,20,Pizza,10:00:00,22:00:00,3.3,193,17.21,0
4172,Verma-Jaggi Restaurant,Nathaniel Sachdev,47,Punjabi,10:00:00,22:00:00,3.2,4026,20.41,1
4173,Soni Inc Restaurant,Ayaan Natarajan,18,South Indian,09:00:00,23:00:00,4.1,1146,24.88,0
4174,"Johal, Prasad and Gupta Restaurant",Ishanvi Zacharia,4,Desserts,09:00:00,23:00:00,3.8,3841,19.79,0
4175,Pall Group Restaurant,Ria Doctor,50,South Indian,09:00:00,22:00:00,3.8,4698,21.71,1
4176,"Pingle, Koshy and Patla Restaurant",Yug Upadhyay,11,Desserts,08:00:00,22:00:00,4.7,3282,15.83,1
4177,Mandal and Sons Restaurant,Mugdha Dhar,19,Punjabi,10:00:00,22:00:00,3.4,4712,29.51,1
4178,Sidhu Ltd Restaurant,Gautami Bassi,10,Street Food,08:00:00,23:30:00,4.1,3279,23.02,0
4179,Narayanan PLC Restaurant,Pavani Sangha,28,North Indian,08:00:00,23:00:00,3.7,4889,17.3,0
4180,"Sundaram, Joshi and Agrawal Restaurant",Abeer Doshi,26,Biryani,08:00:00,23:00:00,4.5,4374,20.13,0
4181,"Om, Jayaraman and Dugar Restaurant",Praneel Srinivas,40,Gujarati,09:00:00,22:00:00,3.2,382,25.84,1
4182,Sani-Kapadia Restaurant,Edhitha Boase,32,Maharashtrian,09:00:00,23:30:00,3.3,1077,20.26,0
4183,"Prabhakar, Bhat and Gala Restaurant",Jeremiah Vasa,3,South Indian,10:00:00,22:00:00,4.1,2910,16.89,0
4184,Mital-Sandhu Restaurant,William Agrawal,46,Chinese,10:00:00,23:00:00,4.7,2220,23.63,0
4185,"Sibal, Halder and Amble Restaurant",Jeremiah Anand,49,Biryani,10:00:00,23:00:00,4.0,4881,28.64,1
4186,"Shan, Kapur and Ganesan Restaurant",Vaishnavi Singh,35,Gujarati,09:00:00,23:00:00,4.6,653,21.44,0
4187,D’Alia-Dara Restaurant,Logan Nagar,39,Gujarati,09:00:00,22:00:00,3.6,1370,29.6,1
4188,Srivastava Ltd Restaurant,Rushil Agarwal,22,Desserts,09:00:00,23:00:00,4.4,926,29.92,1
4189,"Bhat, Anand and Savant Restaurant",Madhav Bora,12,Fast Food,10:00:00,23:00:00,4.7,4794,21.18,1
4190,Dhaliwal Ltd Restaurant,Lohit Hari,9,Pizza,10:00:00,22:00:00,4.0,4488,18.57,0
4191,Mannan-Suresh Restaurant,Charles Palla,12,Fast Food,10:00:00,23:30:00,4.9,3868,25.91,0
4192,"Sule, Sekhon and Singh Restaurant",Prisha Dara,49,Street Food,10:00:00,23:00:00,4.4,3797,22.2,1
4193,"Soman, Chokshi and Puri Restaurant",Radha Palla,20,Italian,10:00:00,23:00:00,3.4,2826,27.9,1
4194,Rau-Shah Restaurant,Chaman Baria,34,Biryani,08:00:00,23:30:00,4.9,3103,20.43,0
4195,"Purohit, Viswanathan and Keer Restaurant",Bhavna Lata,22,Street Food,09:00:00,23:30:00,4.7,1845,28.41,0
4196,Badal PLC Restaurant,Max Edwin,11,Maharashtrian,10:00:00,22:00:00,4.5,1874,19.05,0
4197,Devi-Raghavan Restaurant,Rohan Shanker,42,Fast Food,08:00:00,23:00:00,3.9,3450,29.42,0
4198,"Iyer, Gopal and Datta Restaurant",Faqid Kuruvilla,47,North Indian,10:00:00,23:00:00,3.0,559,21.28,1
4199,Arya Group Restaurant,Janaki Mane,31,Italian,09:00:00,23:00:00,3.3,1394,21.08,0
4200,Kohli-Sama Restaurant,Ishaan Natt,9,Pizza,09:00:00,23:30:00,3.3,290,18.31,0
4201,Contractor-Butala Restaurant,Baljiwan Char,4,Maharashtrian,08:00:00,23:30:00,4.9,500,28.69,1
4202,Biswas Group Restaurant,Oni Andra,10,Biryani,08:00:00,22:00:00,4.9,951,26.28,0
4203,Thaman Inc Restaurant,Nandini Palla,12,Burger,09:00:00,22:00:00,3.5,2709,21.32,0
4204,"Joshi, Lal and Sidhu Restaurant",Tamanna Jani,1,Gujarati,08:00:00,23:30:00,3.5,1844,18.26,1
4205,Nagar LLC Restaurant,Ishita Swamy,40,Mughlai,10:00:00,23:00:00,3.9,2528,17.45,0
4206,Grover Inc Restaurant,Neha Sodhi,49,Gujarati,09:00:00,23:30:00,3.8,3423,28.67,1
4207,"Chand, Krishnan and Rajagopalan Restaurant",Yashasvi Sachdev,31,Cafe,08:00:00,23:00:00,3.5,4895,15.3,0
4208,"Ram, Mander and Khatri Restaurant",Arin Johal,11,Burger,08:00:00,23:30:00,3.6,1955,21.04,0
4209,Talwar Ltd Restaurant,Nikita Sampath,3,Punjabi,08:00:00,22:00:00,4.2,150,23.62,0
4210,Dhingra-Vasa Restaurant,Dayita Ramaswamy,28,Fast Food,09:00:00,23:00:00,3.1,2573,19.52,1
4211,"Nath, Lalla and Ganesan Restaurant",Kabir Mannan,33,Biryani,08:00:00,23:30:00,4.4,2625,18.9,0
4212,Baral Inc Restaurant,Ansh Raman,46,Street Food,09:00:00,22:00:00,4.3,1043,21.01,1
4213,"Bawa, Chadha and Modi Restaurant",Anay Nagarajan,39,Chinese,10:00:00,23:30:00,4.5,3566,21.64,1
4214,Bajwa PLC Restaurant,Ati Joshi,18,Maharashtrian,08:00:00,23:30:00,3.4,1913,25.26,1
4215,Tandon Inc Restaurant,Samaksh Bhandari,38,North Indian,09:00:00,23:00:00,4.7,4852,27.98,1
4216,"Hora, Keer and Nagarajan Restaurant",Teerth Raj,12,Mughlai,09:00:00,23:30:00,4.4,2759,21.85,0
4217,"Iyer, Arya and Chakraborty Restaurant",Dakshesh Barad,33,South Indian,08:00:00,22:00:00,3.0,3963,18.49,1
4218,"Ben, Vora and Keer Restaurant",Sachi Verma,16,Gujarati,10:00:00,22:00:00,3.1,1904,21.35,0
4219,Aggarwal LLC Restaurant,Oscar Vyas,12,Chinese,09:00:00,23:00:00,4.9,197,24.5,1
4220,"Kashyap, Nayak and Mallick Restaurant",Gautami Gole,13,Punjabi,09:00:00,22:00:00,3.1,1905,20.2,1
4221,"Bedi, Karpe and Bawa Restaurant",Thomas Sawhney,5,Burger,08:00:00,22:00:00,3.5,1101,19.9,0
4222,Samra-Chakrabarti Restaurant,Omisha Ramesh,32,Punjabi,08:00:00,23:00:00,4.9,2676,23.01,1
4223,Walla Ltd Restaurant,Yauvani Butala,4,Cafe,10:00:00,23:00:00,4.3,448,19.1,0
4224,Devan Ltd Restaurant,Zinal Bhavsar,42,Desserts,10:00:00,23:30:00,3.6,2812,20.9,0
4225,Mitter-Shanker Restaurant,Tanvi Aggarwal,6,Maharashtrian,10:00:00,22:00:00,3.7,3069,27.84,0
4226,Kannan-Borah Restaurant,Balhaar Palla,21,Italian,10:00:00,22:00:00,4.9,4254,16.13,0
4227,"Kala, Konda and Anand Restaurant",Widisha Jain,16,Desserts,10:00:00,23:00:00,4.8,2881,25.73,0
4228,"Sem, Thakur and Mannan Restaurant",Girindra Dash,47,Punjabi,09:00:00,23:30:00,4.9,580,24.25,1
4229,"Morar, Dey and Sami Restaurant",Urvi Reddy,8,Pizza,10:00:00,23:00:00,4.7,2592,20.37,0
4230,"Parekh, Balakrishnan and Chawla Restaurant",Vedika Sane,26,Burger,08:00:00,22:00:00,4.9,1096,29.71,1
4231,Chaudhari-Upadhyay Restaurant,Varenya Rao,16,North Indian,09:00:00,22:00:00,4.5,1118,27.68,0
4232,Wali PLC Restaurant,Nilima Keer,43,Gujarati,10:00:00,23:30:00,3.7,3563,18.56,0
4233,Vora-Parmar Restaurant,Gagan Ranganathan,1,Desserts,08:00:00,23:00:00,3.9,619,19.69,1
4234,"Edwin, Sharaf and Ratti Restaurant",Nathan Gour,10,North Indian,09:00:00,23:30:00,4.1,3177,22.51,1
4235,Sankaran-Saran Restaurant,Yutika Varma,43,Gujarati,09:00:00,23:30:00,3.9,653,19.59,0
4236,Hayer Group Restaurant,Frederick Rana,45,Burger,08:00:00,23:30:00,3.1,4876,15.57,0
4237,Gara-Grover Restaurant,Ubika Manne,6,Street Food,09:00:00,23:00:00,4.5,430,25.99,0
4238,"Khurana, Nadkarni and Wason Restaurant",Krishna Naik,32,Desserts,10:00:00,23:30:00,4.0,824,23.07,0
4239,Sood-Srinivasan Restaurant,Max Saraf,3,Fast Food,09:00:00,23:30:00,3.2,2011,23.32,0
4240,Tandon-Rai Restaurant,Aryan Guha,27,Mughlai,09:00:00,23:30:00,4.1,2906,16.33,1
4241,"Pingle, Wali and Bakshi Restaurant",Ayushman Bora,27,Street Food,10:00:00,22:00:00,5.0,308,24.91,1
4242,"Mannan, Dash and Sastry Restaurant",Lila Narayan,22,Burger,10:00:00,23:30:00,4.5,3134,22.18,0
4243,Guha-Boase Restaurant,Indira Randhawa,1,Biryani,08:00:00,23:30:00,4.0,34,25.86,0
4244,Chander-Warrior Restaurant,Faris Comar,44,Gujarati,09:00:00,23:00:00,3.3,1602,21.87,1
4245,Vora-Sangha Restaurant,Daksh Patel,27,Fast Food,08:00:00,23:00:00,4.0,255,29.39,0
4246,Agrawal Ltd Restaurant,Adweta Madan,4,Cafe,09:00:00,23:30:00,3.9,4283,26.4,1
4247,"Golla, Virk and Sekhon Restaurant",Ikshita Sheth,7,Gujarati,09:00:00,23:00:00,5.0,4997,23.23,1
4248,Kaul Ltd Restaurant,Lohit Hayre,30,Street Food,08:00:00,23:00:00,3.8,2178,23.46,1
4249,Dasgupta Inc Restaurant,Harini Arya,25,Mughlai,10:00:00,23:30:00,3.8,3072,16.03,1
4250,Tripathi Group Restaurant,Wakeeta Maharaj,49,Biryani,08:00:00,22:00:00,3.8,2922,21.47,1
4251,Bajaj Group Restaurant,Manthan Golla,43,Maharashtrian,09:00:00,23:00:00,3.4,2507,18.73,0
4252,Karan and Sons Restaurant,Shivansh Dani,33,North Indian,10:00:00,23:30:00,3.9,4841,28.98,0
4253,"Babu, Rajagopalan and Ganguly Restaurant",Agastya Tara,47,North Indian,08:00:00,23:00:00,4.1,2855,21.43,0
4254,"Hayre, Bahri and Deshpande Restaurant",Orinder Rajan,16,Cafe,09:00:00,23:30:00,4.0,2002,15.28,0
4255,"Sampath, Dewan and Lad Restaurant",Januja Khare,7,Burger,09:00:00,23:30:00,4.1,906,23.88,0
4256,Mani-Bakshi Restaurant,Warda Chanda,27,South Indian,09:00:00,23:00:00,4.1,1279,15.19,0
4257,"Malhotra, Mody and Raman Restaurant",Nikita Tandon,10,Fast Food,10:00:00,22:00:00,3.3,3091,29.33,1
4258,Bawa-Rai Restaurant,Sathvik Pathak,22,Pizza,08:00:00,23:30:00,3.1,2822,19.44,0
4259,"Modi, Kulkarni and Pradhan Restaurant",Aachal Narayanan,33,Punjabi,10:00:00,22:00:00,4.3,4821,28.78,0
4260,"Bhatti, Mand and Rai Restaurant",Omya Pandya,37,Desserts,09:00:00,23:00:00,4.3,1960,22.81,1
4261,"Issac, Loyal and Toor Restaurant",Chaman Karnik,9,Fast Food,09:00:00,22:00:00,3.8,128,18.03,1
4262,"Pandit, Sanghvi and Dutta Restaurant",Warda Kalita,16,Mughlai,08:00:00,23:30:00,3.1,265,23.7,1
4263,Ramanathan-Mistry Restaurant,Wridesh Dube,15,Pizza,08:00:00,23:30:00,3.6,1871,29.79,1
4264,Sharma Group Restaurant,Urishilla Agrawal,45,Punjabi,09:00:00,22:00:00,3.9,4674,23.5,1
4265,"Mannan, Kohli and Dutt Restaurant",Tejas Krishnamurthy,21,Fast Food,09:00:00,23:00:00,3.3,4087,25.4,1
4266,Kohli-Sani Restaurant,Azad Parekh,7,Mughlai,10:00:00,23:00:00,3.3,2779,17.33,1
4267,Mody LLC Restaurant,Jalsa Balay,41,Burger,08:00:00,22:00:00,3.3,2066,15.56,0
4268,"Gill, Wali and Luthra Restaurant",Ubika Gandhi,19,North Indian,09:00:00,23:00:00,4.5,3719,27.8,0
4269,"Anand, Behl and Shankar Restaurant",Avni Gera,12,Pizza,08:00:00,23:30:00,3.7,4639,26.05,1
4270,"Hayre, Bath and Sibal Restaurant",Utkarsh Suri,7,Street Food,10:00:00,23:30:00,3.3,4172,28.24,0
4271,Murty LLC Restaurant,Aayush Khurana,22,South Indian,09:00:00,23:00:00,3.9,4462,27.02,0
4272,"Balakrishnan, Bhatnagar and Sama Restaurant",Gautami Panchal,14,Maharashtrian,08:00:00,23:00:00,4.1,2427,26.57,1
4273,Pandya Inc Restaurant,Aayush Mital,41,Maharashtrian,08:00:00,23:30:00,4.1,1606,21.24,1
4274,Bajaj-Goyal Restaurant,Devika Kadakia,9,Biryani,09:00:00,23:30:00,3.6,4539,27.15,1
4275,Karan-Bhattacharyya Restaurant,Ucchal Lanka,20,Fast Food,08:00:00,22:00:00,3.3,2146,25.41,0
4276,"Kaul, Kapur and Swamy Restaurant",Raghav Brar,17,Mughlai,10:00:00,23:00:00,3.4,597,18.66,1
4277,"Chaudhry, Choudhury and Dhar Restaurant",Ira Balakrishnan,16,Biryani,08:00:00,23:00:00,3.7,1874,29.15,0
4278,Ganesan-Rattan Restaurant,Qasim Sharma,35,North Indian,10:00:00,22:00:00,3.8,3138,24.47,0
4279,Dixit-Saraf Restaurant,Qadim Padmanabhan,17,Cafe,08:00:00,23:30:00,4.5,4720,21.13,1
4280,Behl PLC Restaurant,Warhi Kapoor,6,North Indian,09:00:00,23:00:00,4.9,777,28.1,0
4281,"Hans, Palla and Pall Restaurant",Hema Buch,7,Desserts,10:00:00,23:30:00,3.3,2603,27.7,1
4282,Sankar-Baria Restaurant,Vincent Naik,43,Gujarati,10:00:00,22:00:00,4.8,4002,21.14,0
4283,Brar Group Restaurant,Hemangini Parmar,19,South Indian,08:00:00,22:00:00,3.5,2321,16.4,0
4284,Kannan-Setty Restaurant,Omisha Deshmukh,34,South Indian,08:00:00,23:30:00,4.3,2576,15.15,1
4285,Grewal-Chokshi Restaurant,Tamanna Iyengar,6,Punjabi,10:00:00,22:00:00,3.3,968,21.67,0
4286,Sathe LLC Restaurant,Girish Dey,20,Fast Food,09:00:00,22:00:00,4.0,3412,15.02,1
4287,Nadkarni Group Restaurant,Pallavi Ganesan,4,Cafe,09:00:00,23:00:00,3.2,4143,21.88,0
4288,Kurian-Chaudhuri Restaurant,Panini Balakrishnan,5,North Indian,08:00:00,22:00:00,3.5,2917,26.44,1
4289,"Kurian, Vora and Dani Restaurant",Manya Dutta,18,Pizza,09:00:00,22:00:00,4.9,1269,21.87,1
4290,Bhargava Group Restaurant,Fiyaz Sankar,39,Fast Food,08:00:00,23:00:00,4.5,243,18.34,1
4291,Bahri and Sons Restaurant,Ethan Sarin,17,Fast Food,10:00:00,23:30:00,4.2,4322,21.75,0
4292,"Tak, Bhargava and Mukhopadhyay Restaurant",Bachittar Narayan,16,Maharashtrian,08:00:00,23:30:00,3.5,2386,16.33,1
4293,"Zacharia, Dhar and Dass Restaurant",Ridhi Kari,20,South Indian,08:00:00,23:00:00,3.0,1394,21.4,1
4294,"Chaudhry, Ghose and Kale Restaurant",Veer Wali,23,Italian,08:00:00,23:30:00,4.3,392,20.22,1
4295,"Wali, Barad and Morar Restaurant",Gautam Manne,16,South Indian,10:00:00,22:00:00,3.2,4393,24.04,1
4296,"Doshi, Bhandari and Dhillon Restaurant",Xavier Rattan,19,Burger,08:00:00,22:00:00,3.6,3265,15.56,1
4297,Peri-Batra Restaurant,Parth Khanna,2,North Indian,09:00:00,23:00:00,3.6,4288,21.0,1
4298,Koshy LLC Restaurant,Urishilla Pathak,36,Burger,10:00:00,23:30:00,4.2,4270,23.86,1
4299,Sathe-Radhakrishnan Restaurant,Qasim Bhatt,34,South Indian,09:00:00,22:00:00,4.8,2038,21.08,0
4300,Narula LLC Restaurant,Bhavika Kuruvilla,2,North Indian,09:00:00,23:00:00,3.0,608,21.67,0
4301,Chada PLC Restaurant,Chandani Kothari,42,Biryani,09:00:00,23:30:00,4.8,4898,17.96,0
4302,Pradhan-Kar Restaurant,Balvan Dugar,3,Biryani,10:00:00,22:00:00,3.2,625,21.64,1
4303,"Sule, Sule and Dani Restaurant",Ekani Babu,4,North Indian,09:00:00,23:30:00,3.0,780,19.02,1
4304,Din-Contractor Restaurant,Jonathan Ramakrishnan,6,Cafe,09:00:00,23:00:00,4.7,3484,21.72,0
4305,Bhatt-Seth Restaurant,Neel Upadhyay,15,Italian,10:00:00,23:30:00,4.0,4645,25.96,1
4306,Sane and Sons Restaurant,Chatresh Thakur,24,Chinese,08:00:00,23:30:00,5.0,3952,26.64,0
4307,Karnik-Dugal Restaurant,Guneet Koshy,14,Punjabi,08:00:00,23:00:00,3.5,30,28.15,0
4308,Borra-Nagy Restaurant,Tejas Sharma,20,Maharashtrian,10:00:00,23:30:00,4.2,3171,24.4,1
4309,Sule-Comar Restaurant,Jagrati Devan,14,Punjabi,09:00:00,23:30:00,3.2,3932,24.71,1
4310,"Varkey, Seth and Sura Restaurant",Riya Master,16,South Indian,09:00:00,22:00:00,4.9,2505,26.45,0
4311,Buch-Prakash Restaurant,Daksh Kumar,18,Mughlai,09:00:00,23:30:00,4.4,1626,26.89,1
4312,Nadkarni-Behl Restaurant,Peter Ahuja,34,Burger,09:00:00,23:30:00,3.5,1276,27.99,1
4313,Purohit Ltd Restaurant,Warda Banerjee,36,Biryani,10:00:00,22:00:00,3.5,660,29.87,0
4314,Mukherjee Ltd Restaurant,Christopher Garde,18,Maharashtrian,08:00:00,22:00:00,4.8,3965,28.76,1
4315,"Mutti, Thakur and Ratta Restaurant",Mekhala Batta,29,Street Food,08:00:00,23:00:00,3.0,3000,23.39,0
4316,Batta LLC Restaurant,Samesh Mahajan,31,Desserts,08:00:00,23:00:00,3.9,1046,16.78,0
4317,Sharaf-Pall Restaurant,Ekapad Yadav,25,Chinese,09:00:00,22:00:00,3.8,4832,23.36,0
4318,"Dhingra, Khatri and Samra Restaurant",Chaitanya Borra,24,Cafe,09:00:00,23:00:00,3.6,1729,27.29,1
4319,Deo Group Restaurant,Ekbal Bava,1,South Indian,09:00:00,23:30:00,5.0,2704,20.41,0
4320,Chaudhry-Kohli Restaurant,Avni Prashad,15,Maharashtrian,10:00:00,22:00:00,3.5,1103,22.13,0
4321,Chaudhry PLC Restaurant,Nathaniel Dixit,47,Mughlai,09:00:00,23:00:00,4.9,4797,29.47,1
4322,Chaudhari and Sons Restaurant,Janaki Keer,21,Chinese,10:00:00,23:30:00,3.1,215,24.32,0
4323,Balay PLC Restaurant,Faraj Ram,25,North Indian,08:00:00,22:00:00,4.3,930,25.01,0
4324,"Dara, Roy and Kapadia Restaurant",Aditya Khanna,6,Desserts,09:00:00,23:00:00,3.1,596,27.69,1
4325,"Chadha, Srinivas and Korpal Restaurant",Advik Shukla,13,Mughlai,09:00:00,23:00:00,4.9,4232,16.23,0
4326,"Uppal, Mohan and Sunder Restaurant",Vasatika Gour,15,North Indian,08:00:00,23:30:00,4.5,4214,17.1,0
4327,Basak Inc Restaurant,Kai Buch,34,Desserts,09:00:00,23:30:00,4.9,4713,24.37,1
4328,Chaudhry-Bedi Restaurant,Aditya Shan,31,Chinese,08:00:00,23:30:00,4.9,622,15.92,1
4329,Saraf and Sons Restaurant,Janya Bala,34,South Indian,09:00:00,23:30:00,4.8,3839,29.23,0
4330,"Walia, Nagi and Chawla Restaurant",Tarak Shanker,41,Burger,09:00:00,23:00:00,4.4,595,24.09,0
4331,Wadhwa LLC Restaurant,Imaran Buch,5,Cafe,10:00:00,23:30:00,3.3,1164,15.31,0
4332,"Lanka, Modi and Pathak Restaurant",Januja Salvi,49,South Indian,10:00:00,23:30:00,5.0,2374,16.82,1
4333,"Sodhi, Dhar and Rana Restaurant",Hamsini Ramachandran,5,Gujarati,10:00:00,23:30:00,4.9,1849,27.43,0
4334,Grewal Group Restaurant,Wishi Brar,13,Burger,09:00:00,22:00:00,4.4,3594,24.11,1
4335,Sarna Group Restaurant,Yachana Tella,33,Italian,09:00:00,23:30:00,4.2,561,21.21,1
4336,Dhaliwal-Sandal Restaurant,Irya Rattan,28,Fast Food,08:00:00,22:00:00,3.3,4750,25.0,0
4337,Desai Ltd Restaurant,Lakshmi Sastry,43,Chinese,09:00:00,22:00:00,4.6,4391,17.24,1
4338,"Kanda, Bakshi and Pradhan Restaurant",Warda Johal,30,Street Food,08:00:00,22:00:00,3.8,4955,18.61,1
4339,Chaudhari-Hayre Restaurant,Bhavini Batra,39,Desserts,10:00:00,23:30:00,3.6,1375,29.04,1
4340,Dey and Sons Restaurant,Lajita Biswas,12,Street Food,10:00:00,23:00:00,4.5,2134,19.52,1
4341,Mishra-Raman Restaurant,Patrick Talwar,49,Italian,10:00:00,23:30:00,3.9,4461,21.53,0
4342,Jayaraman-Kamdar Restaurant,Chaman Choudhry,8,South Indian,09:00:00,22:00:00,3.4,3510,18.86,0
4343,Shankar Group Restaurant,Chanchal Ghosh,21,Mughlai,09:00:00,23:00:00,3.2,2755,19.76,1
4344,"Chaudry, Prasad and Grewal Restaurant",Yasti Karan,39,Gujarati,10:00:00,23:30:00,3.1,3203,25.48,0
4345,Ranganathan PLC Restaurant,Sarthak Sagar,50,Biryani,10:00:00,23:00:00,4.9,447,17.58,1
4346,Srinivas-Bala Restaurant,Lipika Munshi,37,South Indian,10:00:00,22:00:00,3.0,2202,29.32,0
4347,Yohannan-Ram Restaurant,Anthony Kalita,30,Chinese,08:00:00,23:00:00,3.4,3270,20.93,0
4348,Kashyap-Aggarwal Restaurant,Arunima Kannan,14,Chinese,08:00:00,23:00:00,4.0,613,23.03,0
4349,Kari-Ratti Restaurant,Farhan Padmanabhan,12,Maharashtrian,09:00:00,23:00:00,4.3,4848,23.52,1
4350,"Golla, Dhillon and Comar Restaurant",Vasudha Bhardwaj,30,Cafe,08:00:00,23:30:00,3.9,4699,17.93,1
4351,Narayan-Kapoor Restaurant,Devansh Bassi,32,Desserts,10:00:00,23:00:00,4.5,572,23.46,0
4352,Bedi-Purohit Restaurant,Girindra Bumb,17,Punjabi,09:00:00,23:00:00,4.4,622,15.97,0
4353,"Seth, Garde and Dave Restaurant",Avni Srinivasan,26,Street Food,09:00:00,22:00:00,3.4,4342,21.39,1
4354,Venkataraman and Sons Restaurant,Gagan Yadav,26,Gujarati,09:00:00,23:00:00,3.2,1333,20.47,1
4355,Sekhon Ltd Restaurant,Chatresh Srinivasan,47,Desserts,08:00:00,22:00:00,3.4,138,23.15,1
4356,Sem-Vora Restaurant,Vansha Mane,26,Italian,08:00:00,23:30:00,4.9,1217,23.67,0
4357,"Sen, Bhandari and Mutti Restaurant",Krishna Chhabra,41,Fast Food,10:00:00,23:30:00,3.3,3840,18.35,0
4358,Dash-Choudhry Restaurant,Nimrat Nayak,8,North Indian,09:00:00,23:30:00,4.4,4318,18.04,0
4359,Parekh-Varughese Restaurant,Harsh Andra,41,Biryani,08:00:00,23:30:00,3.9,2912,26.44,1
4360,Bose-Tailor Restaurant,Dhriti Ray,35,Pizza,08:00:00,22:00:00,3.0,1115,15.1,1
4361,Chandra Group Restaurant,Girindra Ganguly,2,Mughlai,09:00:00,22:00:00,4.1,2095,27.44,0
4362,"Shenoy, Peri and Pandey Restaurant",Pranav Sachdeva,28,Gujarati,10:00:00,22:00:00,4.0,3541,26.43,0
4363,Sahota PLC Restaurant,Nirja Kamdar,41,Burger,09:00:00,22:00:00,3.3,2700,20.3,0
4364,Tripathi-Bobal Restaurant,Siddharth Vora,44,Punjabi,08:00:00,22:00:00,4.9,681,15.49,0
4365,"Bera, Ramanathan and Wali Restaurant",Champak Comar,40,Fast Food,10:00:00,23:30:00,4.5,1075,16.93,0
4366,Arya Group Restaurant,Pooja Tak,14,Punjabi,08:00:00,22:00:00,3.4,107,29.94,0
4367,Gulati-Garg Restaurant,Lopa Kapadia,9,Italian,09:00:00,22:00:00,3.3,4353,18.46,0
4368,"Hayer, Sama and Dara Restaurant",Faraj Singhal,43,Fast Food,10:00:00,22:00:00,4.8,2269,17.96,1
4369,"Vyas, Narayan and Loyal Restaurant",Chakradev Mukherjee,22,Cafe,08:00:00,23:30:00,3.2,3581,26.51,0
4370,"Bhalla, Kibe and Soni Restaurant",Ishanvi Merchant,36,North Indian,10:00:00,22:00:00,4.7,3267,18.32,1
4371,Varty-Natarajan Restaurant,Harita Sama,28,Maharashtrian,09:00:00,23:30:00,3.9,2523,15.14,0
4372,Dasgupta and Sons Restaurant,Arya Kamdar,1,Fast Food,09:00:00,23:00:00,4.8,546,29.14,1
4373,"Dube, Dhillon and Nagy Restaurant",Hitesh Sarma,7,Burger,09:00:00,23:00:00,4.2,55,15.46,1
4374,Boase-Gour Restaurant,Ekalinga Kumar,19,Cafe,10:00:00,23:00:00,4.1,837,19.94,0
4375,Sama-Gola Restaurant,Qabil Guha,32,Burger,09:00:00,22:00:00,4.2,3402,27.45,0
4376,Barad-Dara Restaurant,Viraj Lal,34,North Indian,10:00:00,22:00:00,3.6,994,20.38,1
4377,Kuruvilla-Chaudhari Restaurant,Zayan Nadkarni,2,Gujarati,10:00:00,23:00:00,4.2,3425,16.48,0
4378,Chandra LLC Restaurant,Teerth Ben,8,Pizza,08:00:00,23:30:00,3.7,1329,25.47,0
4379,"Kibe, Anand and Singhal Restaurant",Geetika Batra,9,Gujarati,10:00:00,22:00:00,3.6,4511,17.9,1
4380,"Sangha, Mohan and Patil Restaurant",Krishna Mall,42,Biryani,10:00:00,23:00:00,3.5,2240,26.1,1
4381,"Balay, Goda and Chokshi Restaurant",Veda Guha,32,Burger,08:00:00,23:00:00,4.5,1645,23.94,0
4382,Chander-Sahota Restaurant,Yashoda Bhatt,50,South Indian,08:00:00,22:00:00,4.8,1323,27.26,1
4383,Jhaveri and Sons Restaurant,Rehaan Sanghvi,33,Gujarati,09:00:00,22:00:00,3.9,4470,23.28,0
4384,Balakrishnan-Sridhar Restaurant,Jai Srinivas,26,North Indian,08:00:00,22:00:00,5.0,2283,22.97,0
4385,"Kara, Memon and Apte Restaurant",Dalaja Deo,16,North Indian,09:00:00,23:00:00,4.6,4391,28.36,0
4386,"Garg, Garde and Madan Restaurant",Victor Bhat,46,Cafe,10:00:00,23:00:00,3.2,4472,21.48,1
4387,Korpal-Goyal Restaurant,Radha Munshi,9,Chinese,10:00:00,22:00:00,3.7,2710,29.39,1
4388,Atwal-Chandra Restaurant,Dayita Mannan,43,Punjabi,09:00:00,23:30:00,4.8,390,19.89,1
4389,Ganguly-Minhas Restaurant,Nachiket Balasubramanian,37,Burger,09:00:00,23:00:00,3.9,4931,24.11,0
4390,Mammen and Sons Restaurant,Abhimanyu Morar,7,Gujarati,08:00:00,23:00:00,5.0,4511,18.35,1
4391,Sabharwal-Panchal Restaurant,Jacob Varma,49,Pizza,09:00:00,23:00:00,4.9,3642,28.11,1
4392,Bhattacharyya-Nayar Restaurant,Anusha Anand,50,Desserts,10:00:00,22:00:00,3.2,3207,15.01,1
4393,"Mane, Chauhan and More Restaurant",Indali Hans,34,Maharashtrian,09:00:00,22:00:00,4.6,913,28.17,0
4394,"Zacharia, Bhattacharyya and Hans Restaurant",Balvan Nagarajan,12,South Indian,08:00:00,22:00:00,3.8,4293,23.93,1
4395,Desai-Mital Restaurant,Girik Bhalla,4,North Indian,10:00:00,22:00:00,3.5,3564,25.21,0
4396,"Gola, Rajan and Borra Restaurant",Avi Iyengar,9,Gujarati,10:00:00,23:30:00,4.2,4248,23.8,0
4397,Rajagopal-Nagarajan Restaurant,Pratyush Gill,1,Gujarati,09:00:00,23:00:00,3.8,886,26.11,0
4398,Ghosh and Sons Restaurant,Lavanya Raj,47,Desserts,10:00:00,23:30:00,4.5,3945,23.66,0
4399,Sampath-Ghose Restaurant,Idika Kaur,30,South Indian,10:00:00,23:00:00,4.4,418,28.69,0
4400,Yogi Group Restaurant,Zashil Chander,14,Mughlai,10:00:00,23:00:00,4.5,4272,25.15,0
4401,Handa PLC Restaurant,Vihaan Mody,33,Pizza,10:00:00,23:30:00,4.9,4614,27.91,1
4402,Mand Ltd Restaurant,Chaitaly Agate,33,Gujarati,08:00:00,23:30:00,4.5,2135,26.64,1
4403,Samra-Goel Restaurant,Anamika Rout,26,Punjabi,08:00:00,22:00:00,4.4,4676,15.13,0
4404,Jaggi LLC Restaurant,Wazir Kurian,31,Italian,09:00:00,23:30:00,3.6,4790,29.7,1
4405,Sodhi LLC Restaurant,Lakshmi Sarin,18,Pizza,09:00:00,23:30:00,4.8,2089,28.04,1
4406,"Kumar, Barad and Tripathi Restaurant",Janaki Mani,18,South Indian,08:00:00,23:00:00,3.8,1415,26.16,0
4407,Mane and Sons Restaurant,Leela Deol,25,Gujarati,09:00:00,23:00:00,4.3,2458,26.53,1
4408,"Narayan, Oza and Bail Restaurant",Amruta Jayaraman,37,South Indian,10:00:00,23:00:00,3.1,2142,18.74,0
4409,Bains-Palan Restaurant,Kashvi Magar,40,Mughlai,09:00:00,23:30:00,4.3,4670,26.11,1
4410,Anand-Kothari Restaurant,Pahal Mander,39,Punjabi,10:00:00,23:00:00,3.7,2594,21.76,0
4411,Kadakia-Naidu Restaurant,Upma Ravel,44,Biryani,09:00:00,23:00:00,4.3,4543,16.08,1
4412,Basu-Kuruvilla Restaurant,Jeet Virk,34,Fast Food,08:00:00,23:00:00,4.4,4024,27.62,0
4413,Agrawal Inc Restaurant,Anusha Deshpande,4,Biryani,10:00:00,23:30:00,3.2,3837,21.99,1
4414,"Trivedi, Shah and Kala Restaurant",Bhavani Ratti,7,Street Food,10:00:00,23:30:00,4.7,2611,24.86,0
4415,"Purohit, Varty and Saraf Restaurant",Shivani Yohannan,32,Mughlai,10:00:00,22:00:00,3.8,1303,17.23,0
4416,"Kuruvilla, Shan and Babu Restaurant",Hredhaan Shankar,46,Punjabi,10:00:00,23:00:00,3.6,1955,28.56,1
4417,"Bains, Sant and Behl Restaurant",Advika Sarraf,38,Maharashtrian,10:00:00,23:00:00,3.3,4561,20.0,0
4418,Buch Inc Restaurant,Abha Sem,47,Chinese,08:00:00,22:00:00,4.5,1152,28.95,1
4419,Nayar Group Restaurant,Jagrati Sahota,21,Italian,08:00:00,23:00:00,3.5,2731,27.13,1
4420,Nanda-Acharya Restaurant,Faraj Tiwari,40,Biryani,08:00:00,23:00:00,4.2,459,17.83,0
4421,Bahri-Char Restaurant,Vyanjana Master,16,Fast Food,09:00:00,23:00:00,3.1,3492,26.88,1
4422,Golla-Jayaraman Restaurant,Sarthak Pillai,3,Maharashtrian,08:00:00,23:30:00,3.7,3035,20.17,1
4423,"Saran, Varughese and Narang Restaurant",Arunima Naik,3,Street Food,08:00:00,22:00:00,3.1,950,22.05,0
4424,Nayak Group Restaurant,Veer Sundaram,13,Burger,09:00:00,23:00:00,4.9,2972,23.45,1
4425,Mukhopadhyay-Bath Restaurant,Aishani Gokhale,26,South Indian,08:00:00,22:00:00,4.1,2062,28.91,0
4426,"Saran, Bora and Sinha Restaurant",Garima Sehgal,41,Chinese,09:00:00,23:30:00,4.5,136,27.64,1
4427,Mital Inc Restaurant,Ganga Bhalla,2,Biryani,10:00:00,23:00:00,3.2,1280,17.53,0
4428,"Khosla, Yohannan and Naik Restaurant",Priya Gera,35,Gujarati,08:00:00,23:30:00,4.4,236,20.47,1
4429,Mitra-Varkey Restaurant,Nisha Krish,19,Burger,10:00:00,23:30:00,3.7,55,29.05,1
4430,"Mani, Konda and Ray Restaurant",Lekha Hayre,24,Pizza,09:00:00,23:30:00,3.7,1052,29.54,0
4431,Vala-Panchal Restaurant,Anirudh Chad,46,Pizza,09:00:00,22:00:00,4.0,4011,26.52,1
4432,Buch and Sons Restaurant,Krishna Nath,14,Italian,10:00:00,22:00:00,4.0,1590,23.65,0
4433,Joshi Inc Restaurant,Yahvi Pillay,17,Gujarati,09:00:00,22:00:00,3.1,1477,25.41,0
4434,Suri Group Restaurant,Krisha Soman,26,Maharashtrian,09:00:00,23:30:00,4.3,1184,29.22,1
4435,Kalita Group Restaurant,Oeshi Din,37,North Indian,08:00:00,23:30:00,3.4,528,23.46,1
4436,Hari Ltd Restaurant,Tanveer Kulkarni,22,Gujarati,08:00:00,23:00:00,3.2,4980,15.56,1
4437,Manda-Kakar Restaurant,Neha Trivedi,2,Street Food,10:00:00,22:00:00,4.9,903,17.59,0
4438,"Purohit, Konda and Kaul Restaurant",Ekbal Dora,14,Maharashtrian,08:00:00,23:00:00,3.6,291,21.86,1
4439,Kapadia LLC Restaurant,Oviya Chakrabarti,11,Street Food,08:00:00,23:00:00,3.4,625,23.27,0
4440,Batta-Sen Restaurant,Jeet Sekhon,44,Italian,10:00:00,22:00:00,4.2,614,26.11,0
4441,Mammen-Parikh Restaurant,Triya Sangha,37,Street Food,09:00:00,23:30:00,4.2,941,15.04,1
4442,Sachdev and Sons Restaurant,Yash Ramanathan,15,North Indian,09:00:00,22:00:00,3.3,3443,15.63,0
4443,Yohannan-Munshi Restaurant,Yashodhara Suresh,36,Chinese,08:00:00,23:30:00,3.5,3815,21.67,1
4444,Lanka-Tandon Restaurant,Anjali Mangat,12,Biryani,08:00:00,23:00:00,3.6,4604,19.86,1
4445,"Khatri, Mangal and Thakkar Restaurant",Lakshit Pandya,11,Street Food,10:00:00,22:00:00,3.1,1605,17.26,0
4446,Sehgal Ltd Restaurant,Zehaan Bala,6,Chinese,09:00:00,23:30:00,4.1,2404,18.88,1
4447,Soni Group Restaurant,Oni Soman,24,Mughlai,10:00:00,23:00:00,3.3,2237,22.37,0
4448,Bakshi-Lanka Restaurant,Arin Srinivasan,37,Burger,10:00:00,22:00:00,4.3,2193,21.6,1
4449,Sibal-Pant Restaurant,Darika Saxena,22,Chinese,09:00:00,23:00:00,3.4,4526,21.99,1
4450,Iyengar-Misra Restaurant,Faqid Nadig,31,Biryani,10:00:00,23:30:00,3.5,3636,15.05,1
4451,Johal-Johal Restaurant,Dalbir Bali,27,Pizza,09:00:00,23:00:00,3.9,453,29.91,0
4452,"Batra, Mall and Bandi Restaurant",Kashish Rao,10,Street Food,10:00:00,23:30:00,4.0,3737,29.3,0
4453,Toor-Doctor Restaurant,Bina Lall,35,Fast Food,08:00:00,23:00:00,4.0,4924,17.04,0
4454,Konda-Vohra Restaurant,Pahal Pau,26,Gujarati,10:00:00,22:00:00,4.4,3113,18.86,1
4455,Oommen and Sons Restaurant,Kalpit Sabharwal,2,North Indian,09:00:00,22:00:00,4.7,630,24.68,1
4456,Balay-Arya Restaurant,Abha Shukla,3,Pizza,09:00:00,23:30:00,4.4,4466,22.73,0
4457,Brar Inc Restaurant,Yatan Morar,5,Punjabi,10:00:00,23:00:00,3.8,3886,29.54,1
4458,"Pathak, Sama and Brahmbhatt Restaurant",Yachana Rastogi,41,South Indian,08:00:00,23:00:00,4.2,1583,28.46,0
4459,Buch-Chadha Restaurant,Eesha Thakkar,49,Cafe,09:00:00,22:00:00,4.1,2977,18.57,1
4460,Sem LLC Restaurant,Pooja Bose,44,Gujarati,09:00:00,22:00:00,4.7,167,16.27,0
4461,Mohan-Singhal Restaurant,Pavani Chander,40,Mughlai,10:00:00,23:00:00,4.1,4298,21.6,0
4462,"Rege, Vaidya and Sur Restaurant",Avni Shenoy,31,North Indian,10:00:00,23:30:00,4.6,3299,22.29,0
4463,"Sabharwal, Ratta and Rajagopal Restaurant",Amol Pradhan,24,Chinese,08:00:00,23:00:00,3.9,867,25.87,0
4464,"Deol, Pillay and Raval Restaurant",Kavya Badal,31,Desserts,09:00:00,22:00:00,3.6,1862,21.37,1
4465,"Bir, Majumdar and Gala Restaurant",Vincent Aggarwal,47,Biryani,10:00:00,23:00:00,3.9,1262,24.72,1
4466,"Gole, Grewal and Taneja Restaurant",Bhavika Badal,27,South Indian,10:00:00,22:00:00,3.7,571,16.37,0
4467,Mall-Srivastava Restaurant,Pahal Ghosh,4,Gujarati,09:00:00,22:00:00,4.6,4086,23.33,1
4468,Bhavsar LLC Restaurant,Isha Bhavsar,2,Punjabi,08:00:00,22:00:00,3.7,1237,20.22,1
4469,Chakrabarti PLC Restaurant,Krisha Bali,37,Biryani,08:00:00,23:30:00,4.5,1901,25.55,0
4470,Sundaram-Mohanty Restaurant,Yagnesh Kala,3,South Indian,08:00:00,23:30:00,3.3,3875,20.47,1
4471,"Chana, Kulkarni and Setty Restaurant",Oliver Lal,18,Gujarati,09:00:00,23:30:00,4.4,2754,24.6,1
4472,Mistry-Mittal Restaurant,Aarnav Guha,21,Maharashtrian,10:00:00,23:00:00,4.5,2104,27.47,0
4473,Lala-Manda Restaurant,Anay Ganesan,23,Chinese,09:00:00,23:30:00,4.4,2132,25.03,0
4474,"Kara, Thaman and Srivastava Restaurant",Ishanvi Butala,4,Fast Food,08:00:00,23:00:00,3.6,2880,26.68,0
4475,"Ray, Sachdev and Mukherjee Restaurant",Varenya Mittal,29,Fast Food,08:00:00,23:30:00,4.7,781,28.51,0
4476,Jani Inc Restaurant,Jeevika Bose,16,Biryani,10:00:00,22:00:00,4.7,3491,26.94,1
4477,"Guha, Anand and Dhaliwal Restaurant",Yoshita Prakash,48,Maharashtrian,10:00:00,23:30:00,3.9,4391,16.73,1
4478,Loke Group Restaurant,Farhan Palla,50,Street Food,08:00:00,23:30:00,3.6,4086,26.5,1
4479,Vyas PLC Restaurant,Oliver Dani,20,Maharashtrian,10:00:00,22:00:00,4.6,4287,19.47,1
4480,Narang-Oza Restaurant,Chavvi Borra,34,Mughlai,08:00:00,23:00:00,3.5,305,22.73,0
4481,Prashad LLC Restaurant,Zilmil Choudhry,22,Mughlai,09:00:00,22:00:00,3.6,389,25.11,1
4482,Sharma-Pai Restaurant,Tanveer Yogi,17,Fast Food,09:00:00,22:00:00,4.1,4751,23.37,0
4483,Chatterjee PLC Restaurant,Deepa Walia,12,Fast Food,09:00:00,22:00:00,3.6,3635,26.05,0
4484,"Chand, Barman and Bhakta Restaurant",Dhruv Kuruvilla,7,Street Food,08:00:00,22:00:00,4.4,484,28.67,1
4485,Gulati-Lad Restaurant,Oscar Muni,45,Desserts,08:00:00,23:30:00,3.5,3495,28.46,1
4486,Chauhan Ltd Restaurant,Ubika Khurana,39,Italian,08:00:00,22:00:00,3.5,4745,21.18,0
4487,Chaudry and Sons Restaurant,Yutika Murthy,4,Desserts,10:00:00,23:00:00,4.4,1646,24.76,0
4488,Sodhi and Sons Restaurant,Gautam Chahal,49,North Indian,08:00:00,22:00:00,4.3,3449,18.97,1
4489,Ratti-Chakrabarti Restaurant,Zaid Chacko,40,Biryani,10:00:00,22:00:00,3.0,2738,19.45,0
4490,Parekh-Patil Restaurant,Chatura Bhatnagar,37,Mughlai,09:00:00,23:30:00,4.7,1174,29.53,1
4491,Kapoor-Barad Restaurant,Daniel Mohanty,31,Gujarati,09:00:00,23:30:00,4.5,2314,21.7,1
4492,Anne-Sengupta Restaurant,Gaurang Chaudhry,1,Fast Food,08:00:00,23:30:00,3.5,3752,29.38,1
4493,Reddy LLC Restaurant,Dhriti Nagarajan,47,Mughlai,09:00:00,23:30:00,3.9,1496,16.21,1
4494,Ray-Sankaran Restaurant,Dalaja Nanda,6,Biryani,08:00:00,23:00:00,3.7,408,27.13,1
4495,Dar-Gour Restaurant,Lohit Ray,10,Maharashtrian,08:00:00,23:00:00,3.9,3525,24.3,1
4496,"Loke, Om and Dua Restaurant",Omaja Mohanty,38,Mughlai,10:00:00,23:00:00,4.9,2728,19.4,1
4497,"Butala, Chauhan and Bajaj Restaurant",Henry Raja,33,Fast Food,09:00:00,23:00:00,4.9,1950,19.16,0
4498,"Rai, Chander and Badal Restaurant",Kevin Dutta,40,Street Food,08:00:00,23:30:00,4.9,1765,21.24,0
4499,"Krishna, Desai and Dasgupta Restaurant",Lohit Sahni,45,Pizza,10:00:00,23:00:00,3.4,3736,19.99,0
4500,"Dass, Doshi and Chacko Restaurant",Ishani Ratti,45,Maharashtrian,08:00:00,23:00:00,3.8,2061,22.74,0
4501,Raj PLC Restaurant,Madhav Balasubramanian,8,Chinese,09:00:00,23:30:00,3.6,2433,22.18,0
4502,"Hari, Madan and Taneja Restaurant",Aarush Apte,28,Punjabi,10:00:00,23:00:00,3.8,592,29.72,1
4503,Karpe-Dewan Restaurant,Waida Dayal,36,Cafe,09:00:00,22:00:00,4.4,1986,28.02,0
4504,Shah Inc Restaurant,Nakul Dhingra,30,North Indian,10:00:00,23:00:00,3.7,2087,22.78,1
4505,Batra Ltd Restaurant,Amara Nori,15,South Indian,09:00:00,22:00:00,3.3,1089,21.74,1
4506,"Tak, Dave and Kumar Restaurant",Ubika Das,16,Italian,08:00:00,22:00:00,4.7,1463,27.13,1
4507,Palla Inc Restaurant,Gaurika Grewal,5,Mughlai,09:00:00,23:30:00,4.3,2348,19.47,1
4508,"Basu, Narula and Vala Restaurant",Manan Varty,27,Italian,08:00:00,22:00:00,3.3,646,18.15,0
4509,Babu-Rai Restaurant,Bhavna Balakrishnan,32,Mughlai,08:00:00,23:30:00,4.8,4440,26.37,0
4510,Gopal LLC Restaurant,Omya Parmer,26,Burger,08:00:00,23:00:00,4.4,2467,20.2,1
4511,Sood-Lall Restaurant,Mohini Om,33,Burger,09:00:00,22:00:00,3.7,2691,25.63,1
4512,Bajaj LLC Restaurant,Yadavi Tiwari,6,Mughlai,08:00:00,22:00:00,4.3,4533,25.21,0
4513,Sarin-Ramanathan Restaurant,Samarth Banik,22,Chinese,08:00:00,22:00:00,4.8,4306,25.57,1
4514,Ramachandran LLC Restaurant,Raagini Desai,28,Maharashtrian,08:00:00,23:00:00,4.7,2252,20.85,1
4515,Varma PLC Restaurant,Yashoda Uppal,12,Mughlai,10:00:00,22:00:00,5.0,4383,29.85,1
4516,Raj-Palan Restaurant,Wazir Borah,3,Pizza,08:00:00,22:00:00,3.5,1824,27.6,0
4517,Ramachandran Ltd Restaurant,Omaja Dave,40,Mughlai,10:00:00,23:00:00,3.2,1392,18.14,0
4518,Bajaj Inc Restaurant,Rishi Raja,2,Italian,09:00:00,23:00:00,4.0,2420,16.9,1
4519,Mammen Group Restaurant,Sanya Buch,48,Biryani,10:00:00,23:00:00,3.3,4456,25.54,1
4520,"Aurora, Kala and Upadhyay Restaurant",Sarthak Narayan,12,Biryani,08:00:00,23:30:00,3.9,3122,29.72,0
4521,Kunda PLC Restaurant,Yatan Ganguly,10,North Indian,10:00:00,23:00:00,3.9,1875,27.47,1
4522,"Mann, Morar and Borah Restaurant",Aashi Sharaf,6,Punjabi,08:00:00,23:00:00,3.4,4418,18.41,0
4523,"Batta, Pathak and Kaul Restaurant",Ridhi Dave,18,Gujarati,10:00:00,23:00:00,4.6,3036,22.21,1
4524,"Khatri, Parmer and Chander Restaurant",Urvi Kale,28,Chinese,08:00:00,23:30:00,3.3,3730,22.5,0
4525,"Bhalla, Narula and Kant Restaurant",Meera Tak,4,Fast Food,09:00:00,22:00:00,3.7,2940,25.59,1
4526,Kumer PLC Restaurant,Odika Narula,14,North Indian,08:00:00,23:00:00,3.4,1056,17.55,1
4527,Dixit-Ganesan Restaurant,Quincy Dutt,29,Street Food,08:00:00,23:00:00,4.4,2105,15.63,0
4528,"Gala, Yadav and Agarwal Restaurant",Tejas Dube,22,Pizza,09:00:00,23:00:00,4.8,4289,24.05,0
4529,Prakash and Sons Restaurant,Rajeshri Uppal,38,Cafe,09:00:00,23:00:00,4.3,2421,16.56,1
4530,"Oza, Sane and Wason Restaurant",Pahal Sundaram,31,Mughlai,10:00:00,22:00:00,3.7,4802,21.32,1
4531,Tandon-Thakkar Restaurant,Mohini Mallick,26,Desserts,10:00:00,23:00:00,3.5,3222,27.62,1
4532,Kanda-Srinivasan Restaurant,Avni Nanda,25,Maharashtrian,08:00:00,23:00:00,4.9,2301,22.72,1
4533,"Soman, Natt and Din Restaurant",Vihaan Parikh,48,Gujarati,09:00:00,23:00:00,4.5,1717,17.81,0
4534,"Iyer, Bumb and Sridhar Restaurant",Hemangini Narayan,40,Desserts,08:00:00,23:30:00,3.3,4479,24.03,1
4535,"Dutt, Thakur and Suresh Restaurant",Tanvi Malhotra,35,Biryani,10:00:00,23:00:00,3.1,3487,28.37,0
4536,Bhatt Ltd Restaurant,Libni Dugar,44,Maharashtrian,09:00:00,23:00:00,4.2,4876,25.16,1
4537,Sawhney-Naidu Restaurant,Jacob Tailor,11,Burger,09:00:00,22:00:00,4.0,216,24.54,1
4538,Kurian-Natt Restaurant,Amrita Ray,14,North Indian,08:00:00,22:00:00,4.9,406,18.38,0
4539,Nadkarni-Bora Restaurant,Rajata Mukhopadhyay,37,Mughlai,08:00:00,23:30:00,3.2,4153,22.48,1
4540,Rau Group Restaurant,Wazir Anand,10,Mughlai,08:00:00,22:00:00,3.7,4523,24.37,1
4541,Jhaveri LLC Restaurant,Darsh Choudhary,36,Cafe,08:00:00,22:00:00,4.1,158,29.2,1
4542,Handa-Barad Restaurant,Falak Soman,14,Italian,09:00:00,23:00:00,4.7,1639,19.89,1
4543,"Dubey, Gera and Mand Restaurant",Jonathan Viswanathan,2,Chinese,10:00:00,23:30:00,3.9,1377,22.67,1
4544,Kale-Mody Restaurant,Varsha Raj,5,Pizza,09:00:00,23:00:00,4.2,3035,21.94,1
4545,Bava-Venkatesh Restaurant,Rajata Bawa,23,Biryani,09:00:00,23:30:00,3.7,4689,20.56,1
4546,Toor Inc Restaurant,Abhiram Jani,2,Street Food,09:00:00,23:00:00,4.8,1986,25.32,1
4547,Mital PLC Restaurant,Ekbal Nath,9,Maharashtrian,10:00:00,23:30:00,3.2,959,19.51,1
4548,Sarna Ltd Restaurant,Kavya Vyas,19,Street Food,08:00:00,23:30:00,3.4,2846,29.13,1
4549,Ratta-Sunder Restaurant,Hiral Narain,9,Punjabi,10:00:00,23:00:00,3.3,525,29.14,0
4550,Mahajan-Saha Restaurant,Hemani Konda,50,Cafe,08:00:00,23:00:00,4.3,808,28.1,0
4551,"Dube, Ramaswamy and Baria Restaurant",Vedhika Loke,6,Fast Food,09:00:00,23:00:00,3.6,2443,19.8,0
4552,"Rau, Devi and Tandon Restaurant",Chanakya Natarajan,14,North Indian,10:00:00,22:00:00,3.9,3179,26.48,1
4553,"Jhaveri, Rana and Mistry Restaurant",Hredhaan Dua,30,Italian,08:00:00,23:30:00,4.5,4500,17.12,0
4554,"Wali, Palla and Rege Restaurant",Mitesh Thaker,13,Desserts,10:00:00,23:00:00,4.4,2002,17.58,0
4555,Basak-Garde Restaurant,Ishanvi Nagi,11,Punjabi,09:00:00,23:00:00,3.0,1436,23.74,1
4556,"Kalla, Korpal and Bahri Restaurant",Sudiksha Oak,15,Fast Food,10:00:00,22:00:00,4.2,759,17.64,0
4557,Dewan-Chakraborty Restaurant,Libni Gopal,36,Street Food,08:00:00,23:00:00,4.4,1369,20.3,1
4558,Lad-Kalla Restaurant,Mitali Sridhar,38,Maharashtrian,08:00:00,23:30:00,3.1,3939,24.12,1
4559,"Vala, Loke and Mani Restaurant",Aarnav Sehgal,6,Chinese,10:00:00,22:00:00,4.8,2681,19.54,0
4560,"Bains, Srivastava and Oza Restaurant",Harish Thaman,6,Mughlai,10:00:00,22:00:00,4.9,952,18.06,1
4561,Shan Group Restaurant,Kamala Biswas,48,Punjabi,08:00:00,23:00:00,4.6,3025,22.09,0
4562,Malhotra LLC Restaurant,Damyanti Gandhi,14,Maharashtrian,10:00:00,23:30:00,3.9,1460,28.39,1
4563,Jha-Chaudhry Restaurant,Anya Gokhale,35,Burger,08:00:00,22:00:00,4.0,2398,27.29,0
4564,"Konda, Varughese and Nayar Restaurant",Anita Sarraf,50,South Indian,08:00:00,22:00:00,4.5,727,28.24,0
4565,Saraf-Palla Restaurant,Eiravati Bansal,33,South Indian,08:00:00,22:00:00,3.2,4870,27.89,0
4566,Bahl-Pathak Restaurant,Chavvi Lall,11,Maharashtrian,10:00:00,23:30:00,3.1,4484,24.67,0
4567,"Kade, Mohan and Kapadia Restaurant",Urishilla Tailor,38,Burger,10:00:00,23:00:00,3.6,2972,17.37,0
4568,Nayar Group Restaurant,Lohit Agate,37,South Indian,10:00:00,23:30:00,4.7,315,22.7,0
4569,"Lata, Bhagat and Sur Restaurant",Wridesh Misra,43,Italian,08:00:00,23:00:00,3.8,4620,25.91,0
4570,Pal and Sons Restaurant,Ubika Shukla,7,Biryani,08:00:00,22:00:00,4.5,3286,22.34,1
4571,Behl Ltd Restaurant,Imaran Dasgupta,46,Street Food,10:00:00,22:00:00,4.8,716,15.17,0
4572,Krishnan-Shere Restaurant,Veer Mani,45,Mughlai,10:00:00,22:00:00,4.2,4166,26.9,1
4573,"Lall, Khosla and Bora Restaurant",Veda Deol,19,North Indian,09:00:00,22:00:00,3.2,1707,26.73,0
4574,Pandey LLC Restaurant,Xiti Nayar,49,Street Food,08:00:00,23:00:00,4.9,2178,23.89,1
4575,Kumar-Chawla Restaurant,Hema Madan,2,Biryani,08:00:00,23:00:00,4.8,3909,26.55,1
4576,"Sura, More and Chandran Restaurant",Falguni Prasad,4,Desserts,10:00:00,23:00:00,3.9,1277,20.37,1
4577,Kala-Murthy Restaurant,Wazir Dhillon,10,Italian,08:00:00,23:00:00,4.5,1731,16.77,0
4578,"Peri, Pradhan and Palla Restaurant",Hemangini Sunder,13,Gujarati,09:00:00,23:30:00,4.0,649,16.39,0
4579,"Mitra, Sura and Pathak Restaurant",Nilima Rau,21,Cafe,10:00:00,23:00:00,5.0,273,29.31,1
4580,Dugal PLC Restaurant,Jacob Hari,50,Italian,08:00:00,23:00:00,3.8,3801,15.34,1
4581,Ganesh-Khare Restaurant,Chasmum Sawhney,39,Maharashtrian,09:00:00,23:00:00,4.8,3271,20.96,0
4582,Mital Inc Restaurant,Harsh Krishnamurthy,46,Chinese,08:00:00,22:00:00,4.4,505,15.44,0
4583,Saxena-Char Restaurant,Waida Suresh,48,Gujarati,09:00:00,23:30:00,4.6,236,23.7,0
4584,"Korpal, Mannan and Dash Restaurant",Ekaja Oak,18,Gujarati,08:00:00,23:30:00,3.8,2065,17.74,1
4585,Vasa Ltd Restaurant,Xalak Mander,14,Desserts,08:00:00,23:00:00,3.7,4398,26.67,1
4586,Rau-Bansal Restaurant,Triya Bal,19,Street Food,10:00:00,23:30:00,4.4,4542,17.89,0
4587,Rama Inc Restaurant,Faras Sharma,16,Biryani,09:00:00,23:30:00,4.5,4753,22.39,0
4588,Balasubramanian-Baral Restaurant,Raksha Banik,34,Desserts,09:00:00,23:30:00,4.7,1178,25.29,1
4589,Sharma-Madan Restaurant,Vrinda Sankaran,48,Fast Food,09:00:00,23:00:00,5.0,942,18.17,0
4590,"Gokhale, Wadhwa and Munshi Restaurant",Guneet Rao,37,Burger,08:00:00,22:00:00,4.8,4274,27.93,0
4591,"Dugal, Choudhary and Patla Restaurant",Panini Saxena,28,Biryani,10:00:00,23:30:00,4.8,4507,25.66,0
4592,Krish-Pandit Restaurant,Priya Sur,26,Street Food,10:00:00,23:30:00,3.4,1990,22.98,0
4593,Pillai Ltd Restaurant,Nikita Bath,17,Punjabi,08:00:00,23:00:00,3.5,3002,22.78,1
4594,Bhardwaj-Sha Restaurant,Kiaan Walla,27,Street Food,09:00:00,23:30:00,3.9,3948,29.16,1
4595,"Kala, Madan and Chada Restaurant",Vihaan Pai,7,Burger,08:00:00,23:00:00,4.5,1087,15.58,0
4596,Hari PLC Restaurant,Falan Magar,7,Biryani,09:00:00,23:00:00,4.8,4731,21.63,1
4597,Batta PLC Restaurant,Dayita Gala,3,South Indian,09:00:00,23:00:00,4.0,59,22.69,0
4598,Mukherjee-Karan Restaurant,Nidhi Kar,48,Cafe,09:00:00,23:00:00,4.6,3049,21.59,0
4599,Srinivasan-Sachdev Restaurant,Dev Loyal,46,Fast Food,10:00:00,22:00:00,4.4,580,16.09,1
4600,"Bains, Hayre and Apte Restaurant",Tanmayi Kari,8,South Indian,09:00:00,23:00:00,4.8,1644,28.16,0
4601,Sarkar-Patla Restaurant,Madhavi Bakshi,6,Mughlai,10:00:00,22:00:00,3.8,201,26.74,1
4602,"Ghosh, Oommen and Golla Restaurant",Warjas Sinha,22,Punjabi,10:00:00,23:00:00,3.8,2892,28.65,0
4603,"Lalla, Bir and Dhaliwal Restaurant",Pushti Chawla,48,Burger,10:00:00,22:00:00,3.8,2112,28.87,0
4604,Date Ltd Restaurant,Rohan Ganesan,32,Biryani,08:00:00,23:00:00,4.6,1645,19.35,1
4605,Lalla Ltd Restaurant,Ekantika Dutt,41,Gujarati,09:00:00,23:00:00,5.0,4661,20.31,1
4606,Butala-Chokshi Restaurant,Manan Nath,28,North Indian,08:00:00,22:00:00,5.0,726,16.39,1
4607,"Mohan, Ramesh and Nagar Restaurant",Aishani Mahajan,42,Chinese,08:00:00,23:00:00,4.6,1826,29.53,1
4608,Pradhan-Kala Restaurant,Kavya Nadig,38,Biryani,09:00:00,23:30:00,3.3,830,24.77,1
4609,Mangat-Bose Restaurant,Gunbir Walia,48,Desserts,08:00:00,23:00:00,4.6,1918,23.03,0
4610,"Oommen, Chada and Kala Restaurant",Shivani Guha,38,Pizza,10:00:00,23:30:00,3.9,4816,17.91,0
4611,"Badami, Nigam and Dhawan Restaurant",Samuel Zacharia,50,Punjabi,10:00:00,23:30:00,3.2,2974,15.5,0
4612,Kalita Group Restaurant,Yochana Mitra,5,Italian,09:00:00,23:30:00,4.6,177,18.61,1
4613,Yadav LLC Restaurant,Faris Lad,36,Fast Food,08:00:00,23:30:00,4.9,3816,15.51,1
4614,Desai-Gandhi Restaurant,Falan Lal,12,Cafe,09:00:00,23:30:00,3.7,4741,20.03,0
4615,"Vig, Kohli and Issac Restaurant",Ekiya Loke,20,Cafe,08:00:00,23:30:00,4.9,2109,19.28,1
4616,Chatterjee Inc Restaurant,Saanvi Gara,28,Maharashtrian,09:00:00,23:00:00,3.3,712,29.71,1
4617,"Johal, Ramachandran and Apte Restaurant",Aarav Trivedi,45,Punjabi,09:00:00,23:00:00,3.3,2828,17.53,0
4618,Rana-Manne Restaurant,Vasudha Batra,1,South Indian,09:00:00,23:30:00,4.8,567,24.73,1
4619,"Anne, Sama and Subramanian Restaurant",Ikbal Khalsa,14,Fast Food,09:00:00,23:00:00,4.2,2351,25.46,1
4620,Purohit-Dhawan Restaurant,Aarnav Subramanian,38,Chinese,08:00:00,23:00:00,4.3,3372,25.67,0
4621,Subramanian-Bhatti Restaurant,Qasim Chandra,11,Burger,09:00:00,23:30:00,4.0,4004,25.78,0
4622,Din-Barman Restaurant,Zaitra Rana,4,South Indian,09:00:00,22:00:00,3.9,867,16.88,1
4623,"Bawa, Mistry and Chauhan Restaurant",Tristan Basu,41,Gujarati,09:00:00,23:00:00,3.8,633,26.07,0
4624,Edwin Group Restaurant,Falguni Rattan,3,Desserts,09:00:00,23:30:00,3.6,2328,16.35,1
4625,Sanghvi-Sibal Restaurant,Ikbal Chacko,12,Gujarati,10:00:00,23:30:00,4.7,2028,19.7,1
4626,Bansal-Naidu Restaurant,Anmol Ram,50,Chinese,10:00:00,22:00:00,4.3,3979,17.53,1
4627,Bali-Sur Restaurant,Veer Misra,46,Pizza,09:00:00,23:30:00,4.0,4564,16.87,0
4628,Nayar Ltd Restaurant,Shravya Bera,4,Street Food,08:00:00,23:00:00,4.8,3119,19.11,1
4629,Biswas Ltd Restaurant,Harish Guha,46,Biryani,08:00:00,22:00:00,3.7,4610,16.95,0
4630,Dhar-Raman Restaurant,Advay Shere,34,Desserts,09:00:00,22:00:00,4.4,4294,26.86,1
4631,Gill-Dalal Restaurant,Yatin Bhavsar,5,Street Food,10:00:00,22:00:00,4.0,4745,16.81,1
4632,"Kothari, Rao and Devi Restaurant",Onveer Ratti,8,South Indian,09:00:00,23:00:00,3.5,3147,25.69,0
4633,Dey and Sons Restaurant,Pallavi Bakshi,7,Maharashtrian,10:00:00,22:00:00,3.1,4743,21.86,1
4634,"Uppal, Shah and Peri Restaurant",Yoshita Anne,12,Punjabi,09:00:00,23:00:00,3.4,4248,28.76,1
4635,Kata and Sons Restaurant,Vihaan Thakur,46,Chinese,08:00:00,23:00:00,5.0,3975,29.56,1
4636,Handa-Butala Restaurant,Nilima Pathak,30,North Indian,08:00:00,23:00:00,4.1,1011,24.49,1
4637,Khatri-Narain Restaurant,Varsha Mukhopadhyay,16,Chinese,09:00:00,22:00:00,3.3,4565,27.42,0
4638,Kulkarni-Purohit Restaurant,Hemani Das,49,Chinese,09:00:00,23:00:00,4.1,4816,15.91,1
4639,Gaba Ltd Restaurant,Daksha Batta,43,Burger,09:00:00,23:30:00,3.0,4453,21.46,0
4640,Dora PLC Restaurant,Ranbir Chadha,36,Italian,10:00:00,23:30:00,5.0,3783,15.95,1
4641,"Narayanan, Pillai and Varghese Restaurant",Advik Kannan,26,Cafe,10:00:00,23:30:00,3.3,908,26.53,0
4642,Setty-Chaudhry Restaurant,Waida Bumb,1,Italian,10:00:00,23:30:00,3.9,4883,27.64,0
4643,Bala-Handa Restaurant,Hemani Roy,29,North Indian,08:00:00,23:00:00,4.0,517,22.92,1
4644,"Seth, Bhandari and Mitter Restaurant",Kai Kulkarni,46,Punjabi,09:00:00,23:30:00,3.4,319,22.48,0
4645,"Raja, Agrawal and Narayan Restaurant",Manya Kulkarni,37,Street Food,10:00:00,22:00:00,3.5,2242,23.91,1
4646,"Kata, Nagi and Joshi Restaurant",Sara Rajan,32,Punjabi,09:00:00,23:30:00,3.9,3373,29.01,0
4647,"Lad, D’Alia and Setty Restaurant",Tanvi Shetty,40,Burger,09:00:00,22:00:00,4.7,2366,25.1,1
4648,"Sarin, Bhat and Andra Restaurant",Ati Kapur,22,Burger,09:00:00,23:00:00,3.3,3877,20.93,1
4649,Nair-Sha Restaurant,Fariq Sodhi,6,Cafe,10:00:00,23:30:00,3.3,863,21.7,1
4650,Basu and Sons Restaurant,Peter Lalla,32,Biryani,10:00:00,23:00:00,3.0,350,17.91,1
4651,"Salvi, Seth and Nath Restaurant",Aishani Oak,49,Chinese,08:00:00,22:00:00,3.4,1490,20.96,0
4652,Acharya LLC Restaurant,Caleb Mitter,4,Italian,08:00:00,23:30:00,3.8,2114,20.18,1
4653,"Sarna, Kalla and Dada Restaurant",Hemangini Ram,29,Italian,08:00:00,22:00:00,4.2,290,29.99,1
4654,Om LLC Restaurant,Veda Behl,49,Cafe,09:00:00,22:00:00,4.5,1880,20.03,1
4655,Parsa-Mistry Restaurant,Odika Dalal,33,Pizza,08:00:00,23:30:00,3.3,3829,21.0,1
4656,Chokshi Inc Restaurant,Urvashi Ramanathan,24,South Indian,08:00:00,23:00:00,4.4,1659,22.23,0
4657,Sengupta-Pathak Restaurant,Indali Sahota,4,Punjabi,09:00:00,22:00:00,3.8,3363,24.01,0
4658,Shenoy-Doctor Restaurant,Max Ganesan,13,Chinese,09:00:00,23:00:00,3.5,2132,16.94,1
4659,Kade-Minhas Restaurant,Amrita Bakshi,45,Burger,08:00:00,23:30:00,3.5,1165,28.43,0
4660,Anne PLC Restaurant,Lajita Wadhwa,32,Gujarati,08:00:00,22:00:00,3.7,4769,18.12,0
4661,Saha-Apte Restaurant,Ladli Gopal,15,Cafe,08:00:00,23:30:00,3.9,455,15.1,1
4662,"Reddy, Bir and Kamdar Restaurant",Nimrat Soni,10,Gujarati,08:00:00,23:00:00,4.9,298,18.07,1
4663,Savant Group Restaurant,Reva Prasad,1,Fast Food,08:00:00,22:00:00,3.5,1630,25.24,0
4664,Baria-Jha Restaurant,Maanas Puri,35,Fast Food,09:00:00,23:00:00,4.3,695,16.92,1
4665,Taneja Group Restaurant,Sachi Boase,36,Gujarati,08:00:00,23:00:00,3.9,3623,16.52,1
4666,"Chada, Bhakta and Sarma Restaurant",Ishita Dasgupta,49,Street Food,10:00:00,23:30:00,3.2,3468,23.57,1
4667,Saini and Sons Restaurant,Bachittar Ray,35,North Indian,10:00:00,23:30:00,3.8,3047,27.66,1
4668,"Ganesh, Mani and Jaggi Restaurant",Vincent Hans,20,Fast Food,10:00:00,23:30:00,3.3,3031,22.34,0
4669,"Khurana, Ben and Dhar Restaurant",Victor Krishnan,30,Maharashtrian,10:00:00,22:00:00,3.9,266,19.85,0
4670,Raghavan-Bajaj Restaurant,Ayaan Purohit,41,Desserts,09:00:00,22:00:00,4.3,4955,21.43,1
4671,"Kuruvilla, Karan and Agate Restaurant",Hemangini De,40,Italian,09:00:00,23:30:00,4.9,4330,29.88,0
4672,Om Group Restaurant,Ekantika Dey,41,Cafe,10:00:00,22:00:00,3.4,3762,24.2,1
4673,"Mody, Chana and Deshpande Restaurant",Xavier Subramaniam,44,Gujarati,10:00:00,22:00:00,4.4,677,25.4,0
4674,"Bava, Bali and Raja Restaurant",Zehaan Wali,16,Chinese,08:00:00,23:30:00,4.0,4784,27.36,1
4675,"Nayar, Mani and Wali Restaurant",Harini Korpal,23,Cafe,09:00:00,22:00:00,4.4,264,16.92,0
4676,Dada PLC Restaurant,Aahana Ganesan,26,Burger,09:00:00,23:30:00,4.3,3336,24.57,0
4677,Palla-Mukhopadhyay Restaurant,Abeer Naik,26,Gujarati,09:00:00,22:00:00,5.0,4068,21.26,0
4678,Sawhney Group Restaurant,Kevin Patla,20,Desserts,10:00:00,23:30:00,4.4,3530,18.7,1
4679,Balan-Srinivasan Restaurant,Sanya Ranganathan,47,Maharashtrian,08:00:00,23:30:00,3.0,4343,20.02,1
4680,Gole Inc Restaurant,Kalpit Ganguly,10,Desserts,09:00:00,23:00:00,3.3,865,19.88,1
4681,Krish Inc Restaurant,Bakhshi Chander,16,Street Food,10:00:00,23:00:00,3.6,4712,25.15,1
4682,"Nanda, Rattan and Sachdeva Restaurant",Karan Zacharia,15,Maharashtrian,10:00:00,23:00:00,4.2,4906,19.34,0
4683,Vohra-Sule Restaurant,Zilmil Taneja,36,Maharashtrian,09:00:00,23:00:00,4.6,2362,21.22,1
4684,Bose LLC Restaurant,Dayita Pathak,50,Gujarati,10:00:00,23:00:00,3.4,3869,15.87,1
4685,Ghose-Chowdhury Restaurant,Manya Mukherjee,14,North Indian,08:00:00,22:00:00,4.5,765,15.24,0
4686,Contractor-Sane Restaurant,Wahab Hayer,48,Cafe,09:00:00,22:00:00,3.8,3100,18.32,0
4687,Toor Inc Restaurant,Aayush Bahl,23,Punjabi,09:00:00,23:30:00,4.6,1698,25.8,0
4688,Brar-Barman Restaurant,Vinaya Muni,11,Punjabi,08:00:00,23:00:00,4.8,3722,19.02,0
4689,Buch-Doctor Restaurant,Manan Dutta,39,South Indian,09:00:00,23:30:00,3.8,806,23.7,0
4690,"Aggarwal, Butala and Suresh Restaurant",Chameli Peri,39,North Indian,09:00:00,23:30:00,4.0,3266,25.8,0
4691,Bhavsar-Rao Restaurant,Wishi Devan,48,Biryani,08:00:00,23:30:00,3.3,2555,19.56,1
4692,"Bir, Bhakta and Luthra Restaurant",Ojasvi Deep,50,Cafe,10:00:00,23:30:00,4.3,1639,24.97,1
4693,Nagarajan-Badami Restaurant,Ishani Garg,40,Pizza,10:00:00,23:00:00,3.2,3548,26.92,0
4694,Sem-Krishnan Restaurant,Onkar Behl,39,Italian,09:00:00,22:00:00,4.8,2417,28.73,1
4695,Rao Inc Restaurant,Harita Master,41,Mughlai,08:00:00,22:00:00,3.6,4040,27.22,1
4696,"Gulati, Jaggi and Arya Restaurant",Yashica Tak,27,Burger,10:00:00,23:00:00,3.5,4064,26.89,0
4697,Khanna Ltd Restaurant,Mitali Warrior,35,Biryani,10:00:00,22:00:00,4.5,2687,16.96,0
4698,"Anne, Sandhu and Bawa Restaurant",Aashi Nayak,43,Pizza,09:00:00,23:00:00,3.7,739,23.3,1
4699,Dube-Karnik Restaurant,Nandini Sunder,35,Cafe,09:00:00,23:30:00,3.9,761,23.9,0
4700,Loyal Ltd Restaurant,Xiti Chaudhry,29,Fast Food,08:00:00,23:00:00,3.7,4986,27.29,1
4701,"Sharma, Amble and Chandran Restaurant",Chaitanya Chhabra,40,Italian,10:00:00,22:00:00,3.8,2669,15.87,0
4702,"Sankaran, Taneja and Subramanian Restaurant",Ayaan Dayal,3,Mughlai,10:00:00,23:30:00,4.2,3214,19.21,0
4703,Borah-De Restaurant,Jagdish Dubey,17,Street Food,08:00:00,23:00:00,4.5,1922,20.37,1
4704,"Pandit, Date and Khanna Restaurant",Manthan Sengupta,39,Pizza,08:00:00,22:00:00,3.4,856,25.29,1
4705,Luthra PLC Restaurant,Vansha Oak,3,Desserts,08:00:00,23:30:00,3.9,61,22.82,0
4706,"Edwin, Chauhan and Oza Restaurant",Ekantika Dash,14,Pizza,09:00:00,23:00:00,4.2,3147,21.41,1
4707,Sanghvi and Sons Restaurant,Fiyaz Mandal,38,Cafe,08:00:00,22:00:00,4.0,2146,21.62,1
4708,"Gala, Bahl and Shukla Restaurant",Tripti Mittal,28,Punjabi,10:00:00,22:00:00,4.3,691,21.39,0
4709,"Choudhry, Mukherjee and Goswami Restaurant",Unni Khanna,12,South Indian,09:00:00,22:00:00,5.0,1967,25.91,1
4710,"Sabharwal, Dutt and Rajan Restaurant",Hiral Buch,45,Pizza,09:00:00,23:30:00,4.6,4138,25.66,0
4711,"Khanna, Boase and Gokhale Restaurant",Upma Sengupta,41,Maharashtrian,10:00:00,22:00:00,3.1,2499,16.84,0
4712,Saraf Ltd Restaurant,Varsha Garg,14,Italian,09:00:00,22:00:00,4.7,3427,25.72,1
4713,Mishra-Halder Restaurant,Rudra Oommen,1,South Indian,08:00:00,23:30:00,3.6,22,26.5,0
4714,Shere-Venkataraman Restaurant,Nitesh Puri,11,Maharashtrian,09:00:00,23:00:00,3.4,4268,15.17,0
4715,Soni-Choudhary Restaurant,Nidra Mohanty,5,Chinese,09:00:00,23:00:00,4.7,795,29.45,0
4716,Vasa Ltd Restaurant,Naksh Batta,24,Mughlai,08:00:00,23:00:00,4.5,762,23.97,0
4717,Madan PLC Restaurant,Chaman Dass,13,Street Food,09:00:00,23:30:00,4.6,3081,15.54,1
4718,Sinha-Sahota Restaurant,Azaan Bedi,22,South Indian,10:00:00,22:00:00,4.3,4878,18.34,1
4719,"Mangat, Andra and Bhatti Restaurant",Irya Subramanian,35,Biryani,08:00:00,23:30:00,3.9,4054,16.15,0
4720,Sridhar Group Restaurant,Bhavna Ganesh,35,North Indian,10:00:00,23:00:00,4.2,1229,23.96,0
4721,Raja-Devi Restaurant,Jasmit Lal,46,Chinese,10:00:00,23:30:00,4.9,3015,15.26,0
4722,"Dube, Bali and Kant Restaurant",Vihaan Bera,39,Burger,08:00:00,22:00:00,4.9,1822,18.11,0
4723,"Chad, Loyal and Bhargava Restaurant",Gaurangi Divan,5,Cafe,08:00:00,23:00:00,4.2,1356,29.43,0
4724,Khurana-Chopra Restaurant,Triveni Gour,37,Desserts,09:00:00,22:00:00,4.3,1766,22.17,0
4725,Randhawa LLC Restaurant,Aarna Swamy,31,Biryani,09:00:00,23:30:00,4.1,3176,17.32,1
4726,Sama-Arya Restaurant,Dominic Vig,17,Mughlai,08:00:00,23:00:00,3.8,579,25.36,0
4727,Dass-Kapoor Restaurant,Forum Wable,27,Cafe,10:00:00,22:00:00,4.4,1900,28.75,1
4728,"Mahajan, Sen and Mohan Restaurant",Nakul Yohannan,38,Desserts,09:00:00,22:00:00,3.9,4037,25.11,0
4729,"Kibe, Naidu and Sahni Restaurant",Vasana Sood,8,South Indian,10:00:00,23:00:00,3.1,539,23.13,0
4730,Pandit and Sons Restaurant,Om Ganesan,43,Punjabi,08:00:00,23:30:00,4.4,1904,28.12,0
4731,Gade-Mitra Restaurant,Warinder Rau,13,North Indian,08:00:00,23:00:00,3.7,4181,26.53,0
4732,Anne-Basak Restaurant,Luke Babu,4,Burger,08:00:00,22:00:00,3.2,2350,27.24,1
4733,"Barad, Bhakta and Sankaran Restaurant",Sudiksha Ray,39,Burger,10:00:00,23:30:00,4.4,4978,29.95,0
4734,Muni LLC Restaurant,Siya Thakur,2,Street Food,10:00:00,23:30:00,3.8,902,23.56,1
4735,Krish-Nair Restaurant,Abha Ben,36,North Indian,09:00:00,23:00:00,3.1,1357,16.34,0
4736,"Mander, Goda and Kothari Restaurant",Nandini Tailor,49,North Indian,08:00:00,23:00:00,3.0,1023,21.07,1
4737,"Dhawan, Bhat and Sant Restaurant",Januja Loyal,50,South Indian,10:00:00,23:30:00,4.5,2093,18.83,1
4738,"Kar, Hegde and Mohan Restaurant",Mugdha Bahl,3,Street Food,10:00:00,23:30:00,3.2,4112,28.61,1
4739,Nagarajan-Kala Restaurant,Idika Ghosh,3,Cafe,10:00:00,22:00:00,3.5,4639,19.89,1
4740,"Singh, Kapadia and Natt Restaurant",Rudra Kothari,37,Street Food,09:00:00,22:00:00,4.6,114,23.86,1
4741,"Chaudhari, Kant and Koshy Restaurant",Vasana Kaul,33,North Indian,09:00:00,22:00:00,4.4,3761,18.93,1
4742,Oak-Kothari Restaurant,Chandresh Golla,28,Maharashtrian,10:00:00,22:00:00,4.4,4495,28.72,1
4743,Sampath LLC Restaurant,Praneel Dua,37,Gujarati,08:00:00,23:00:00,3.5,2266,16.17,0
4744,Soni-Kulkarni Restaurant,Kavya Halder,43,Maharashtrian,10:00:00,22:00:00,3.6,2961,21.81,1
4745,"Shanker, Dugar and Bhakta Restaurant",Victor Palan,28,Chinese,09:00:00,22:00:00,4.3,4391,19.31,1
4746,Naik Inc Restaurant,Chanakya Dass,49,Burger,10:00:00,22:00:00,4.8,2849,17.93,0
4747,Deo LLC Restaurant,Ayush Sura,26,Desserts,09:00:00,23:00:00,3.3,3303,16.85,1
4748,"Chakraborty, Pau and Parikh Restaurant",Wishi Bhagat,44,Punjabi,09:00:00,23:30:00,3.6,137,17.02,1
4749,"Loke, Ben and Mahajan Restaurant",Max Mistry,9,Maharashtrian,09:00:00,23:00:00,3.2,3216,20.8,1
4750,Ramaswamy-Mody Restaurant,Farhan Dugar,28,North Indian,08:00:00,23:00:00,4.2,1064,19.05,1
4751,Pradhan-Chahal Restaurant,Ekani Kaul,36,Maharashtrian,10:00:00,23:30:00,3.8,396,16.87,1
4752,"Banik, Sunder and Varughese Restaurant",Gavin Krish,25,Chinese,09:00:00,23:30:00,4.0,2439,15.67,0
4753,"Pai, Bail and Palla Restaurant",Dayita Kumar,24,Desserts,09:00:00,22:00:00,3.4,1228,19.83,1
4754,Singhal Inc Restaurant,Widisha Murthy,12,Italian,09:00:00,22:00:00,3.7,3217,27.47,0
4755,Taneja-Dara Restaurant,Rachana Kashyap,34,Pizza,10:00:00,23:30:00,4.7,2550,24.0,0
4756,Varma Ltd Restaurant,Arunima Rout,29,Chinese,08:00:00,23:00:00,4.9,483,20.09,0
4757,Badal Group Restaurant,Nirja Desai,1,Gujarati,09:00:00,23:30:00,4.8,2727,17.99,0
4758,Yadav Ltd Restaurant,Rachana Khanna,13,Punjabi,08:00:00,23:30:00,3.5,3409,15.25,0
4759,Deep-Andra Restaurant,Tara Sarin,19,Gujarati,08:00:00,22:00:00,3.3,1032,15.1,0
4760,Munshi Inc Restaurant,Mitesh Bhakta,10,Street Food,10:00:00,23:00:00,4.8,1873,25.88,1
4761,Rajan-Tella Restaurant,Osha Sehgal,45,Gujarati,08:00:00,23:00:00,4.7,4429,28.89,1
4762,Brahmbhatt-Mohan Restaurant,Tanveer Sami,33,Italian,09:00:00,23:30:00,4.8,1632,25.21,1
4763,Tiwari Inc Restaurant,Ikbal Basu,31,Maharashtrian,10:00:00,22:00:00,4.4,2508,15.68,0
4764,Mane Group Restaurant,Chandresh Kalita,7,Street Food,08:00:00,23:00:00,4.9,1226,18.42,0
4765,"Dixit, Sunder and Varghese Restaurant",Sarthak Barad,32,Maharashtrian,10:00:00,23:30:00,4.8,4255,16.21,0
4766,Raman-Contractor Restaurant,Xavier Virk,42,North Indian,08:00:00,23:30:00,4.1,1253,27.92,0
4767,Reddy PLC Restaurant,Indira Chakrabarti,27,Pizza,09:00:00,23:30:00,4.5,3585,27.16,1
4768,"Pandit, Salvi and Bath Restaurant",Balendra Raj,24,Mughlai,09:00:00,23:00:00,4.9,2861,28.0,1
4769,Ratta-Yadav Restaurant,Lajita Srinivas,14,Cafe,10:00:00,23:00:00,4.0,4387,17.16,1
4770,Viswanathan Inc Restaurant,Varenya Dugal,41,Chinese,09:00:00,23:00:00,3.6,1541,16.92,1
4771,"Sura, Dugar and Agarwal Restaurant",Bina Sem,13,Pizza,08:00:00,22:00:00,4.8,4332,25.19,0
4772,Hans Group Restaurant,Indira Salvi,36,North Indian,09:00:00,22:00:00,5.0,2082,20.05,0
4773,Badami-Shukla Restaurant,Ayush Walla,36,Punjabi,10:00:00,22:00:00,4.0,3884,17.38,1
4774,Bawa Group Restaurant,Zinal Prabhu,29,Burger,09:00:00,23:00:00,3.8,3123,25.63,0
4775,Kumer LLC Restaurant,Samarth Sabharwal,35,Mughlai,09:00:00,23:00:00,3.6,4120,21.7,0
4776,Buch-Lad Restaurant,Vasana Lall,4,Gujarati,09:00:00,23:00:00,3.4,1782,25.75,1
4777,"Banik, Saran and Raghavan Restaurant",Shivani Pradhan,36,Pizza,10:00:00,22:00:00,3.2,1136,20.94,0
4778,Nazareth Group Restaurant,Frado Sandal,43,Gujarati,08:00:00,23:00:00,4.7,693,18.85,1
4779,Pandya-Sankar Restaurant,Indali Pau,15,North Indian,10:00:00,22:00:00,3.0,3195,16.22,1
4780,Johal-Mitter Restaurant,Gaurav Thakur,23,Chinese,10:00:00,23:30:00,3.8,2525,20.29,1
4781,Sarna and Sons Restaurant,Amol Bali,20,Fast Food,08:00:00,22:00:00,3.1,3942,16.45,0
4782,Palla PLC Restaurant,Priya Narula,44,Desserts,09:00:00,22:00:00,3.5,2010,28.31,1
4783,Khatri Group Restaurant,Vasatika Khurana,11,Maharashtrian,09:00:00,23:30:00,3.9,775,15.38,0
4784,Iyengar Inc Restaurant,Warhi Srivastava,48,Italian,10:00:00,23:00:00,3.5,2490,24.0,1
4785,Dyal Group Restaurant,Kamya Mandal,24,Punjabi,10:00:00,23:30:00,4.4,4538,25.75,0
4786,"Srivastava, Dube and Arora Restaurant",Maanas Lala,47,Mughlai,10:00:00,23:30:00,3.2,3920,22.68,0
4787,"Bhandari, Devi and Prasad Restaurant",Geetika Nagi,46,Street Food,08:00:00,22:00:00,3.7,4859,17.3,1
4788,Bhardwaj LLC Restaurant,Azad Tripathi,14,Biryani,09:00:00,22:00:00,4.0,4042,28.55,0
4789,"Bansal, Joshi and Tandon Restaurant",Tara Khalsa,14,Italian,08:00:00,22:00:00,3.3,1896,28.06,1
4790,"Uppal, Sridhar and Deshmukh Restaurant",Krishna Chatterjee,17,Mughlai,08:00:00,23:00:00,3.0,3710,18.1,0
4791,Kala-Arya Restaurant,Baghyawati Kothari,20,Punjabi,10:00:00,23:30:00,3.4,3266,23.33,1
4792,"Kannan, Bhargava and Bala Restaurant",Fariq Manne,30,Biryani,10:00:00,23:00:00,3.5,3780,15.27,1
4793,Munshi and Sons Restaurant,Upkaar Badami,25,Burger,09:00:00,23:00:00,3.0,3700,20.66,0
4794,Mall-Cherian Restaurant,Nitara Murthy,11,Desserts,10:00:00,22:00:00,3.2,1502,26.81,0
4795,Sachdev-Ram Restaurant,Yauvani Taneja,8,Maharashtrian,08:00:00,23:30:00,3.8,4420,17.48,1
4796,"Hayer, Parmer and Chaudhry Restaurant",Naksh Dhillon,49,Biryani,08:00:00,23:00:00,3.5,1785,23.98,0
4797,Dubey-Sethi Restaurant,Netra Bhalla,1,Street Food,09:00:00,23:30:00,4.6,4822,29.97,1
4798,Gandhi and Sons Restaurant,Baljiwan Dayal,37,Chinese,10:00:00,22:00:00,4.8,3304,24.9,1
4799,Mangat Inc Restaurant,Lavanya Sidhu,3,Street Food,09:00:00,23:30:00,3.7,1917,16.42,0
4800,Chaudry-Gour Restaurant,Farhan Pillay,17,Gujarati,09:00:00,22:00:00,5.0,4288,27.17,1
4801,"Bassi, Lala and Chaudry Restaurant",Yashica Arora,38,Street Food,10:00:00,22:00:00,3.2,4286,24.87,1
4802,Boase-Sachar Restaurant,Raagini Bassi,23,South Indian,08:00:00,23:00:00,3.4,258,28.09,0
4803,"Contractor, Gole and Kalla Restaurant",Vinaya Vyas,30,Mughlai,10:00:00,22:00:00,3.9,175,19.6,0
4804,"Memon, Majumdar and Sunder Restaurant",Lakshmi Hari,25,Fast Food,10:00:00,23:30:00,3.2,3385,25.9,1
4805,Butala-Narain Restaurant,Urvi Raman,24,Punjabi,10:00:00,23:30:00,4.4,4711,28.98,0
4806,"Naidu, Manda and Mitter Restaurant",Nachiket Aurora,5,Maharashtrian,08:00:00,23:00:00,4.1,1636,28.82,0
4807,Dutta LLC Restaurant,Zayan Yadav,49,Desserts,09:00:00,22:00:00,4.8,3246,20.05,1
4808,"Ramaswamy, Halder and Bobal Restaurant",Triya Keer,12,Biryani,09:00:00,23:00:00,3.9,4053,22.14,1
4809,Bose-Mital Restaurant,Benjamin Kara,37,Italian,09:00:00,23:30:00,3.9,1729,27.5,1
4810,Choudhary PLC Restaurant,Michael Rai,6,Biryani,09:00:00,23:30:00,3.1,2854,18.3,0
4811,"Rai, Dara and Lall Restaurant",Yuvraj Rege,36,Gujarati,10:00:00,23:00:00,3.4,4045,27.82,0
4812,Rajagopal Inc Restaurant,Aishani Sha,13,Maharashtrian,10:00:00,22:00:00,4.4,4034,27.74,0
4813,Thaker PLC Restaurant,Harsh Dass,24,Desserts,08:00:00,22:00:00,3.2,691,18.36,0
4814,"Murty, Radhakrishnan and Dhar Restaurant",Vedika Rout,22,Fast Food,10:00:00,22:00:00,3.6,1522,26.24,1
4815,"Kakar, Mann and Bhatnagar Restaurant",Thomas Lala,17,Biryani,10:00:00,22:00:00,4.5,2162,29.89,0
4816,Mand Inc Restaurant,Ekaraj Varty,6,North Indian,10:00:00,23:30:00,4.9,816,27.0,1
4817,Choudhry PLC Restaurant,Devika Andra,50,Desserts,09:00:00,23:00:00,4.4,171,19.68,0
4818,Chada-Kata Restaurant,Divya D’Alia,22,Street Food,09:00:00,22:00:00,4.1,239,20.72,1
4819,Agate-Mukherjee Restaurant,Shravya Barad,30,Gujarati,08:00:00,23:00:00,3.9,319,23.76,1
4820,"Patel, Sachdeva and Agarwal Restaurant",Champak Raju,8,North Indian,08:00:00,22:00:00,3.9,3561,19.58,0
4821,Chaudhry-Minhas Restaurant,Simon Biswas,4,Pizza,10:00:00,23:00:00,4.1,3614,29.71,1
4822,Hora Inc Restaurant,Irya Ramakrishnan,24,Maharashtrian,09:00:00,22:00:00,4.3,3002,20.43,1
4823,Murty-Som Restaurant,Michael Shankar,40,Italian,08:00:00,23:00:00,3.9,991,16.73,1
4824,Sodhi-Luthra Restaurant,Suhani Loyal,20,Gujarati,10:00:00,22:00:00,4.7,3841,25.14,0
4825,Kapadia and Sons Restaurant,Alka Kuruvilla,41,Cafe,08:00:00,23:30:00,4.7,3409,15.07,1
4826,"Vohra, Sengupta and Aggarwal Restaurant",Yatin Chhabra,33,Pizza,09:00:00,23:30:00,4.1,4411,28.01,1
4827,"Karnik, Ramaswamy and Mani Restaurant",Quincy Ravel,49,South Indian,08:00:00,23:30:00,3.7,4975,22.11,1
4828,Bobal-Agrawal Restaurant,Anay Kapur,33,Burger,09:00:00,23:30:00,3.6,1761,29.23,0
4829,Sandhu Group Restaurant,Vivaan Bhattacharyya,27,Fast Food,09:00:00,23:00:00,3.1,3154,18.01,1
4830,"Bath, Pall and Suresh Restaurant",Wyatt Chahal,26,Desserts,09:00:00,23:30:00,3.8,2892,23.92,1
4831,"Bansal, Bumb and Bala Restaurant",Gaurangi Merchant,48,Pizza,10:00:00,23:00:00,4.3,3192,20.78,1
4832,Chandra-Gandhi Restaurant,Upkaar Randhawa,38,Gujarati,09:00:00,23:00:00,4.5,2877,20.3,0
4833,Rama LLC Restaurant,Darsh Mand,18,Desserts,09:00:00,23:00:00,4.7,315,25.75,0
4834,Mannan-Verma Restaurant,Ucchal Mital,17,North Indian,09:00:00,22:00:00,3.9,1409,24.01,0
4835,"Radhakrishnan, Venkataraman and Magar Restaurant",Zansi Boase,36,Punjabi,09:00:00,23:30:00,4.7,4314,24.17,1
4836,Arora-Koshy Restaurant,Hredhaan Bakshi,15,Gujarati,10:00:00,23:00:00,3.7,241,18.56,1
4837,Shah Group Restaurant,Ekbal Saxena,18,Mughlai,08:00:00,23:00:00,4.0,3088,18.44,0
4838,Kapadia-Srivastava Restaurant,Dayita Hora,13,Punjabi,10:00:00,23:00:00,4.8,4774,17.83,0
4839,Bansal Group Restaurant,Indrajit Borah,16,Burger,10:00:00,23:00:00,3.6,4319,15.64,1
4840,Chhabra-Sampath Restaurant,Balhaar Mall,50,North Indian,09:00:00,22:00:00,3.9,473,29.51,1
4841,"Bajwa, Garde and Chander Restaurant",Bhavini Memon,6,Pizza,08:00:00,23:30:00,4.8,1809,17.65,1
4842,Parikh LLC Restaurant,Sara Mammen,2,Pizza,08:00:00,22:00:00,4.6,1176,21.11,0
4843,Kata and Sons Restaurant,Niharika Oommen,35,Biryani,10:00:00,23:30:00,3.9,1675,28.36,1
4844,Edwin-Karnik Restaurant,Varsha Bala,30,Fast Food,10:00:00,23:00:00,3.5,3248,27.96,0
4845,Kaur LLC Restaurant,Aarav Bhakta,16,Italian,08:00:00,23:00:00,3.4,4692,24.29,1
4846,Gole-Rajagopalan Restaurant,Ijaya Kala,8,Pizza,10:00:00,22:00:00,4.6,4735,19.26,0
4847,"Raju, Choudhury and Sridhar Restaurant",Warinder Chawla,4,Street Food,08:00:00,22:00:00,3.4,4027,21.54,1
4848,Kalita-Mitter Restaurant,Mohammed Mahajan,35,South Indian,10:00:00,23:30:00,3.7,3229,19.49,1
4849,"Tandon, Doshi and Hayre Restaurant",Krisha Narayan,38,Street Food,09:00:00,23:00:00,4.1,3864,18.03,0
4850,"Kohli, Dube and Srinivas Restaurant",Sudiksha Chanda,16,Desserts,08:00:00,23:00:00,3.2,2081,18.22,1
4851,Brar-Khurana Restaurant,Sai Dash,29,Desserts,10:00:00,23:00:00,3.5,3895,22.92,0
4852,Ramakrishnan-Sarraf Restaurant,Qushi Ahuja,22,North Indian,09:00:00,23:30:00,4.5,1522,21.15,0
4853,Patla-Chaudhuri Restaurant,Veer Nagarajan,49,Biryani,08:00:00,23:30:00,3.8,4344,22.06,1
4854,Dass-Dani Restaurant,Lipika Deshpande,49,Biryani,08:00:00,23:00:00,3.2,4458,25.2,0
4855,Bakshi-Ramaswamy Restaurant,Kamala Lall,11,Maharashtrian,08:00:00,22:00:00,4.8,3289,28.84,0
4856,Mittal-Rattan Restaurant,Sara Aurora,37,South Indian,08:00:00,22:00:00,4.0,2097,20.46,1
4857,Minhas Ltd Restaurant,Jalsa Sunder,44,South Indian,10:00:00,23:30:00,4.9,2055,22.47,1
4858,Kashyap PLC Restaurant,Zashil Deo,1,Pizza,10:00:00,23:30:00,4.6,115,22.34,0
4859,Chaudhary-Zachariah Restaurant,Mitali Dora,49,North Indian,10:00:00,23:00:00,4.7,2996,16.79,0
4860,Nagy-Date Restaurant,Forum Bajwa,28,Fast Food,08:00:00,23:00:00,3.1,3747,22.92,1
4861,"Ghose, Ramachandran and Bera Restaurant",Chanakya Buch,29,Mughlai,10:00:00,23:00:00,4.0,1627,27.08,0
4862,Bhakta Inc Restaurant,Panini Borah,17,Mughlai,09:00:00,23:00:00,3.4,2711,24.9,0
4863,Bobal-Sharaf Restaurant,Aarna Krishnan,19,Street Food,09:00:00,23:30:00,3.3,1533,22.71,0
4864,"Varkey, Bumb and Dewan Restaurant",Vihaan Agarwal,13,South Indian,09:00:00,23:30:00,4.7,4165,18.67,1
4865,Vala and Sons Restaurant,Chavvi Prashad,17,Italian,10:00:00,22:00:00,3.9,4273,19.88,1
4866,"Behl, Ravel and Sridhar Restaurant",Ronith Kamdar,17,Fast Food,08:00:00,23:30:00,4.1,4710,28.52,0
4867,Bhat LLC Restaurant,Jeet Tak,2,Italian,08:00:00,23:30:00,3.1,3065,21.54,1
4868,"Shukla, Konda and Sachar Restaurant",Edhitha Saini,10,Burger,10:00:00,23:30:00,4.6,1037,26.15,0
4869,Devi and Sons Restaurant,Laban Dey,14,Desserts,10:00:00,22:00:00,4.8,4992,29.21,1
4870,Roy and Sons Restaurant,Mitali Mani,25,Italian,08:00:00,22:00:00,4.9,1372,28.65,1
4871,Srivastava Group Restaurant,Udant Balakrishnan,26,Pizza,09:00:00,22:00:00,5.0,260,21.6,0
4872,Gupta Group Restaurant,Jackson Sarin,23,Fast Food,08:00:00,22:00:00,4.4,1727,28.87,0
4873,"Khare, Sampath and Toor Restaurant",Edhitha Bhatti,8,Chinese,10:00:00,23:30:00,3.7,785,23.38,1
4874,Shere-Saraf Restaurant,Alexander Kohli,1,North Indian,09:00:00,22:00:00,3.4,4375,17.1,0
4875,Kar PLC Restaurant,Vedant Gola,49,Punjabi,09:00:00,23:30:00,3.3,474,19.51,0
4876,Dey-Walla Restaurant,Neelima Sha,45,North Indian,10:00:00,22:00:00,4.8,478,28.64,1
4877,Gill Group Restaurant,Triya Lad,20,Mughlai,09:00:00,23:30:00,3.9,4248,20.38,1
4878,"Nagi, Gandhi and Grewal Restaurant",Qasim Sachdeva,39,Biryani,08:00:00,23:30:00,4.6,1251,19.06,1
4879,Kuruvilla-Mitra Restaurant,Yuvraj Sanghvi,41,Gujarati,09:00:00,22:00:00,4.1,879,20.62,0
4880,"Saran, Tripathi and Chowdhury Restaurant",Falan More,35,Chinese,09:00:00,22:00:00,4.7,1558,26.47,0
4881,Kant Inc Restaurant,Aarini Bajwa,28,Street Food,09:00:00,22:00:00,4.2,826,22.57,0
4882,"Venkatesh, Bakshi and Nagi Restaurant",Varenya Chada,24,Pizza,10:00:00,23:00:00,4.4,4344,26.75,0
4883,Nadig-Pall Restaurant,Lipika Ganesan,22,Street Food,09:00:00,23:30:00,3.1,459,29.05,0
4884,Wali-Srinivas Restaurant,Onveer Parekh,37,Burger,10:00:00,23:30:00,4.7,2709,27.67,1
4885,"Chaudhari, Doshi and Babu Restaurant",Madhavi Keer,48,Mughlai,09:00:00,23:00:00,3.2,2793,15.22,1
4886,Ganguly-Dada Restaurant,Pranav Ranganathan,33,Mughlai,09:00:00,23:30:00,4.5,2685,26.06,0
4887,Bajaj-Kalita Restaurant,Ranveer Naik,42,Fast Food,09:00:00,23:00:00,4.4,356,18.56,1
4888,"Mishra, Bora and Wason Restaurant",Parth Nagarajan,2,Biryani,09:00:00,23:30:00,4.9,2859,26.76,0
4889,Suri-Sidhu Restaurant,Tamanna Hayre,24,Desserts,09:00:00,23:30:00,4.0,527,22.62,0
4890,"Parmer, Suresh and Mutti Restaurant",Ekansh Dhingra,43,Chinese,09:00:00,23:00:00,4.6,2477,21.71,1
4891,Seth-Luthra Restaurant,Ethan Bhatt,41,Biryani,09:00:00,23:00:00,3.7,1493,20.55,0
4892,Kalita-Raman Restaurant,Advik Kamdar,9,Italian,10:00:00,23:00:00,3.3,2383,26.05,0
4893,"Wable, Sandal and Divan Restaurant",Maya Sheth,31,Maharashtrian,09:00:00,23:30:00,3.1,4062,15.93,1
4894,Chawla-Chauhan Restaurant,Janya Manne,22,Street Food,09:00:00,23:30:00,5.0,4504,27.48,1
4895,"Dyal, Jha and Johal Restaurant",Akshay Basak,30,Street Food,09:00:00,23:30:00,4.7,884,21.55,0
4896,Rao-Krish Restaurant,Yashoda Dhingra,13,Gujarati,10:00:00,23:00:00,4.6,4022,16.76,1
4897,"Ganesan, Krishnan and Dewan Restaurant",Udant Garg,24,Maharashtrian,08:00:00,23:00:00,4.8,1402,26.65,1
4898,Baral Group Restaurant,Fiyaz Garg,29,Fast Food,10:00:00,23:30:00,4.6,3096,19.52,0
4899,"Sastry, Karpe and Sane Restaurant",Bina Palla,50,Chinese,09:00:00,22:00:00,4.4,3274,20.41,0
4900,Gour Inc Restaurant,Kiaan Ahuja,19,Desserts,09:00:00,22:00:00,4.4,1674,19.14,1
4901,Sen Inc Restaurant,Lakshit Singhal,41,Desserts,08:00:00,22:00:00,3.7,3006,20.05,0
4902,Boase-Sarkar Restaurant,Vrishti Sani,19,Pizza,09:00:00,23:30:00,4.9,2998,28.85,0
4903,Randhawa LLC Restaurant,Naksh Narang,8,Burger,10:00:00,23:30:00,3.4,3075,26.91,1
4904,Narula-Chand Restaurant,Andrew Patla,45,Desserts,09:00:00,23:00:00,4.0,4611,27.31,1
4905,Bali PLC Restaurant,Chavvi Yogi,49,North Indian,09:00:00,23:30:00,4.2,265,22.54,0
4906,Dave-Dave Restaurant,Oscar Johal,19,Italian,08:00:00,23:00:00,3.2,2720,25.21,1
4907,"Batta, Arya and Kadakia Restaurant",Advaith Seth,50,Chinese,08:00:00,23:30:00,4.4,3762,23.75,0
4908,Dayal and Sons Restaurant,Balvan Dube,26,Mughlai,09:00:00,22:00:00,4.6,2007,28.06,1
4909,"Wadhwa, Kashyap and Agate Restaurant",Anita Dhar,3,Mughlai,10:00:00,23:30:00,5.0,4495,20.25,0
4910,"Maharaj, Hora and Shan Restaurant",Samarth Contractor,6,North Indian,09:00:00,23:00:00,4.6,4540,17.95,0
4911,Dhaliwal-Balan Restaurant,Ojasvi Randhawa,6,South Indian,09:00:00,22:00:00,3.3,1345,21.09,0
4912,Dasgupta Group Restaurant,Lekha Sinha,3,Maharashtrian,10:00:00,22:00:00,4.4,1964,25.61,1
4913,"Mody, Andra and Kothari Restaurant",Aarav Kumar,16,Biryani,10:00:00,22:00:00,3.4,39,24.99,0
4914,Mallick-Krishnan Restaurant,Anirudh Ramachandran,35,Mughlai,10:00:00,23:00:00,4.0,534,23.39,0
4915,Sarin Group Restaurant,Ucchal Agrawal,34,Fast Food,09:00:00,23:00:00,4.0,3396,26.59,1
4916,Mani LLC Restaurant,Ayaan Chaudhry,26,Italian,10:00:00,23:00:00,4.8,1126,26.09,0
4917,Chandran-Suri Restaurant,Chandani Dhar,20,Mughlai,10:00:00,22:00:00,3.4,1546,26.14,1
4918,"Sachar, Garde and Varty Restaurant",Kai Merchant,28,Fast Food,09:00:00,23:00:00,3.3,3403,19.6,0
4919,Dani LLC Restaurant,Eesha Badami,17,Biryani,10:00:00,23:30:00,3.4,1383,26.42,1
4920,"Reddy, Sagar and Chaudhary Restaurant",Jason Narayan,27,Italian,09:00:00,23:30:00,4.6,2700,22.77,1
4921,Narula LLC Restaurant,Yash Gaba,29,Desserts,09:00:00,23:00:00,4.2,1402,19.67,1
4922,Bava LLC Restaurant,Tamanna Saxena,43,South Indian,09:00:00,23:00:00,3.8,1799,29.74,1
4923,"Modi, Keer and Palla Restaurant",Dakshesh Mohan,16,South Indian,09:00:00,23:00:00,4.6,3324,19.66,0
4924,Ravel-Ghosh Restaurant,Rushil Patla,13,Maharashtrian,09:00:00,22:00:00,4.9,3123,26.88,0
4925,Chhabra Inc Restaurant,Forum Dutt,36,Maharashtrian,09:00:00,23:00:00,4.5,4846,20.83,1
4926,Nagarajan-Toor Restaurant,Pratyush Sheth,43,Cafe,10:00:00,22:00:00,4.9,1017,24.92,0
4927,Yohannan-Goel Restaurant,Banjeet Kant,9,Maharashtrian,08:00:00,22:00:00,4.3,1137,18.99,1
4928,Saxena LLC Restaurant,Wazir Bahri,9,Chinese,08:00:00,22:00:00,3.9,1907,22.29,1
4929,Parmer-Walla Restaurant,Urishilla Dalal,4,Burger,10:00:00,23:30:00,3.1,4236,21.21,1
4930,"Sankaran, Bir and More Restaurant",Pranav Kannan,46,Street Food,10:00:00,23:00:00,4.0,2023,15.77,1
4931,Narasimhan-Merchant Restaurant,Pratyush Bath,22,Pizza,10:00:00,23:00:00,4.4,2686,25.14,1
4932,Pandit-Ray Restaurant,Ekani Saxena,43,Burger,10:00:00,23:30:00,4.8,3066,27.39,1
4933,Chakrabarti-Chhabra Restaurant,Saumya Kapoor,33,Burger,10:00:00,23:30:00,3.0,2908,20.06,0
4934,Mody LLC Restaurant,Nisha Dhar,26,Gujarati,10:00:00,23:00:00,4.3,2159,24.59,1
4935,Krishna-Nair Restaurant,Gagan Ramachandran,14,Burger,08:00:00,22:00:00,3.9,3031,21.17,1
4936,Parikh PLC Restaurant,Balvan Chopra,28,Pizza,08:00:00,23:00:00,4.6,1474,15.63,1
4937,Ganesh-Golla Restaurant,Samesh Jaggi,10,South Indian,10:00:00,23:30:00,3.9,2068,21.84,0
4938,Vig-Prashad Restaurant,Abhimanyu Varkey,24,Chinese,08:00:00,22:00:00,3.7,4725,16.39,1
4939,Magar Group Restaurant,Ekavir De,43,Gujarati,08:00:00,23:00:00,3.8,849,18.53,1
4940,"Tripathi, Varty and Karan Restaurant",Warhi Mand,36,Pizza,08:00:00,23:30:00,3.2,2175,29.83,0
4941,Cherian-Dada Restaurant,Varenya Date,12,Punjabi,10:00:00,23:30:00,4.7,3917,28.49,1
4942,Cheema-Narasimhan Restaurant,Chanakya Kannan,46,Italian,08:00:00,23:00:00,4.3,410,26.69,0
4943,Verma Ltd Restaurant,Zilmil Pandit,14,Italian,10:00:00,22:00:00,3.0,352,28.8,0
4944,Varghese LLC Restaurant,Yauvani Cheema,48,Desserts,09:00:00,22:00:00,3.1,1257,16.9,0
4945,"Kuruvilla, Keer and Sibal Restaurant",Xavier Behl,34,Fast Food,09:00:00,23:00:00,4.8,2440,23.71,1
4946,"Anand, Agrawal and Singhal Restaurant",Watika Mane,24,Maharashtrian,10:00:00,22:00:00,3.7,1107,22.1,0
4947,"Mishra, Malhotra and Munshi Restaurant",Zayyan Mukherjee,23,Maharashtrian,10:00:00,23:00:00,3.2,946,27.03,0
4948,Choudhary-Bassi Restaurant,Neha Garde,21,Street Food,10:00:00,22:00:00,3.1,71,24.41,1
4949,"Sandhu, Deshmukh and Rajan Restaurant",Bhavani Kata,47,Street Food,10:00:00,23:30:00,3.7,1829,15.6,0
4950,Seth-Pant Restaurant,Mahika Balasubramanian,1,Maharashtrian,08:00:00,22:00:00,3.2,4523,23.82,1
4951,"Lad, Krish and Om Restaurant",Zaitra Narayan,22,Cafe,08:00:00,23:00:00,3.2,3681,18.59,0
4952,"Bhagat, Shere and Sanghvi Restaurant",Yashawini Murthy,3,Fast Food,08:00:00,22:00:00,4.2,3652,19.23,0
4953,Tripathi-Kapoor Restaurant,Forum Saha,12,Burger,09:00:00,23:00:00,3.7,374,17.63,0
4954,"Bora, Radhakrishnan and Sood Restaurant",Tejas Mohan,26,South Indian,09:00:00,23:00:00,3.7,201,21.28,0
4955,"Barad, Suresh and Kade Restaurant",Saanvi Chaudhari,17,Biryani,09:00:00,23:00:00,3.7,3468,21.85,0
4956,"Shukla, Shroff and Rama Restaurant",Reyansh Mutti,4,Gujarati,08:00:00,23:00:00,4.3,3895,26.21,0
4957,"Bal, Agate and Swamy Restaurant",Lipika Dugar,30,Punjabi,09:00:00,22:00:00,3.0,2938,28.55,1
4958,Halder and Sons Restaurant,Barkha Arya,36,Biryani,08:00:00,23:00:00,4.2,2634,21.94,0
4959,Gulati Group Restaurant,Kalpit Nath,50,South Indian,08:00:00,22:00:00,4.4,768,27.74,1
4960,"Bassi, Grover and Kapur Restaurant",Lakshit Ramaswamy,45,Maharashtrian,08:00:00,22:00:00,4.9,3009,26.99,0
4961,Hayre-Dutt Restaurant,Wazir Murthy,37,Cafe,08:00:00,23:30:00,4.8,156,24.44,1
4962,"Narayanan, Dani and Mane Restaurant",Nachiket Lala,18,Mughlai,09:00:00,23:30:00,4.2,2638,29.52,1
4963,"Bera, Guha and Dey Restaurant",Yatan Loyal,22,Biryani,08:00:00,23:00:00,4.2,1562,17.18,0
4964,Sur-Borde Restaurant,Panini Narayan,46,Mughlai,08:00:00,22:00:00,3.3,1467,20.94,1
4965,Kibe Ltd Restaurant,Dipta Pillai,27,Punjabi,10:00:00,23:00:00,4.3,2730,26.09,0
4966,Seth-Barman Restaurant,Balhaar Baria,10,Punjabi,08:00:00,23:00:00,3.1,550,19.84,1
4967,Comar-Singhal Restaurant,Ethan Hayer,35,Mughlai,08:00:00,23:00:00,3.2,4990,18.32,1
4968,More-Lanka Restaurant,Anusha Singhal,26,Cafe,09:00:00,23:30:00,3.5,3433,18.05,0
4969,Choudhry-Dutta Restaurant,Zaid Chander,1,Pizza,09:00:00,23:30:00,4.5,2499,17.9,0
4970,"Divan, Sridhar and Atwal Restaurant",Ekta Balan,1,Maharashtrian,10:00:00,23:00:00,3.2,2178,18.5,1
4971,Ravel-Chauhan Restaurant,Om Doctor,3,Gujarati,10:00:00,22:00:00,3.2,3808,15.16,1
4972,"Khalsa, Bala and Patla Restaurant",Chaman Mander,29,North Indian,08:00:00,22:00:00,3.7,1409,23.28,0
4973,Pandit-Kothari Restaurant,Aahana Prabhakar,14,Street Food,10:00:00,23:30:00,4.5,778,21.74,1
4974,Naik-Oak Restaurant,Charan Date,25,Mughlai,08:00:00,23:00:00,3.8,3660,20.62,1
4975,Kala-Natarajan Restaurant,Abeer Tata,39,South Indian,09:00:00,23:30:00,3.5,4630,18.58,0
4976,Sur-Yohannan Restaurant,Tarak Kata,4,Gujarati,09:00:00,23:30:00,3.7,4850,16.26,1
4977,"Devan, Sura and Rout Restaurant",David Lall,39,Cafe,10:00:00,22:00:00,3.5,623,22.32,0
4978,"Roy, Banik and Balakrishnan Restaurant",Yash Ratta,25,Fast Food,10:00:00,23:00:00,3.1,4952,25.7,1
4979,"Purohit, Dhar and Samra Restaurant",Qarin Gour,47,Fast Food,08:00:00,23:00:00,3.7,2444,28.92,1
4980,Bhatia PLC Restaurant,Kavya Nazareth,10,Punjabi,09:00:00,23:30:00,3.4,3039,22.01,1
4981,"Bajaj, Rattan and Chawla Restaurant",Baljiwan Sankaran,25,Desserts,09:00:00,22:00:00,4.2,3230,17.7,0
4982,"Shere, Bajwa and Bhavsar Restaurant",Hritik Gera,31,Mughlai,10:00:00,23:00:00,3.9,1513,21.75,0
4983,Bhalla and Sons Restaurant,Zayyan More,27,North Indian,08:00:00,23:30:00,4.3,551,16.82,1
4984,"Bali, Shankar and Sarin Restaurant",Nihal Contractor,33,Desserts,08:00:00,23:30:00,3.2,4987,28.29,0
4985,Gopal-Borah Restaurant,Wazir Kashyap,28,Desserts,08:00:00,23:30:00,4.3,4849,19.18,0
4986,"Bora, Dugar and Purohit Restaurant",Isaiah Agate,36,South Indian,10:00:00,23:00:00,3.1,1628,29.92,1
4987,Kapur-Bakshi Restaurant,Frederick Dutta,45,Burger,10:00:00,22:00:00,4.1,2843,28.94,1
4988,Sahni Inc Restaurant,Jeremiah Dhillon,30,Desserts,09:00:00,23:00:00,4.6,713,19.16,1
4989,"Kaul, Sheth and Saxena Restaurant",Qabil Setty,9,Punjabi,09:00:00,23:30:00,3.3,843,16.58,1
4990,Mutti LLC Restaurant,Vritti Wason,28,Gujarati,10:00:00,23:30:00,4.2,3306,19.59,0
4991,Ganesan-Dhillon Restaurant,Mugdha Hari,32,Biryani,08:00:00,23:30:00,3.6,4891,20.43,0
4992,Dutt Ltd Restaurant,Fariq Ganesh,38,Desserts,08:00:00,22:00:00,3.1,1004,29.56,1
4993,Bera-Manne Restaurant,Ojasvi Saini,26,Italian,10:00:00,23:30:00,4.9,3784,26.96,0
4994,Thakur-Naik Restaurant,Anika Swaminathan,23,North Indian,08:00:00,23:00:00,3.7,3496,22.0,1
4995,Arya-Saha Restaurant,Pooja Lanka,47,Mughlai,09:00:00,23:30:00,3.9,2994,23.12,0
4996,Dugal-Kurian Restaurant,Peter Pathak,47,South Indian,09:00:00,23:30:00,4.0,4194,21.74,1
4997,Kalla-Sethi Restaurant,Zashil Singh,32,Biryani,10:00:00,22:00:00,3.7,2748,24.82,1
4998,Yadav-Lal Restaurant,Riya Aggarwal,14,Mughlai,08:00:00,23:00:00,3.8,4760,23.85,0
4999,"Mahajan, Saha and Nadkarni Restaurant",Upadhriti Shanker,12,Pizza,08:00:00,22:00:00,4.7,1659,15.92,1
5000,Saraf Inc Restaurant,Yoshita Tella,17,Burger,10:00:00,23:30:00,3.2,3145,27.15,0
